📁 Loaded progress: 60 completed, 0 failed
🚀 Starting upload process for 2577 images
📊 Already completed: 60
❌ Previously failed: 0
⏳ Remaining: 2517

📤 Uploading [61/2577]: images/23/no23-DSC_7123.JPG
   📁 File size: 10699KB, Attempt: 1/3
✅ Uploaded successfully: tatebayashi_stones_62_1749820918231_jd1lq3

📤 Uploading [62/2577]: images/231/no231.JPG
   📁 File size: 4027KB, Attempt: 1/3
✅ Uploaded successfully: tatebayashi_stones_63_1749820930605_11acmr

📤 Uploading [63/2577]: images/237/no237.JPG
   📁 File size: 4286KB, Attempt: 1/3
✅ Uploaded successfully: tatebayashi_stones_64_1749820937613_tm77r

📤 Uploading [64/2577]: images/238/no238.JPG
   📁 File size: 941KB, Attempt: 1/3
✅ Uploaded successfully: tatebayashi_stones_65_1749820944394_xu7h59

📤 Uploading [65/2577]: images/239/no239.JPG
   📁 File size: 887KB, Attempt: 1/3
✅ Uploaded successfully: tatebayashi_stones_66_1749820948543_t6yx7o
💾 Progress saved (65/2577 completed)

📤 Uploading [66/2577]: images/241/no241-DSC_7175.JPG
   📁 File size: 11295KB, Attempt: 1/3
✅ Uploaded successfully: tatebayashi_stones_67_1749820952889_49kxl

📤 Uploading [67/2577]: images/242/no242-DSC_7141.JPG
   📁 File size: 12452KB, Attempt: 1/3
✅ Uploaded successfully: tatebayashi_stones_68_1749820967964_3gvh1

📤 Uploading [68/2577]: images/243/no243-DSC_7176.JPG
   📁 File size: 10381KB, Attempt: 1/3
✅ Uploaded successfully: tatebayashi_stones_69_1749820978967_rpnc5u

📤 Uploading [69/2577]: images/248/no248-DSC_7163.JPG
   📁 File size: 12430KB, Attempt: 1/3
✅ Uploaded successfully: tatebayashi_stones_70_1749820988585_zlo2n

📤 Uploading [70/2577]: images/249/no249.JPG
   📁 File size: 4141KB, Attempt: 1/3
✅ Uploaded successfully: tatebayashi_stones_71_1749821003412_y2zl9s
💾 Progress saved (70/2577 completed)

📤 Uploading [71/2577]: images/25/no25.JPG
   📁 File size: 4661KB, Attempt: 1/3
   ⚠️  Attempt 1 failed: timeout of 120000ms exceeded
   ⏳ Retrying in 2 seconds...
   📁 File size: 4661KB, Attempt: 2/3
   ⚠️  Attempt 2 failed: timeout of 120000ms exceeded
   ⏳ Retrying in 4 seconds...
   📁 File size: 4661KB, Attempt: 3/3
   ⚠️  Attempt 3 failed: timeout of 120000ms exceeded
❌ Upload failed: timeout of 120000ms exceeded

📤 Uploading [72/2577]: images/256/no256-DSC_7083.JPG
   📁 File size: 11555KB, Attempt: 1/3
   ⚠️  Attempt 1 failed: timeout of 120000ms exceeded
   ⏳ Retrying in 2 seconds...
   📁 File size: 11555KB, Attempt: 2/3
✅ Uploaded successfully: tatebayashi_stones_73_1749821378437_sdzimv

📤 Uploading [73/2577]: images/258/no258-DSC_7145.JPG
   📁 File size: 11450KB, Attempt: 1/3
✅ Uploaded successfully: tatebayashi_stones_74_1749821509789_f78gh

📤 Uploading [74/2577]: images/26/no26.JPG
   📁 File size: 4846KB, Attempt: 1/3
✅ Uploaded successfully: tatebayashi_stones_75_1749821520277_dk6k1d

📤 Uploading [75/2577]: images/260/no260-DSC_7125.JPG
   📁 File size: 11089KB, Attempt: 1/3
✅ Uploaded successfully: tatebayashi_stones_76_1749821526723_kg20yr
💾 Progress saved (74/2577 completed)

📤 Uploading [76/2577]: images/28/no28.JPG
   📁 File size: 5598KB, Attempt: 1/3
✅ Uploaded successfully: tatebayashi_stones_78_1749821534293_7t71sl

📤 Uploading [77/2577]: images/3/no3.JPG
   📁 File size: 4482KB, Attempt: 1/3
✅ Uploaded successfully: tatebayashi_stones_79_1749821543349_89xoxh

📤 Uploading [78/2577]: images/35/no35.JPG
   📁 File size: 3406KB, Attempt: 1/3
✅ Uploaded successfully: tatebayashi_stones_80_1749821548466_f1cwhp

📤 Uploading [79/2577]: images/4/no4.JPG
   📁 File size: 4298KB, Attempt: 1/3
✅ Uploaded successfully: tatebayashi_stones_81_1749821553666_8h4j59

📤 Uploading [80/2577]: images/43/no43.JPG
   📁 File size: 3877KB, Attempt: 1/3
✅ Uploaded successfully: tatebayashi_stones_82_1749821559328_qrtzqg
💾 Progress saved (79/2577 completed)

📤 Uploading [81/2577]: images/44/no44-DSC_7174.JPG
   📁 File size: 12991KB, Attempt: 1/3
✅ Uploaded successfully: tatebayashi_stones_83_1749821564373_l15319

📤 Uploading [82/2577]: images/45/no45-DSC_7173.JPG
   📁 File size: 12716KB, Attempt: 1/3
✅ Uploaded successfully: tatebayashi_stones_84_1749821573368_b8sf7l

📤 Uploading [83/2577]: images/46/no46-DSC_7181.JPG
   📁 File size: 11598KB, Attempt: 1/3
✅ Uploaded successfully: tatebayashi_stones_85_1749821581710_or56hj

📤 Uploading [84/2577]: images/47/no47-DSC_7180.JPG
   📁 File size: 11482KB, Attempt: 1/3
   ⚠️  Attempt 1 failed: timeout of 120000ms exceeded
   ⏳ Retrying in 2 seconds...
   📁 File size: 11482KB, Attempt: 2/3
   ⚠️  Attempt 2 failed: timeout of 120000ms exceeded
   ⏳ Retrying in 4 seconds...
   📁 File size: 11482KB, Attempt: 3/3
   ⚠️  Attempt 3 failed: Request failed with status code 409
❌ Upload failed: Request failed with status code 409

📤 Uploading [85/2577]: images/48/no48-DSC_7119.JPG
   📁 File size: 10480KB, Attempt: 1/3
✅ Uploaded successfully: tatebayashi_stones_87_1749821866788_bmxibd
💾 Progress saved (83/2577 completed)

📤 Uploading [86/2577]: images/49/no49-DSC_7115.JPG
   📁 File size: 12301KB, Attempt: 1/3
✅ Uploaded successfully: tatebayashi_stones_88_1749821877378_aa0n9

📤 Uploading [87/2577]: images/5/no5.JPG
   📁 File size: 3063KB, Attempt: 1/3
✅ Uploaded successfully: tatebayashi_stones_89_1749821886209_2rkxkrl

📤 Uploading [88/2577]: images/50/no50-DSC_7109.JPG
   📁 File size: 10074KB, Attempt: 1/3
✅ Uploaded successfully: tatebayashi_stones_90_1749821891438_0qjzr6

📤 Uploading [89/2577]: images/51/no51-DSC_7106.JPG
   📁 File size: 10108KB, Attempt: 1/3
✅ Uploaded successfully: tatebayashi_stones_91_1749821902781_6e7w95

📤 Uploading [90/2577]: images/52/no52-DSC_7114.JPG
   📁 File size: 10532KB, Attempt: 1/3
✅ Uploaded successfully: tatebayashi_stones_92_1749821911331_0yq7o
💾 Progress saved (88/2577 completed)

📤 Uploading [91/2577]: images/53/no53-DSC_7110.JPG
   📁 File size: 10547KB, Attempt: 1/3
✅ Uploaded successfully: tatebayashi_stones_93_1749821919625_grbis9

📤 Uploading [92/2577]: images/54/no54-DSC_7104.JPG
   📁 File size: 9921KB, Attempt: 1/3
✅ Uploaded successfully: tatebayashi_stones_94_1749821927585_t59yqp

📤 Uploading [93/2577]: images/55/no55-DSC_7105.JPG
   📁 File size: 10356KB, Attempt: 1/3
✅ Uploaded successfully: tatebayashi_stones_95_1749821936819_06ihkd

📤 Uploading [94/2577]: images/56/no56-DSC_7120.JPG
   📁 File size: 9392KB, Attempt: 1/3
✅ Uploaded successfully: tatebayashi_stones_96_1749821949605_iewj2q

📤 Uploading [95/2577]: images/57/no57-DSC_7118.JPG
   📁 File size: 11508KB, Attempt: 1/3
✅ Uploaded successfully: tatebayashi_stones_97_1749821959289_47is1
💾 Progress saved (93/2577 completed)

📤 Uploading [96/2577]: images/58/no58-DSC_7088.JPG
   📁 File size: 11709KB, Attempt: 1/3
✅ Uploaded successfully: tatebayashi_stones_98_1749821970223_3rpw3u

📤 Uploading [97/2577]: images/59/no59-DSC_7091.JPG
   📁 File size: 9169KB, Attempt: 1/3
✅ Uploaded successfully: tatebayashi_stones_99_1749821992486_4t8d9o

📤 Uploading [98/2577]: images/6/no6.JPG
   📁 File size: 4145KB, Attempt: 1/3
✅ Uploaded successfully: tatebayashi_stones_100_1749822003944_e61z6m

📤 Uploading [99/2577]: images/60/no60-DSC_7092.JPG
   📁 File size: 8760KB, Attempt: 1/3
✅ Uploaded successfully: tatebayashi_stones_101_1749822008964_ooa45c

📤 Uploading [100/2577]: images/61/no61-DSC_7090.JPG
   📁 File size: 12826KB, Attempt: 1/3
✅ Uploaded successfully: tatebayashi_stones_102_1749822028320_hfaxq
💾 Progress saved (98/2577 completed)

📤 Uploading [101/2577]: images/62/no62-DSC_7093.JPG
   📁 File size: 8327KB, Attempt: 1/3
✅ Uploaded successfully: tatebayashi_stones_103_1749822046880_kjzfs9

📤 Uploading [102/2577]: images/64/no64-DSC_7085.JPG
   📁 File size: 11697KB, Attempt: 1/3
✅ Uploaded successfully: tatebayashi_stones_104_1749822056193_v4t3qu

📤 Uploading [103/2577]: images/7/no7-DSC_7169.JPG
   📁 File size: 11934KB, Attempt: 1/3
✅ Uploaded successfully: tatebayashi_stones_105_1749822067880_lg0hcl

📤 Uploading [104/2577]: images/74/no74-DSC_7142.JPG
   📁 File size: 12901KB, Attempt: 1/3
✅ Uploaded successfully: tatebayashi_stones_106_1749822081507_9rwd8v

📤 Uploading [105/2577]: images/2049/no79.JPG
   📁 File size: 4400KB, Attempt: 1/3
✅ Uploaded successfully: tatebayashi_stones_108_1749822093981_urh98
💾 Progress saved (103/2577 completed)

📤 Uploading [106/2577]: images/8/no8-DSC_7168.JPG
   📁 File size: 10094KB, Attempt: 1/3
✅ Uploaded successfully: tatebayashi_stones_109_1749822098975_dhw0z5

📤 Uploading [107/2577]: images/80/no80-DSC_7148.JPG
   📁 File size: 10651KB, Attempt: 1/3
✅ Uploaded successfully: tatebayashi_stones_110_1749822109389_5o90q

📤 Uploading [108/2577]: images/81/no81.JPG
   📁 File size: 4584KB, Attempt: 1/3
✅ Uploaded successfully: tatebayashi_stones_111_1749822116656_9382wj

📤 Uploading [109/2577]: images/82/no82-DSC_7149.JPG
   📁 File size: 10677KB, Attempt: 1/3
✅ Uploaded successfully: tatebayashi_stones_112_1749822122470_kk6nsl

📤 Uploading [110/2577]: images/83/no83.JPG
   📁 File size: 3744KB, Attempt: 1/3
✅ Uploaded successfully: tatebayashi_stones_113_1749822131081_pcsq3
💾 Progress saved (108/2577 completed)

📤 Uploading [111/2577]: images/84/no84.JPG
   📁 File size: 4166KB, Attempt: 1/3
✅ Uploaded successfully: tatebayashi_stones_114_1749822136583_j3q19h

📤 Uploading [112/2577]: images/87/no87-DSC_7147.JPG
   📁 File size: 10728KB, Attempt: 1/3
✅ Uploaded successfully: tatebayashi_stones_115_1749822142011_koekm

📤 Uploading [113/2577]: images/88/no88.JPG
   📁 File size: 4077KB, Attempt: 1/3
✅ Uploaded successfully: tatebayashi_stones_116_1749822150464_5wahyr

📤 Uploading [114/2577]: images/89/no89-DSC_7144.JPG
   📁 File size: 8766KB, Attempt: 1/3
✅ Uploaded successfully: tatebayashi_stones_117_1749822156368_w9mscb

📤 Uploading [115/2577]: images/9/no9-DSC_7167.JPG
   📁 File size: 9612KB, Attempt: 1/3
✅ Uploaded successfully: tatebayashi_stones_118_1749822163579_sgap4j
💾 Progress saved (113/2577 completed)

📤 Uploading [116/2577]: images/96/no96-DSC_7139.JPG
   📁 File size: 9613KB, Attempt: 1/3
✅ Uploaded successfully: tatebayashi_stones_119_1749822171677_ufawiw

📤 Uploading [117/2577]: images/98/no98-DSC_7182.JPG
   📁 File size: 10948KB, Attempt: 1/3
✅ Uploaded successfully: tatebayashi_stones_120_1749822179388_a40h4o

📤 Uploading [118/2577]: images/99/no99.JPG
   📁 File size: 3928KB, Attempt: 1/3
✅ Uploaded successfully: tatebayashi_stones_121_1749822186159_4aoh2i

📤 Uploading [119/2577]: images/1235/yamada_fujiyama_seimen.jpg
   📁 File size: 4002KB, Attempt: 1/3
✅ Uploaded successfully: tatebayashi_stones_122_1749822191461_d4k6p

📤 Uploading [120/2577]: images/1235/yamada_fujiyama_seimen_left.jpg
   📁 File size: 3529KB, Attempt: 1/3
✅ Uploaded successfully: tatebayashi_stones_123_1749822196832_bz103
💾 Progress saved (118/2577 completed)

📤 Uploading [121/2577]: images/1235/yamada_fujiyama_seimen_right.jpg
   📁 File size: 3952KB, Attempt: 1/3
✅ Uploaded successfully: tatebayashi_stones_124_1749822203155_lwxqmc

📤 Uploading [122/2577]: images/1184/nakajima_jizo.jpg
   📁 File size: 3545KB, Attempt: 1/3
✅ Uploaded successfully: tatebayashi_stones_125_1749822209426_p0vrq9

📤 Uploading [123/2577]: images/1184/nakajima_jizo_base.jpg
   📁 File size: 2890KB, Attempt: 1/3
✅ Uploaded successfully: tatebayashi_stones_126_1749822238017_deghnb

📤 Uploading [124/2577]: images/1314/shimoshinden_19ya.jpg
   📁 File size: 6387KB, Attempt: 1/3
✅ Uploaded successfully: tatebayashi_stones_127_1749822242933_dwmpkm

📤 Uploading [125/2577]: images/1326/nakajima_23ya.jpg
   📁 File size: 3812KB, Attempt: 1/3
✅ Uploaded successfully: tatebayashi_stones_128_1749822268056_ryb7i
💾 Progress saved (123/2577 completed)

📤 Uploading [126/2577]: images/1225/nakajima_seimenkongo.jpg
   📁 File size: 4646KB, Attempt: 1/3
✅ Uploaded successfully: tatebayashi_stones_129_1749822273289_6d3oe8

📤 Uploading [127/2577]: images/1225/nakajima_seimenkongo_2020.jpg
   📁 File size: 2843KB, Attempt: 1/3
✅ Uploaded successfully: tatebayashi_stones_130_1749822279033_k629m

📤 Uploading [128/2577]: images/1189/shimoshinden_jizo.jpg
   📁 File size: 6557KB, Attempt: 1/3
✅ Uploaded successfully: tatebayashi_stones_131_1749822284565_wj9kh9

📤 Uploading [129/2577]: images/1278/temp_yamada_bato_1.jpg
   📁 File size: 3204KB, Attempt: 1/3
✅ Uploaded successfully: tatebayashi_stones_132_1749822292128_6oghun

📤 Uploading [130/2577]: images/1281/yamada_bato_statue.jpg
   📁 File size: 3675KB, Attempt: 1/3
✅ Uploaded successfully: tatebayashi_stones_133_1749822297742_4nqzl
💾 Progress saved (128/2577 completed)

📤 Uploading [131/2577]: images/1282/temp_yamada_bato_2.jpg
   📁 File size: 4095KB, Attempt: 1/3
✅ Uploaded successfully: tatebayashi_stones_134_1749822304001_fppn7s

📤 Uploading [132/2577]: images/1283/yamada_taisho14_bato.jpg
   📁 File size: 3942KB, Attempt: 1/3
✅ Uploaded successfully: tatebayashi_stones_135_1749822309033_f9mpl

📤 Uploading [133/2577]: images/1284/yamada_showa2_bato.jpg
   📁 File size: 3612KB, Attempt: 1/3
✅ Uploaded successfully: tatebayashi_stones_136_1749822313984_xqrj4j

📤 Uploading [134/2577]: images/1229/shimoshinden_4stones.jpg
   📁 File size: 6377KB, Attempt: 1/3
✅ Uploaded successfully: tatebayashi_stones_137_1749822318316_w35h2

📤 Uploading [135/2577]: images/1229/shimoshinden_meiwa_koshin.jpg
   📁 File size: 5721KB, Attempt: 1/3
✅ Uploaded successfully: tatebayashi_stones_138_1749822324470_c5de8r
💾 Progress saved (133/2577 completed)

📤 Uploading [136/2577]: images/1230/shimoshinden_4stones.jpg
   📁 File size: 6377KB, Attempt: 1/3
✅ Uploaded successfully: tatebayashi_stones_139_1749822330085_cl1sz8

📤 Uploading [137/2577]: images/1230/shimoshinden_kyoho_koshin.jpg
   📁 File size: 5248KB, Attempt: 1/3
✅ Uploaded successfully: tatebayashi_stones_140_1749822335470_fpzk1

📤 Uploading [138/2577]: images/1231/shimoshinden_4stones.jpg
   📁 File size: 6377KB, Attempt: 1/3
✅ Uploaded successfully: tatebayashi_stones_141_1749822340643_5rzqbi

📤 Uploading [139/2577]: images/1231/shimoshinden_hoei_koshin.jpg
   📁 File size: 5480KB, Attempt: 1/3
✅ Uploaded successfully: tatebayashi_stones_142_1749822359835_p216ow

📤 Uploading [140/2577]: images/1232/shimoshinden_4stones.jpg
   📁 File size: 6377KB, Attempt: 1/3
✅ Uploaded successfully: tatebayashi_stones_143_1749822367235_2zt3ag
💾 Progress saved (138/2577 completed)

📤 Uploading [141/2577]: images/1232/shimoshinden_kansei_koshin.jpg
   📁 File size: 3757KB, Attempt: 1/3
✅ Uploaded successfully: tatebayashi_stones_144_1749822373911_hs0jc

📤 Uploading [142/2577]: images/1232/shimoshinden_kansei_koshin_left.jpg
   📁 File size: 4843KB, Attempt: 1/3
✅ Uploaded successfully: tatebayashi_stones_145_1749822382978_3i27v2

📤 Uploading [143/2577]: images/1232/shimoshinden_kansei_right.jpg
   📁 File size: 4636KB, Attempt: 1/3
✅ Uploaded successfully: tatebayashi_stones_146_1749822389005_44vat

📤 Uploading [144/2577]: images/1367/nakashinden_dohyo_east.jpg
   📁 File size: 4902KB, Attempt: 1/3
✅ Uploaded successfully: tatebayashi_stones_147_1749822394701_w8onqw

📤 Uploading [145/2577]: images/1367/nakashinden_dohyo_north.jpg
   📁 File size: 4087KB, Attempt: 1/3
✅ Uploaded successfully: tatebayashi_stones_148_1749822400135_b2et2
💾 Progress saved (143/2577 completed)

📤 Uploading [146/2577]: images/1367/nakashinden_dohyo_south.jpg
   📁 File size: 5721KB, Attempt: 1/3
✅ Uploaded successfully: tatebayashi_stones_149_1749822408632_t5l6te

📤 Uploading [147/2577]: images/1221/nakashinden_shotoku_koshin.jpg
   📁 File size: 4213KB, Attempt: 1/3
✅ Uploaded successfully: tatebayashi_stones_150_1749822423572_i7dwb6

📤 Uploading [148/2577]: images/1222/nakashinden_manen_koshin.jpg
   📁 File size: 4545KB, Attempt: 1/3
✅ Uploaded successfully: tatebayashi_stones_151_1749822428635_iracdo

📤 Uploading [149/2577]: images/1277/nakashinden_tabei_bato_statue.jpg
   📁 File size: 5027KB, Attempt: 1/3
✅ Uploaded successfully: tatebayashi_stones_152_1749822436583_ga9tgl

📤 Uploading [150/2577]: images/1218/obayashi_koshin_2018.jpg
   📁 File size: 6029KB, Attempt: 1/3
✅ Uploaded successfully: tatebayashi_stones_153_1749822448673_qcgdci
💾 Progress saved (148/2577 completed)

📤 Uploading [151/2577]: images/1218/obayashi_koshin_2019.jpg
   📁 File size: 4678KB, Attempt: 1/3
✅ Uploaded successfully: tatebayashi_stones_154_1749822454201_gm9lr

📤 Uploading [152/2577]: images/1325/nakashinden_23ya.jpg
   📁 File size: 4885KB, Attempt: 1/3
✅ Uploaded successfully: tatebayashi_stones_155_1749822459700_qrmoum

📤 Uploading [153/2577]: images/1385/nakashinden_myogo.jpg
   📁 File size: 4546KB, Attempt: 1/3
✅ Uploaded successfully: tatebayashi_stones_156_1749822466181_4s6yf4

📤 Uploading [154/2577]: images/1188/yamajinja_jizo.jpg
   📁 File size: 4828KB, Attempt: 1/3
✅ Uploaded successfully: tatebayashi_stones_157_1749822471463_7sp25a

📤 Uploading [155/2577]: images/1188/yamajinja_jizo_back.jpg
   📁 File size: 5158KB, Attempt: 1/3
✅ Uploaded successfully: tatebayashi_stones_158_1749822476082_h51ag
💾 Progress saved (153/2577 completed)

📤 Uploading [156/2577]: images/1188/yamajinja_jizo_lefttop.jpg
   📁 File size: 2958KB, Attempt: 1/3
✅ Uploaded successfully: tatebayashi_stones_159_1749822482631_xwbled

📤 Uploading [157/2577]: images/1188/yamajinja_jizo_righttop.jpg
   📁 File size: 3873KB, Attempt: 1/3
✅ Uploaded successfully: tatebayashi_stones_160_1749822486593_8vsuf

📤 Uploading [158/2577]: images/1834/obayashi_bato_kameda.jpg
   📁 File size: 5662KB, Attempt: 1/3
✅ Uploaded successfully: tatebayashi_stones_161_1749822491306_nv8zff

📤 Uploading [159/2577]: images/1209/jinya_jizo.jpg
   📁 File size: 6305KB, Attempt: 1/3
✅ Uploaded successfully: tatebayashi_stones_162_1749822498438_k8djxo

📤 Uploading [160/2577]: images/1253/kamishinden_zo_koshin.jpg
   📁 File size: 5142KB, Attempt: 1/3
✅ Uploaded successfully: tatebayashi_stones_163_1749822504546_9hhmz
💾 Progress saved (158/2577 completed)

📤 Uploading [161/2577]: images/1253/kamishinden_zo_koshin_back.jpg
   📁 File size: 5002KB, Attempt: 1/3
✅ Uploaded successfully: tatebayashi_stones_164_1749822515740_m3olx

📤 Uploading [162/2577]: images/1206/shimoshigara_standing_jizo.jpg
   📁 File size: 5226KB, Attempt: 1/3
✅ Uploaded successfully: tatebayashi_stones_165_1749822520578_zdr84e

📤 Uploading [163/2577]: images/1207/shimoshigara_sitting_jizo.jpg
   📁 File size: 4922KB, Attempt: 1/3
✅ Uploaded successfully: tatebayashi_stones_166_1749822527625_qb881

📤 Uploading [164/2577]: images/1207/shimoshigara_sitting_jizo_back.jpg
   📁 File size: 6070KB, Attempt: 1/3
✅ Uploaded successfully: tatebayashi_stones_167_1749822532273_l6u024

📤 Uploading [165/2577]: images/1256/kusunoki_2_koshin.jpg
   📁 File size: 5502KB, Attempt: 1/3
✅ Uploaded successfully: tatebayashi_stones_168_1749822538108_kirwcw
💾 Progress saved (163/2577 completed)

📤 Uploading [166/2577]: images/1256/kusunoki_zo_koshin.jpg
   📁 File size: 4757KB, Attempt: 1/3
✅ Uploaded successfully: tatebayashi_stones_169_1749822543527_jkl7u

📤 Uploading [167/2577]: images/1256/kusunoki_zo_koshin_back.jpg
   📁 File size: 5362KB, Attempt: 1/3
✅ Uploaded successfully: tatebayashi_stones_170_1749822550321_iqzbgg

📤 Uploading [168/2577]: images/1257/kusunoki_2_koshin.jpg
   📁 File size: 5502KB, Attempt: 1/3
✅ Uploaded successfully: tatebayashi_stones_171_1749822556479_l0rqgh

📤 Uploading [169/2577]: images/1257/kusunoki_moji_koshin.jpg
   📁 File size: 4754KB, Attempt: 1/3
✅ Uploaded successfully: tatebayashi_stones_172_1749822561972_7wyvjl

📤 Uploading [170/2577]: images/1257/kusunoki_moji_koshin_back.jpg
   📁 File size: 5241KB, Attempt: 1/3
✅ Uploaded successfully: tatebayashi_stones_173_1749822567194_vti1f
💾 Progress saved (168/2577 completed)

📤 Uploading [171/2577]: images/1252/kamishinden_koshin.jpg
   📁 File size: 5418KB, Attempt: 1/3
✅ Uploaded successfully: tatebayashi_stones_174_1749822571714_53hnk

📤 Uploading [172/2577]: images/1379/tachiba_yudonoyama.jpg
   📁 File size: 5413KB, Attempt: 1/3
✅ Uploaded successfully: tatebayashi_stones_175_1749822577084_cg5d

📤 Uploading [173/2577]: images/1379/tachiba_yudonoyama_back.jpg
   📁 File size: 5431KB, Attempt: 1/3
✅ Uploaded successfully: tatebayashi_stones_176_1749822586737_btf9pe

📤 Uploading [174/2577]: images/1383/tachiba_fudo_myogo.jpg
   📁 File size: 5865KB, Attempt: 1/3
✅ Uploaded successfully: tatebayashi_stones_177_1749822593115_z93nlm

📤 Uploading [175/2577]: images/1383/tachiba_fudo_myogo_back.jpg
   📁 File size: 4881KB, Attempt: 1/3
✅ Uploaded successfully: tatebayashi_stones_178_1749822600587_qqhben
💾 Progress saved (173/2577 completed)

📤 Uploading [176/2577]: images/1384/tachiba_nyoirin_myogo.jpg
   📁 File size: 5238KB, Attempt: 1/3
✅ Uploaded successfully: tatebayashi_stones_179_1749822607737_ke2uhb

📤 Uploading [177/2577]: images/1384/tachiba_nyoirin_myogo_back.jpg
   📁 File size: 6105KB, Attempt: 1/3
✅ Uploaded successfully: tatebayashi_stones_180_1749822614741_qegfok

📤 Uploading [178/2577]: images/1384/tachiba_nyoirin_myogo_base_left.jpg
   📁 File size: 5132KB, Attempt: 1/3
✅ Uploaded successfully: tatebayashi_stones_181_1749822654653_5upixer

📤 Uploading [179/2577]: images/1384/tachiba_nyoirin_myogo_base_right.jpg
   📁 File size: 5131KB, Attempt: 1/3
✅ Uploaded successfully: tatebayashi_stones_182_1749822660716_pn2ub

📤 Uploading [180/2577]: images/1378/tachiba_dewa3zan.jpg
   📁 File size: 5119KB, Attempt: 1/3
✅ Uploaded successfully: tatebayashi_stones_183_1749822666492_7y626
💾 Progress saved (178/2577 completed)

📤 Uploading [181/2577]: images/1378/tachiba_dewa3zan_back.jpg
   📁 File size: 5475KB, Attempt: 1/3
✅ Uploaded successfully: tatebayashi_stones_184_1749822671502_7fvne8

📤 Uploading [182/2577]: images/1203/tachiba_shotoku4_jizo.jpg
   📁 File size: 4955KB, Attempt: 1/3
✅ Uploaded successfully: tatebayashi_stones_185_1749822677625_0men7b

📤 Uploading [183/2577]: images/1203/tachiba_shotoku4_jizo_back.jpg
   📁 File size: 5480KB, Attempt: 1/3
✅ Uploaded successfully: tatebayashi_stones_186_1749822683077_ma3br

📤 Uploading [184/2577]: images/1204/tachiba_shotoku5_jizo.jpg
   📁 File size: 5248KB, Attempt: 1/3
✅ Uploaded successfully: tatebayashi_stones_187_1749822688038_h0e7ww

📤 Uploading [185/2577]: images/1204/tachiba_shotoku5_jizo_back.jpg
   📁 File size: 5469KB, Attempt: 1/3
✅ Uploaded successfully: tatebayashi_stones_188_1749822693445_vnbpti
💾 Progress saved (183/2577 completed)

📤 Uploading [186/2577]: images/1205/tachiba_baby_jizo.jpg
   📁 File size: 5145KB, Attempt: 1/3
✅ Uploaded successfully: tatebayashi_stones_189_1749822700966_jp6k2e

📤 Uploading [187/2577]: images/1205/tachiba_baby_jizo_left.jpg
   📁 File size: 4932KB, Attempt: 1/3
✅ Uploaded successfully: tatebayashi_stones_190_1749822706717_fx5s9i

📤 Uploading [188/2577]: images/1205/tachiba_baby_jizo_right.jpg
   📁 File size: 4859KB, Attempt: 1/3
✅ Uploaded successfully: tatebayashi_stones_191_1749822715265_6vr3y

📤 Uploading [189/2577]: images/1248/tachiba_triangle_koshin.jpg
   📁 File size: 5499KB, Attempt: 1/3
✅ Uploaded successfully: tatebayashi_stones_192_1749822721102_zj7wdq

📤 Uploading [190/2577]: images/1249/tachiba_pillar_koshin.jpg
   📁 File size: 5065KB, Attempt: 1/3
✅ Uploaded successfully: tatebayashi_stones_193_1749822728376_oy7u2a
💾 Progress saved (188/2577 completed)

📤 Uploading [191/2577]: images/1250/tachiba_tricolumn_koshin.jpg
   📁 File size: 3987KB, Attempt: 1/3
✅ Uploaded successfully: tatebayashi_stones_194_1749822733161_5y5xh

📤 Uploading [192/2577]: images/1250/tachiba_tricolumn_koshin_side.jpg
   📁 File size: 4014KB, Attempt: 1/3
✅ Uploaded successfully: tatebayashi_stones_195_1749822738386_8v620k

📤 Uploading [193/2577]: images/1251/tachiba_sword_koshin.jpg
   📁 File size: 5916KB, Attempt: 1/3
✅ Uploaded successfully: tatebayashi_stones_196_1749822743219_otdhyr

📤 Uploading [194/2577]: images/1251/tachiba_sword_koshin_side.jpg
   📁 File size: 4342KB, Attempt: 1/3
✅ Uploaded successfully: tatebayashi_stones_197_1749822748988_z5ytj9

📤 Uploading [195/2577]: images/1293/tachiba_bato.jpg
   📁 File size: 4605KB, Attempt: 1/3
✅ Uploaded successfully: tatebayashi_stones_198_1749822753869_0pqgn
💾 Progress saved (193/2577 completed)

📤 Uploading [196/2577]: images/1247/shimoshigara_koshin.jpg
   📁 File size: 6128KB, Attempt: 1/3
✅ Uploaded successfully: tatebayashi_stones_199_1749822762302_rlai34

📤 Uploading [197/2577]: images/1247/shimoshigara_koshin_back.jpg
   📁 File size: 5823KB, Attempt: 1/3
✅ Uploaded successfully: tatebayashi_stones_200_1749822768836_qvns6p

📤 Uploading [198/2577]: images/1246/obukuro_seimen_kongo_back.jpg
   📁 File size: 5427KB, Attempt: 1/3
✅ Uploaded successfully: tatebayashi_stones_201_1749822774104_oahox

📤 Uploading [199/2577]: images/1246/obukuro_seimen_kongo.jpg
   📁 File size: 5820KB, Attempt: 1/3
✅ Uploaded successfully: tatebayashi_stones_202_1749822780304_x7rz3b

📤 Uploading [200/2577]: images/1197/obukuro_jizo.jpg
   📁 File size: 5237KB, Attempt: 1/3
✅ Uploaded successfully: tatebayashi_stones_203_1749822787726_aorwod
💾 Progress saved (198/2577 completed)

📤 Uploading [201/2577]: images/1197/obukuro_jizo_back.jpg
   📁 File size: 4786KB, Attempt: 1/3
✅ Uploaded successfully: tatebayashi_stones_204_1749822793036_vxfin

📤 Uploading [202/2577]: images/1197/obukuro_koshin_jizo.jpg
   📁 File size: 3886KB, Attempt: 1/3
✅ Uploaded successfully: tatebayashi_stones_205_1749822799184_jr8841

📤 Uploading [203/2577]: images/1292/fujitake_bato.jpg
   📁 File size: 3981KB, Attempt: 1/3
✅ Uploaded successfully: tatebayashi_stones_206_1749822804001_ckb0eh

📤 Uploading [204/2577]: images/1292/fujitake_bato_side.jpg
   📁 File size: 3221KB, Attempt: 1/3
✅ Uploaded successfully: tatebayashi_stones_207_1749822809402_3dmur

📤 Uploading [205/2577]: images/1195/fujitake_jinja_jizo_nohead1.jpg
   📁 File size: 5789KB, Attempt: 1/3
✅ Uploaded successfully: tatebayashi_stones_208_1749822815340_46vqca
💾 Progress saved (203/2577 completed)

📤 Uploading [206/2577]: images/1195/fujitake_jinja_jizo_nohead2.jpg
   📁 File size: 5622KB, Attempt: 1/3
✅ Uploaded successfully: tatebayashi_stones_209_1749822823203_e7jfcxd

📤 Uploading [207/2577]: images/1196/fujitake_jizo_no_head.jpg
   📁 File size: 5073KB, Attempt: 1/3
✅ Uploaded successfully: tatebayashi_stones_210_1749822828563_6ep1yq

📤 Uploading [208/2577]: images/1238/fujitake_shrine_koshin.jpg
   📁 File size: 5291KB, Attempt: 1/3
✅ Uploaded successfully: tatebayashi_stones_211_1749822841260_ks8bv

📤 Uploading [209/2577]: images/1239/fujitake_1zaru_seimen_1.jpg
   📁 File size: 5633KB, Attempt: 1/3
✅ Uploaded successfully: tatebayashi_stones_212_1749822846267_xezr6r

📤 Uploading [210/2577]: images/1239/fujitake_1zaru_seimen_2.jpg
   📁 File size: 5826KB, Attempt: 1/3
✅ Uploaded successfully: tatebayashi_stones_213_1749822851282_6wy5ut
💾 Progress saved (208/2577 completed)

📤 Uploading [211/2577]: images/1239/fujitake_1zaru_seimen_3.jpg
   📁 File size: 5935KB, Attempt: 1/3
✅ Uploaded successfully: tatebayashi_stones_214_1749822856498_k1p747

📤 Uploading [212/2577]: images/1327/fujitake_23ya.jpg
   📁 File size: 3411KB, Attempt: 1/3
✅ Uploaded successfully: tatebayashi_stones_215_1749822863072_g72lag

📤 Uploading [213/2577]: images/1327/fujitake_23ya_2021.jpg
   📁 File size: 6266KB, Attempt: 1/3
   ⚠️  Attempt 1 failed: Request failed with status code 503
   ⏳ Retrying in 2 seconds...
   📁 File size: 6266KB, Attempt: 2/3
✅ Uploaded successfully: tatebayashi_stones_216_1749822872089_9p29xl

📤 Uploading [214/2577]: images/1318/fujitake_19ya.jpg
   📁 File size: 4592KB, Attempt: 1/3
✅ Uploaded successfully: tatebayashi_stones_217_1749822897944_axsv9f

📤 Uploading [215/2577]: images/1318/fujitake_19ya_base_left.jpg
   📁 File size: 4590KB, Attempt: 1/3
✅ Uploaded successfully: tatebayashi_stones_218_1749822915590_9g7dy
💾 Progress saved (213/2577 completed)

📤 Uploading [216/2577]: images/1318/fujitake_19ya_base_right.jpg
   📁 File size: 4343KB, Attempt: 1/3
✅ Uploaded successfully: tatebayashi_stones_219_1749822921648_m325yg

📤 Uploading [217/2577]: images/1240/sakamura_sarutahiko.jpg
   📁 File size: 3327KB, Attempt: 1/3
✅ Uploaded successfully: tatebayashi_stones_220_1749822925634_f9m9a

📤 Uploading [218/2577]: images/1240/sakamura_sarutahiko_zoom.jpg
   📁 File size: 4148KB, Attempt: 1/3
✅ Uploaded successfully: tatebayashi_stones_221_1749822930204_iiee97

📤 Uploading [219/2577]: images/1241/tamura_sarutahiko.jpg
   📁 File size: 5622KB, Attempt: 1/3
✅ Uploaded successfully: tatebayashi_stones_222_1749822938868_iji5lz

📤 Uploading [220/2577]: images/1241/tamura_sarutahiko_side.jpg
   📁 File size: 5314KB, Attempt: 1/3
✅ Uploaded successfully: tatebayashi_stones_223_1749822945098_dnzdym
💾 Progress saved (218/2577 completed)

📤 Uploading [221/2577]: images/1241/tamura_sarutahiko_zoom.jpg
   📁 File size: 5588KB, Attempt: 1/3
✅ Uploaded successfully: tatebayashi_stones_224_1749822950222_u70wts

📤 Uploading [222/2577]: images/1242/kano_satahiko_bato.jpg
   📁 File size: 4806KB, Attempt: 1/3
✅ Uploaded successfully: tatebayashi_stones_225_1749822956004_onc6ca

📤 Uploading [223/2577]: images/1242/kano_satahiko_zoom.jpg
   📁 File size: 4659KB, Attempt: 1/3
✅ Uploaded successfully: tatebayashi_stones_226_1749822961209_8qxo4f

📤 Uploading [224/2577]: images/1243/mogi_koshin.jpg
   📁 File size: 5423KB, Attempt: 1/3
✅ Uploaded successfully: tatebayashi_stones_227_1749822966549_8yhzhr

📤 Uploading [225/2577]: images/1243/mogi_koshin_zoom.jpg
   📁 File size: 3986KB, Attempt: 1/3
✅ Uploaded successfully: tatebayashi_stones_228_1749822971760_at193c
💾 Progress saved (223/2577 completed)

📤 Uploading [226/2577]: images/1287/fujiyama_sakamura_bato.jpg
   📁 File size: 5920KB, Attempt: 1/3
✅ Uploaded successfully: tatebayashi_stones_229_1749822977048_kube0d

📤 Uploading [227/2577]: images/1245/obukuro_koshin_jizo.jpg
   📁 File size: 3886KB, Attempt: 1/3
✅ Uploaded successfully: tatebayashi_stones_230_1749822982982_8c5i8

📤 Uploading [228/2577]: images/1245/obukuro_sanzaru_koshin_damaged.jpg
   📁 File size: 547KB, Attempt: 1/3
✅ Uploaded successfully: tatebayashi_stones_231_1749822990224_v2dswmo

📤 Uploading [229/2577]: images/1245/obukuro_koshin_new.jpg
   📁 File size: 5241KB, Attempt: 1/3
✅ Uploaded successfully: tatebayashi_stones_232_1749822995356_ie2q2a

📤 Uploading [230/2577]: images/1211/fuchinokami_amida.jpg
   📁 File size: 4595KB, Attempt: 1/3
✅ Uploaded successfully: tatebayashi_stones_233_1749823000716_nxj3ky
💾 Progress saved (228/2577 completed)

📤 Uploading [231/2577]: images/1212/fuchinokami_jizo_statue.jpg
   📁 File size: 3655KB, Attempt: 1/3
✅ Uploaded successfully: tatebayashi_stones_234_1749823005559_h810os

📤 Uploading [232/2577]: images/1213/fuchinokami_relief_jizo.jpg
   📁 File size: 4824KB, Attempt: 1/3
   ⚠️  Attempt 1 failed: Request failed with status code 503
   ⏳ Retrying in 2 seconds...
   📁 File size: 4824KB, Attempt: 2/3
✅ Uploaded successfully: tatebayashi_stones_235_1749823010370_705jux

📤 Uploading [233/2577]: images/1264/shirahata_koshin.jpg
   📁 File size: 5282KB, Attempt: 1/3
✅ Uploaded successfully: tatebayashi_stones_236_1749823029846_0ie3do

📤 Uploading [234/2577]: images/1264/shirahata_koshin_back.jpg
   📁 File size: 4739KB, Attempt: 1/3
   ⚠️  Attempt 1 failed: Request failed with status code 503
   ⏳ Retrying in 2 seconds...
   📁 File size: 4739KB, Attempt: 2/3
✅ Uploaded successfully: tatebayashi_stones_237_1749823044264_be52fs

📤 Uploading [235/2577]: images/1321/fuchinokami_19ya_short.jpg
   📁 File size: 3756KB, Attempt: 1/3
   ⚠️  Attempt 1 failed: Request failed with status code 503
   ⏳ Retrying in 2 seconds...
   📁 File size: 3756KB, Attempt: 2/3
✅ Uploaded successfully: tatebayashi_stones_238_1749823097745_z0dm3e
💾 Progress saved (233/2577 completed)

📤 Uploading [236/2577]: images/1322/fuchinokami_19ya_tall.jpg
   📁 File size: 3682KB, Attempt: 1/3
✅ Uploaded successfully: tatebayashi_stones_239_1749823133691_m93wvg

📤 Uploading [237/2577]: images/1322/fuchinokami_19ya_tall_basement.jpg
   📁 File size: 3926KB, Attempt: 1/3
✅ Uploaded successfully: tatebayashi_stones_240_1749823138464_8gxbxk

📤 Uploading [238/2577]: images/1320/fuchinokami_19ya_stone.jpg
   📁 File size: 4563KB, Attempt: 1/3
   ⚠️  Attempt 1 failed: Request failed with status code 503
   ⏳ Retrying in 2 seconds...
   📁 File size: 4563KB, Attempt: 2/3
   ⚠️  Attempt 2 failed: Request failed with status code 503
   ⏳ Retrying in 4 seconds...
   📁 File size: 4563KB, Attempt: 3/3
   ⚠️  Attempt 3 failed: Request failed with status code 503
❌ Upload failed: Request failed with status code 503

📤 Uploading [239/2577]: images/1259/fuchinokami_zo_koshin.jpg
   📁 File size: 4181KB, Attempt: 1/3
   ⚠️  Attempt 1 failed: Request failed with status code 503
   ⏳ Retrying in 2 seconds...
   📁 File size: 4181KB, Attempt: 2/3
   ⚠️  Attempt 2 failed: Request failed with status code 503
   ⏳ Retrying in 4 seconds...
   📁 File size: 4181KB, Attempt: 3/3
   ⚠️  Attempt 3 failed: Request failed with status code 503
❌ Upload failed: Request failed with status code 503

📤 Uploading [240/2577]: images/1260/fuchinokami_zo_koshin_noera.jpg
   📁 File size: 4072KB, Attempt: 1/3
✅ Uploaded successfully: tatebayashi_stones_243_1749823272745_4mu1ks
💾 Progress saved (236/2577 completed)

📤 Uploading [241/2577]: images/1261/fuchinokami_kanpo_koshin.jpg
   📁 File size: 3828KB, Attempt: 1/3
✅ Uploaded successfully: tatebayashi_stones_244_1749823276909_yf7ksu

📤 Uploading [242/2577]: images/1262/fuchinokami_seimen_kongo_moji.jpg
   📁 File size: 3504KB, Attempt: 1/3
   ⚠️  Attempt 1 failed: Request failed with status code 503
   ⏳ Retrying in 2 seconds...
   📁 File size: 3504KB, Attempt: 2/3
   ⚠️  Attempt 2 failed: Request failed with status code 503
   ⏳ Retrying in 4 seconds...
   📁 File size: 3504KB, Attempt: 3/3
   ⚠️  Attempt 3 failed: Request failed with status code 503
❌ Upload failed: Request failed with status code 503

📤 Uploading [243/2577]: images/1263/nagatake_stone_koshin.jpg
   📁 File size: 5740KB, Attempt: 1/3
✅ Uploaded successfully: tatebayashi_stones_246_1749823347240_ehpmv

📤 Uploading [244/2577]: images/1263/nagatake_stone_koshin_2.jpg
   📁 File size: 6347KB, Attempt: 1/3
   ⚠️  Attempt 1 failed: Request failed with status code 503
   ⏳ Retrying in 2 seconds...
   📁 File size: 6347KB, Attempt: 2/3
   ⚠️  Attempt 2 failed: Request failed with status code 503
   ⏳ Retrying in 4 seconds...
   📁 File size: 6347KB, Attempt: 3/3
✅ Uploaded successfully: tatebayashi_stones_247_1749823384650_kye437

📤 Uploading [245/2577]: images/1310/tamura_bato.jpg
   📁 File size: 6339KB, Attempt: 1/3
   ⚠️  Attempt 1 failed: Request failed with status code 503
   ⏳ Retrying in 2 seconds...
   📁 File size: 6339KB, Attempt: 2/3
   ⚠️  Attempt 2 failed: Request failed with status code 503
   ⏳ Retrying in 4 seconds...
   📁 File size: 6339KB, Attempt: 3/3
✅ Uploaded successfully: tatebayashi_stones_248_1749823423937_xlwmwy
💾 Progress saved (240/2577 completed)

📤 Uploading [246/2577]: images/1310/tamura_bato_side.jpg
   📁 File size: 5916KB, Attempt: 1/3
   ⚠️  Attempt 1 failed: Request failed with status code 503
   ⏳ Retrying in 2 seconds...
   📁 File size: 5916KB, Attempt: 2/3
   ⚠️  Attempt 2 failed: Request failed with status code 503
   ⏳ Retrying in 4 seconds...
   📁 File size: 5916KB, Attempt: 3/3
   ⚠️  Attempt 3 failed: Request failed with status code 409
❌ Upload failed: Request failed with status code 409

📤 Uploading [247/2577]: images/1324/nagatake_19ya.jpg
   📁 File size: 7652KB, Attempt: 1/3
✅ Uploaded successfully: tatebayashi_stones_250_1749823557275_hpurdb

📤 Uploading [248/2577]: images/1199/doyashiki_amida_2.jpg
   📁 File size: 6332KB, Attempt: 1/3
   ⚠️  Attempt 1 failed: Request failed with status code 503
   ⏳ Retrying in 2 seconds...
   📁 File size: 6332KB, Attempt: 2/3
   ⚠️  Attempt 2 failed: Request failed with status code 503
   ⏳ Retrying in 4 seconds...
   📁 File size: 6332KB, Attempt: 3/3
✅ Uploaded successfully: tatebayashi_stones_251_1749823592103_0o4v5x

📤 Uploading [249/2577]: images/1200/doyashiki_amida_1.jpg
   📁 File size: 5622KB, Attempt: 1/3
   ⚠️  Attempt 1 failed: Request failed with status code 503
   ⏳ Retrying in 2 seconds...
   📁 File size: 5622KB, Attempt: 2/3
   ⚠️  Attempt 2 failed: Request failed with status code 503
   ⏳ Retrying in 4 seconds...
   📁 File size: 5622KB, Attempt: 3/3
   ⚠️  Attempt 3 failed: Request failed with status code 503
❌ Upload failed: Request failed with status code 503

📤 Uploading [250/2577]: images/1201/doyashiki_tomb_jizo.jpg
   📁 File size: 5342KB, Attempt: 1/3
   ⚠️  Attempt 1 failed: Request failed with status code 503
   ⏳ Retrying in 2 seconds...
   📁 File size: 5342KB, Attempt: 2/3
   ⚠️  Attempt 2 failed: Request failed with status code 503
   ⏳ Retrying in 4 seconds...
   📁 File size: 5342KB, Attempt: 3/3
   ⚠️  Attempt 3 failed: Request failed with status code 503
❌ Upload failed: Request failed with status code 503
💾 Progress saved (242/2577 completed)

📤 Uploading [251/2577]: images/1202/doyashiki_6jizo.jpg
   📁 File size: 5560KB, Attempt: 1/3
✅ Uploaded successfully: tatebayashi_stones_254_1749823794880_hlu7zk

📤 Uploading [252/2577]: images/1202/doyashiki_6jizo_left.jpg
   📁 File size: 5923KB, Attempt: 1/3
   ⚠️  Attempt 1 failed: Request failed with status code 503
   ⏳ Retrying in 2 seconds...
   📁 File size: 5923KB, Attempt: 2/3
   ⚠️  Attempt 2 failed: Request failed with status code 503
   ⏳ Retrying in 4 seconds...
   📁 File size: 5923KB, Attempt: 3/3
   ⚠️  Attempt 3 failed: Request failed with status code 503
❌ Upload failed: Request failed with status code 503

📤 Uploading [253/2577]: images/1202/doyashiki_6jizo_right.jpg
   📁 File size: 5154KB, Attempt: 1/3
   ⚠️  Attempt 1 failed: Request failed with status code 503
   ⏳ Retrying in 2 seconds...
   📁 File size: 5154KB, Attempt: 2/3
   ⚠️  Attempt 2 failed: Request failed with status code 503
   ⏳ Retrying in 4 seconds...
   📁 File size: 5154KB, Attempt: 3/3
   ⚠️  Attempt 3 failed: Request failed with status code 503
❌ Upload failed: Request failed with status code 503

📤 Uploading [254/2577]: images/1255/nakajuku_3zaru.jpg
   📁 File size: 6090KB, Attempt: 1/3
   ⚠️  Attempt 1 failed: Request failed with status code 503
   ⏳ Retrying in 2 seconds...
   📁 File size: 6090KB, Attempt: 2/3
   ⚠️  Attempt 2 failed: Request failed with status code 503
   ⏳ Retrying in 4 seconds...
   📁 File size: 6090KB, Attempt: 3/3
   ⚠️  Attempt 3 failed: Request failed with status code 409
❌ Upload failed: Request failed with status code 409

📤 Uploading [255/2577]: images/1307/shirahata_watanabe_bato.jpg
   📁 File size: 5392KB, Attempt: 1/3
   ⚠️  Attempt 1 failed: Request failed with status code 503
   ⏳ Retrying in 2 seconds...
   📁 File size: 5392KB, Attempt: 2/3
   ⚠️  Attempt 2 failed: Request failed with status code 503
   ⏳ Retrying in 4 seconds...
   📁 File size: 5392KB, Attempt: 3/3
   ⚠️  Attempt 3 failed: Request failed with status code 503
❌ Upload failed: Request failed with status code 503
💾 Progress saved (243/2577 completed)

📤 Uploading [256/2577]: images/1236/kamishigara_koshin.jpg
   📁 File size: 3597KB, Attempt: 1/3
✅ Uploaded successfully: tatebayashi_stones_259_1749824108624_kggn9

📤 Uploading [257/2577]: images/1236/kamishigara_koshin_left.jpg
   📁 File size: 3825KB, Attempt: 1/3
   ⚠️  Attempt 1 failed: Request failed with status code 503
   ⏳ Retrying in 2 seconds...
   📁 File size: 3825KB, Attempt: 2/3
   ⚠️  Attempt 2 failed: Request failed with status code 503
   ⏳ Retrying in 4 seconds...
   📁 File size: 3825KB, Attempt: 3/3
   ⚠️  Attempt 3 failed: Request failed with status code 409
❌ Upload failed: Request failed with status code 409

📤 Uploading [258/2577]: images/1236/kamishigara_koshin_right.jpg
   📁 File size: 3409KB, Attempt: 1/3
   ⚠️  Attempt 1 failed: Request failed with status code 503
   ⏳ Retrying in 2 seconds...
   📁 File size: 3409KB, Attempt: 2/3
✅ Uploaded successfully: tatebayashi_stones_261_1749824203993_vqdbmi

📤 Uploading [259/2577]: images/1208/machiya_jizo.jpg
   📁 File size: 5776KB, Attempt: 1/3
   ⚠️  Attempt 1 failed: Request failed with status code 503
   ⏳ Retrying in 2 seconds...
   📁 File size: 5776KB, Attempt: 2/3
✅ Uploaded successfully: tatebayashi_stones_262_1749824254275_7vs2hc

📤 Uploading [260/2577]: images/1190/fusaiji_oldest_jizo.jpg
   📁 File size: 4027KB, Attempt: 1/3
✅ Uploaded successfully: tatebayashi_stones_263_1749824301740_236nfs
💾 Progress saved (247/2577 completed)

📤 Uploading [261/2577]: images/1190/fusaiji_oldest_jizo_back.jpg
   📁 File size: 5197KB, Attempt: 1/3
✅ Uploaded successfully: tatebayashi_stones_264_1749824306007_518g9p

📤 Uploading [262/2577]: images/1191/fusaiji_kanen_jizo.jpg
   📁 File size: 4371KB, Attempt: 1/3
✅ Uploaded successfully: tatebayashi_stones_265_1749824312132_7vjmtr

📤 Uploading [263/2577]: images/1191/fusaiji_kanen_jizo_back.jpg
   📁 File size: 5011KB, Attempt: 1/3
✅ Uploaded successfully: tatebayashi_stones_266_1749824316519_f6an77

📤 Uploading [264/2577]: images/1191/fusaiji_kanen_jizo_base.jpg
   📁 File size: 5215KB, Attempt: 1/3
✅ Uploaded successfully: tatebayashi_stones_267_1749824333279_d1hsa

📤 Uploading [265/2577]: images/1191/fusaiji_kanen_jizo_base_left.jpg
   📁 File size: 4422KB, Attempt: 1/3
✅ Uploaded successfully: tatebayashi_stones_268_1749824338232_hqxays
💾 Progress saved (252/2577 completed)

📤 Uploading [266/2577]: images/1191/fusaiji_kanen_jizo_base_right.jpg
   📁 File size: 5188KB, Attempt: 1/3
✅ Uploaded successfully: tatebayashi_stones_269_1749824343351_xecxig

📤 Uploading [267/2577]: images/1192/fusaiji_jizo_kuriharashi.jpg
   📁 File size: 4411KB, Attempt: 1/3
✅ Uploaded successfully: tatebayashi_stones_270_1749824348949_qe83ms

📤 Uploading [268/2577]: images/1192/fusaiji_jizo_kuriharashi_up.jpg
   📁 File size: 4698KB, Attempt: 1/3
✅ Uploaded successfully: tatebayashi_stones_271_1749824353702_q2wrei

📤 Uploading [269/2577]: images/1192/fusaiji_jizo_kuriharashi_side.jpg
   📁 File size: 4815KB, Attempt: 1/3
✅ Uploaded successfully: tatebayashi_stones_272_1749824359426_ykfk5m

📤 Uploading [270/2577]: images/1193/fusaiji_tenmei_jizo.jpg
   📁 File size: 4410KB, Attempt: 1/3
✅ Uploaded successfully: tatebayashi_stones_273_1749824364705_91jjor
💾 Progress saved (257/2577 completed)

📤 Uploading [271/2577]: images/1193/fusaiji_tenmei_jizo_back.jpg
   📁 File size: 5018KB, Attempt: 1/3
✅ Uploaded successfully: tatebayashi_stones_274_1749824373628_8oypue

📤 Uploading [272/2577]: images/1193/fusaiji_tenmei_jizo_base.jpg
   📁 File size: 5446KB, Attempt: 1/3
✅ Uploaded successfully: tatebayashi_stones_275_1749824378619_4ljrz9

📤 Uploading [273/2577]: images/1194/fusaiji_jizo_sankaibanrei.jpg
   📁 File size: 3047KB, Attempt: 1/3
✅ Uploaded successfully: tatebayashi_stones_276_1749824392830_v1g9wr

📤 Uploading [274/2577]: images/1316/fusaiji_19ya.jpg
   📁 File size: 3381KB, Attempt: 1/3
✅ Uploaded successfully: tatebayashi_stones_277_1749824398119_5e21zp

📤 Uploading [275/2577]: images/1316/fusaiji_19ya_base.jpg
   📁 File size: 4485KB, Attempt: 1/3
✅ Uploaded successfully: tatebayashi_stones_278_1749824403168_gypcl
💾 Progress saved (262/2577 completed)

📤 Uploading [276/2577]: images/1226/matsumoto_koshin.jpg
   📁 File size: 4564KB, Attempt: 1/3
✅ Uploaded successfully: tatebayashi_stones_279_1749824409677_u706wc

📤 Uploading [277/2577]: images/1295/kamishinden_bato.jpg
   📁 File size: 6864KB, Attempt: 1/3
✅ Uploaded successfully: tatebayashi_stones_280_1749824415248_p4hpur

📤 Uploading [278/2577]: images/1319/machiya_19ya.jpg
   📁 File size: 5864KB, Attempt: 1/3
✅ Uploaded successfully: tatebayashi_stones_283_1749824420956_p0qep

📤 Uploading [279/2577]: images/1810/fuchinokami_6jizo.jpg
   📁 File size: 4913KB, Attempt: 1/3
✅ Uploaded successfully: tatebayashi_stones_284_1749824427312_3e1s7j

📤 Uploading [280/2577]: images/1810/fuchinokami_6jizo_left_1.jpg
   📁 File size: 4605KB, Attempt: 1/3
✅ Uploaded successfully: tatebayashi_stones_285_1749824432501_sj34wu
💾 Progress saved (267/2577 completed)

📤 Uploading [281/2577]: images/1810/fuchinokami_6jizo_left_2.jpg
   📁 File size: 4926KB, Attempt: 1/3
✅ Uploaded successfully: tatebayashi_stones_286_1749824438263_3mdge

📤 Uploading [282/2577]: images/1810/fuchinokami_6jizo_right_1.jpg
   📁 File size: 4821KB, Attempt: 1/3
✅ Uploaded successfully: tatebayashi_stones_287_1749824444172_c3t4m

📤 Uploading [283/2577]: images/1810/fuchinokami_6jizo_right_2.jpg
   📁 File size: 4568KB, Attempt: 1/3
✅ Uploaded successfully: tatebayashi_stones_288_1749824450692_tfhf3

📤 Uploading [284/2577]: images/1811/fusaiji_nyoirin.jpg
   📁 File size: 4506KB, Attempt: 1/3
✅ Uploaded successfully: tatebayashi_stones_289_1749824457278_fansz

📤 Uploading [285/2577]: images/1811/fusaiji_nyoirin_back.jpg
   📁 File size: 5095KB, Attempt: 1/3
✅ Uploaded successfully: tatebayashi_stones_290_1749824464121_r7tm89
💾 Progress saved (272/2577 completed)

📤 Uploading [286/2577]: images/1811/fusaiji_nyoirin_base.jpg
   📁 File size: 5485KB, Attempt: 1/3
✅ Uploaded successfully: tatebayashi_stones_291_1749824468746_o6h2ag

📤 Uploading [287/2577]: images/1812/kamishigara_sarutahiko.jpg
   📁 File size: 5078KB, Attempt: 1/3
✅ Uploaded successfully: tatebayashi_stones_292_1749824475548_ebzg8p

📤 Uploading [288/2577]: images/1812/kamishigara_sarutahiko_back.jpg
   📁 File size: 4700KB, Attempt: 1/3
✅ Uploaded successfully: tatebayashi_stones_293_1749824479982_nuzx8j

📤 Uploading [289/2577]: images/1813/koka3_jizo.jpg
   📁 File size: 4356KB, Attempt: 1/3
✅ Uploaded successfully: tatebayashi_stones_294_1749824485421_qnmz4

📤 Uploading [290/2577]: images/1813/koka3_jizo_left.jpg
   📁 File size: 3603KB, Attempt: 1/3
✅ Uploaded successfully: tatebayashi_stones_295_1749824489631_4ceo1c
💾 Progress saved (277/2577 completed)

📤 Uploading [291/2577]: images/1813/koka3_jizo_right.jpg
   📁 File size: 4064KB, Attempt: 1/3
✅ Uploaded successfully: tatebayashi_stones_296_1749824495006_7l1vrl

📤 Uploading [292/2577]: images/1814/jokyo2_seimen.jpg
   📁 File size: 3978KB, Attempt: 1/3
✅ Uploaded successfully: tatebayashi_stones_297_1749824500062_478hn6

📤 Uploading [293/2577]: images/1814/jokyo2_seimen_back.jpg
   📁 File size: 3784KB, Attempt: 1/3
✅ Uploaded successfully: tatebayashi_stones_298_1749824505427_2rypt3

📤 Uploading [294/2577]: images/1814/jokyo2_seimen_lefttop.jpg
   📁 File size: 3167KB, Attempt: 1/3
✅ Uploaded successfully: tatebayashi_stones_299_1749824509646_flpbcs

📤 Uploading [295/2577]: images/1814/jokyo2_seimen_righttop.jpg
   📁 File size: 4087KB, Attempt: 1/3
✅ Uploaded successfully: tatebayashi_stones_300_1749824515029_3gfvvi
💾 Progress saved (282/2577 completed)

📤 Uploading [296/2577]: images/1815/tachiba_kansei7_jizo.jpg
   📁 File size: 5424KB, Attempt: 1/3
✅ Uploaded successfully: tatebayashi_stones_301_1749824519477_rwoub

📤 Uploading [297/2577]: images/1816/nakashinden_new_bato.jpg
   📁 File size: 4533KB, Attempt: 1/3
✅ Uploaded successfully: tatebayashi_stones_302_1749824526031_sk7v7n

📤 Uploading [298/2577]: images/1816/nakashinden_new_bato_side.jpg
   📁 File size: 4972KB, Attempt: 1/3
✅ Uploaded successfully: tatebayashi_stones_303_1749824531130_eqjl6

📤 Uploading [299/2577]: images/1817/nakajuku_jizo.jpg
   📁 File size: 5637KB, Attempt: 1/3
✅ Uploaded successfully: tatebayashi_stones_304_1749824535480_ymzioc

📤 Uploading [300/2577]: images/1817/nakajuku_nyoirin_jizo.jpg
   📁 File size: 7008KB, Attempt: 1/3
✅ Uploaded successfully: tatebayashi_stones_305_1749824541564_yl3xxe
💾 Progress saved (287/2577 completed)

📤 Uploading [301/2577]: images/1818/nakajuku_nyoirin.jpg
   📁 File size: 6486KB, Attempt: 1/3
✅ Uploaded successfully: tatebayashi_stones_306_1749824548305_h13tjw

📤 Uploading [302/2577]: images/1818/nakajuku_nyoirin_jizo.jpg
   📁 File size: 7008KB, Attempt: 1/3
✅ Uploaded successfully: tatebayashi_stones_307_1749824553392_8miv49

📤 Uploading [303/2577]: images/1819/nakajuku_some_buddha.jpg
   📁 File size: 6659KB, Attempt: 1/3
✅ Uploaded successfully: tatebayashi_stones_308_1749824560089_n1bo1

📤 Uploading [304/2577]: images/1820/honjuku_koshin.jpg
   📁 File size: 6571KB, Attempt: 1/3
✅ Uploaded successfully: tatebayashi_stones_309_1749824565292_aws9cp

📤 Uploading [305/2577]: images/1821/aoki_sarutahiko.jpg
   📁 File size: 6292KB, Attempt: 1/3
✅ Uploaded successfully: tatebayashi_stones_310_1749824572762_wjkria
💾 Progress saved (292/2577 completed)

📤 Uploading [306/2577]: images/1821/aoki_sarutahiko_side.jpg
   📁 File size: 5178KB, Attempt: 1/3
✅ Uploaded successfully: tatebayashi_stones_311_1749824578853_9ro3f

📤 Uploading [307/2577]: images/1822/jinya_bato.jpg
   📁 File size: 6063KB, Attempt: 1/3
✅ Uploaded successfully: tatebayashi_stones_312_1749824583991_b22iba

📤 Uploading [308/2577]: images/1822/jinya_bato_side.jpg
   📁 File size: 5266KB, Attempt: 1/3
✅ Uploaded successfully: tatebayashi_stones_313_1749824588904_p1bsv

📤 Uploading [309/2577]: images/1823/handa_bato.jpg
   📁 File size: 5271KB, Attempt: 1/3
✅ Uploaded successfully: tatebayashi_stones_314_1749824599499_8zyzqf

📤 Uploading [310/2577]: images/1823/handa_bato_side.jpg
   📁 File size: 3976KB, Attempt: 1/3
✅ Uploaded successfully: tatebayashi_stones_315_1749824604986_xp1ywa
💾 Progress saved (297/2577 completed)

📤 Uploading [311/2577]: images/554/PXL_20210620_045039611.PORTRAIT.jpg
   📁 File size: 10706KB, Attempt: 1/3
✅ Uploaded successfully: tatebayashi_stones_316_1749824609843_vq59q

📤 Uploading [312/2577]: images/562/PXL_20210620_054716041.jpg
   📁 File size: 4669KB, Attempt: 1/3
✅ Uploaded successfully: tatebayashi_stones_317_1749824616517_7i1kc7

📤 Uploading [313/2577]: images/563/PXL_20210620_054932532.jpg
   📁 File size: 2276KB, Attempt: 1/3
✅ Uploaded successfully: tatebayashi_stones_318_1749824622745_q8vq9t

📤 Uploading [314/2577]: images/563/PXL_20210620_054947775.jpg
   📁 File size: 4637KB, Attempt: 1/3
✅ Uploaded successfully: tatebayashi_stones_319_1749824627195_ihi8f9

📤 Uploading [315/2577]: images/569/PXL_20210620_045152033.PORTRAIT.jpg
   📁 File size: 12112KB, Attempt: 1/3
✅ Uploaded successfully: tatebayashi_stones_320_1749824632876_hn3kz
💾 Progress saved (302/2577 completed)

📤 Uploading [316/2577]: images/572/PXL_20210620_045158444.PORTRAIT.jpg
   📁 File size: 12391KB, Attempt: 1/3
✅ Uploaded successfully: tatebayashi_stones_321_1749824640025_3om0y

📤 Uploading [317/2577]: images/575/PXL_20210620_045205117.PORTRAIT.jpg
   📁 File size: 12708KB, Attempt: 1/3
✅ Uploaded successfully: tatebayashi_stones_322_1749824648133_d50nj7

📤 Uploading [318/2577]: images/626/PXL_20210620_045210197.PORTRAIT.jpg
   📁 File size: 12535KB, Attempt: 1/3
✅ Uploaded successfully: tatebayashi_stones_323_1749824656138_5rj8i

📤 Uploading [319/2577]: images/628/PXL_20210620_045144252.PORTRAIT.jpg
   📁 File size: 11365KB, Attempt: 1/3
✅ Uploaded successfully: tatebayashi_stones_324_1749824664230_61ea0n

📤 Uploading [320/2577]: images/632/PXL_20210620_054640184.MP.jpg
   📁 File size: 8739KB, Attempt: 1/3
✅ Uploaded successfully: tatebayashi_stones_325_1749824673109_zqac3
💾 Progress saved (307/2577 completed)

📤 Uploading [321/2577]: images/632/PXL_20210620_054648143.jpg
   📁 File size: 5932KB, Attempt: 1/3
✅ Uploaded successfully: tatebayashi_stones_326_1749824684447_xk2ezg

📤 Uploading [322/2577]: images/636/PXL_20210620_044725773.PORTRAIT.jpg
   📁 File size: 9830KB, Attempt: 1/3
✅ Uploaded successfully: tatebayashi_stones_327_1749824689296_7xgg7

📤 Uploading [323/2577]: images/640/PXL_20210620_044700448.PORTRAIT.jpg
   📁 File size: 10154KB, Attempt: 1/3
✅ Uploaded successfully: tatebayashi_stones_328_1749824697029_vkrf2k

📤 Uploading [324/2577]: images/640/PXL_20210620_052549454.jpg
   📁 File size: 5278KB, Attempt: 1/3
✅ Uploaded successfully: tatebayashi_stones_329_1749824704556_z5zt8m

📤 Uploading [325/2577]: images/642/PXL_20210620_044708068.PORTRAIT.jpg
   📁 File size: 9917KB, Attempt: 1/3
✅ Uploaded successfully: tatebayashi_stones_330_1749824708977_volp9w
💾 Progress saved (312/2577 completed)

📤 Uploading [326/2577]: images/643/PXL_20210620_044704559.PORTRAIT.jpg
   📁 File size: 10886KB, Attempt: 1/3
✅ Uploaded successfully: tatebayashi_stones_331_1749824715813_c3ydnv

📤 Uploading [327/2577]: images/643/PXL_20210620_052632813.jpg
   📁 File size: 5411KB, Attempt: 1/3
✅ Uploaded successfully: tatebayashi_stones_332_1749824722712_yx0qug

📤 Uploading [328/2577]: images/643/PXL_20210620_053119351.jpg
   📁 File size: 5750KB, Attempt: 1/3
✅ Uploaded successfully: tatebayashi_stones_333_1749824727797_qnehn5

📤 Uploading [329/2577]: images/649/PXL_20210620_081623748.jpg
   📁 File size: 4722KB, Attempt: 1/3
✅ Uploaded successfully: tatebayashi_stones_334_1749824732845_j3xgar

📤 Uploading [330/2577]: images/649/PXL_20210620_081629945.MP.jpg
   📁 File size: 8919KB, Attempt: 1/3
✅ Uploaded successfully: tatebayashi_stones_335_1749824739207_paoxjg
💾 Progress saved (317/2577 completed)

📤 Uploading [331/2577]: images/651/PXL_20210620_045135140.PORTRAIT.jpg
   📁 File size: 12287KB, Attempt: 1/3
✅ Uploaded successfully: tatebayashi_stones_336_1749824745882_cnpiu

📤 Uploading [332/2577]: images/656/PXL_20210620_045129289.PORTRAIT.jpg
   📁 File size: 10822KB, Attempt: 1/3
✅ Uploaded successfully: tatebayashi_stones_337_1749824753673_jxu6y

📤 Uploading [333/2577]: images/668/PXL_20210620_080515021.jpg
   📁 File size: 5294KB, Attempt: 1/3
✅ Uploaded successfully: tatebayashi_stones_338_1749824763866_wkdak3h

📤 Uploading [334/2577]: images/668/PXL_20210620_080507114.jpg
   📁 File size: 5763KB, Attempt: 1/3
✅ Uploaded successfully: tatebayashi_stones_339_1749824768133_hkg0k6

📤 Uploading [335/2577]: images/677/PXL_20210620_080327982.MP.jpg
   📁 File size: 3499KB, Attempt: 1/3
✅ Uploaded successfully: tatebayashi_stones_340_1749824774303_uxs8mjj
💾 Progress saved (322/2577 completed)

📤 Uploading [336/2577]: images/677/PXL_20210620_080522985.jpg
   📁 File size: 6366KB, Attempt: 1/3
✅ Uploaded successfully: tatebayashi_stones_341_1749824779183_plqneh

📤 Uploading [337/2577]: images/688/PXL_20210620_080807583.MP.jpg
   📁 File size: 10446KB, Attempt: 1/3
✅ Uploaded successfully: tatebayashi_stones_342_1749824784664_dsun5e

📤 Uploading [338/2577]: images/688/PXL_20210620_080801529.jpg
   📁 File size: 6416KB, Attempt: 1/3
✅ Uploaded successfully: tatebayashi_stones_343_1749824797299_b3mjo8

📤 Uploading [339/2577]: images/689/PXL_20210620_080723359.jpg
   📁 File size: 4862KB, Attempt: 1/3
✅ Uploaded successfully: tatebayashi_stones_344_1749824805254_0279ca

📤 Uploading [340/2577]: images/689/PXL_20210620_080728360.jpg
   📁 File size: 5795KB, Attempt: 1/3
✅ Uploaded successfully: tatebayashi_stones_345_1749824812780_5ew5i
💾 Progress saved (327/2577 completed)

📤 Uploading [341/2577]: images/703/PXL_20210620_055810454.jpg
   📁 File size: 5610KB, Attempt: 1/3
✅ Uploaded successfully: tatebayashi_stones_346_1749824818213_6o3fxu

📤 Uploading [342/2577]: images/703/PXL_20210620_055818538.jpg
   📁 File size: 4863KB, Attempt: 1/3
✅ Uploaded successfully: tatebayashi_stones_347_1749824824919_8cfrgo

📤 Uploading [343/2577]: images/717/PXL_20210620_075033173.MP.jpg
   📁 File size: 10847KB, Attempt: 1/3
✅ Uploaded successfully: tatebayashi_stones_348_1749824828913_8lvar

📤 Uploading [344/2577]: images/583/PXL_20210620_065316435.jpg
   📁 File size: 5652KB, Attempt: 1/3
✅ Uploaded successfully: tatebayashi_stones_349_1749824836132_six0s

📤 Uploading [345/2577]: images/583/PXL_20210620_065342745.jpg
   📁 File size: 5547KB, Attempt: 1/3
✅ Uploaded successfully: tatebayashi_stones_350_1749824841536_sh3mme
💾 Progress saved (332/2577 completed)

📤 Uploading [346/2577]: images/592/PXL_20210620_065322350.jpg
   📁 File size: 5385KB, Attempt: 1/3
✅ Uploaded successfully: tatebayashi_stones_351_1749824847031_wwmyrd

📤 Uploading [347/2577]: images/629/PXL_20210620_065644520.jpg
   📁 File size: 4546KB, Attempt: 1/3
✅ Uploaded successfully: tatebayashi_stones_352_1749824852184_5fxnvm

📤 Uploading [348/2577]: images/629/PXL_20210620_065650354.jpg
   📁 File size: 5708KB, Attempt: 1/3
✅ Uploaded successfully: tatebayashi_stones_353_1749824857456_cex5k

📤 Uploading [349/2577]: images/709/PXL_20210620_065516638.MP.jpg
   📁 File size: 8994KB, Attempt: 1/3
✅ Uploaded successfully: tatebayashi_stones_354_1749824862707_u4w6bo

📤 Uploading [350/2577]: images/709/PXL_20210620_065521517.jpg
   📁 File size: 5632KB, Attempt: 1/3
✅ Uploaded successfully: tatebayashi_stones_355_1749824869728_spo22o
💾 Progress saved (337/2577 completed)

📤 Uploading [351/2577]: images/716/PXL_20210620_065431775.jpg
   📁 File size: 4888KB, Attempt: 1/3
✅ Uploaded successfully: tatebayashi_stones_356_1749824875387_rhiopq

📤 Uploading [352/2577]: images/716/PXL_20210620_065447969.jpg
   📁 File size: 5713KB, Attempt: 1/3
✅ Uploaded successfully: tatebayashi_stones_357_1749824880440_etoxwi

📤 Uploading [353/2577]: images/559/PXL_20210620_065124725.jpg
   📁 File size: 4513KB, Attempt: 1/3
✅ Uploaded successfully: tatebayashi_stones_358_1749824885579_6lu9ug

📤 Uploading [354/2577]: images/559/PXL_20210620_065154637.jpg
   📁 File size: 3378KB, Attempt: 1/3
✅ Uploaded successfully: tatebayashi_stones_359_1749824890466_v64yxi

📤 Uploading [355/2577]: images/560/PXL_20210620_065139408.MP.jpg
   📁 File size: 9029KB, Attempt: 1/3
✅ Uploaded successfully: tatebayashi_stones_360_1749824894410_6v8i63
💾 Progress saved (342/2577 completed)

📤 Uploading [356/2577]: images/560/PXL_20210620_065145337.jpg
   📁 File size: 3685KB, Attempt: 1/3
✅ Uploaded successfully: tatebayashi_stones_361_1749824901072_b4v0h4

📤 Uploading [357/2577]: images/564/PXL_20210620_072806522.jpg
   📁 File size: 6296KB, Attempt: 1/3
✅ Uploaded successfully: tatebayashi_stones_362_1749824906685_tfv2ej

📤 Uploading [358/2577]: images/564/PXL_20210620_072817705.jpg
   📁 File size: 5016KB, Attempt: 1/3
✅ Uploaded successfully: tatebayashi_stones_363_1749824911451_sxxzd

📤 Uploading [359/2577]: images/564/PXL_20210620_072821898.jpg
   📁 File size: 6334KB, Attempt: 1/3
✅ Uploaded successfully: tatebayashi_stones_364_1749824916304_8h3ll

📤 Uploading [360/2577]: images/571/PXL_20210620_065617147.jpg
   📁 File size: 5702KB, Attempt: 1/3
✅ Uploaded successfully: tatebayashi_stones_365_1749824921747_xkzktt
💾 Progress saved (347/2577 completed)

📤 Uploading [361/2577]: images/582/PXL_20210620_045034644.PORTRAIT.jpg
   📁 File size: 11618KB, Attempt: 1/3
✅ Uploaded successfully: tatebayashi_stones_366_1749824928749_mqzjzr

📤 Uploading [362/2577]: images/604/PXL_20210620_061449950.jpg
   📁 File size: 5051KB, Attempt: 1/3
✅ Uploaded successfully: tatebayashi_stones_367_1749824937782_g5zza

📤 Uploading [363/2577]: images/604/PXL_20210620_061456999.jpg
   📁 File size: 5969KB, Attempt: 1/3
✅ Uploaded successfully: tatebayashi_stones_368_1749824942443_q07wqq

📤 Uploading [364/2577]: images/1827/PXL_20210620_065532547.jpg
   📁 File size: 5872KB, Attempt: 1/3
✅ Uploaded successfully: tatebayashi_stones_369_1749824947680_nsdwzi

📤 Uploading [365/2577]: images/1827/PXL_20210620_065541640.jpg
   📁 File size: 5402KB, Attempt: 1/3
✅ Uploaded successfully: tatebayashi_stones_370_1749824952977_xhz663
💾 Progress saved (352/2577 completed)

📤 Uploading [366/2577]: images/1827/PXL_20210620_065552522.jpg
   📁 File size: 5458KB, Attempt: 1/3
✅ Uploaded successfully: tatebayashi_stones_371_1749824958031_3trko

📤 Uploading [367/2577]: images/667/PXL_20210620_065759958.MP.jpg
   📁 File size: 11167KB, Attempt: 1/3
✅ Uploaded successfully: tatebayashi_stones_372_1749824963389_fk9ia8

📤 Uploading [368/2577]: images/667/PXL_20210620_071510585.jpg
   📁 File size: 5313KB, Attempt: 1/3
✅ Uploaded successfully: tatebayashi_stones_373_1749824970336_ayesym

📤 Uploading [369/2577]: images/673/PXL_20210620_065559365.jpg
   📁 File size: 5764KB, Attempt: 1/3
✅ Uploaded successfully: tatebayashi_stones_374_1749824974628_tuiznh

📤 Uploading [370/2577]: images/673/PXL_20210620_065605236.jpg
   📁 File size: 5423KB, Attempt: 1/3
✅ Uploaded successfully: tatebayashi_stones_375_1749824979897_850o19
💾 Progress saved (357/2577 completed)

📤 Uploading [371/2577]: images/694/PXL_20210620_065351053.jpg
   📁 File size: 4903KB, Attempt: 1/3
✅ Uploaded successfully: tatebayashi_stones_376_1749824985145_02dcwu

📤 Uploading [372/2577]: images/694/PXL_20210620_065400583.jpg
   📁 File size: 4640KB, Attempt: 1/3
✅ Uploaded successfully: tatebayashi_stones_377_1749824991062_cql06h

📤 Uploading [373/2577]: images/694/PXL_20210620_072422916.jpg
   📁 File size: 6047KB, Attempt: 1/3
✅ Uploaded successfully: tatebayashi_stones_378_1749824996992_b4q90h

📤 Uploading [374/2577]: images/694/PXL_20210620_072433835.jpg
   📁 File size: 4996KB, Attempt: 1/3
✅ Uploaded successfully: tatebayashi_stones_379_1749825002731_3t74z

📤 Uploading [375/2577]: images/695/PXL_20210620_065709112.jpg
   📁 File size: 4915KB, Attempt: 1/3
✅ Uploaded successfully: tatebayashi_stones_380_1749825007566_zzdcsq
💾 Progress saved (362/2577 completed)

📤 Uploading [376/2577]: images/695/PXL_20210620_065718748.jpg
   📁 File size: 4866KB, Attempt: 1/3
✅ Uploaded successfully: tatebayashi_stones_381_1749825013420_o6kco7

📤 Uploading [377/2577]: images/695/PXL_20210620_065726149.jpg
   📁 File size: 6182KB, Attempt: 1/3
✅ Uploaded successfully: tatebayashi_stones_382_1749825019388_azixn

📤 Uploading [378/2577]: images/695/PXL_20210620_065740700.jpg
   📁 File size: 6018KB, Attempt: 1/3
✅ Uploaded successfully: tatebayashi_stones_383_1749825025675_t98lpca

📤 Uploading [379/2577]: images/693/PXL_20210620_072637828.jpg
   📁 File size: 5172KB, Attempt: 1/3
✅ Uploaded successfully: tatebayashi_stones_384_1749825030530_1q6ay

📤 Uploading [380/2577]: images/693/PXL_20210620_072631384.jpg
   📁 File size: 5869KB, Attempt: 1/3
✅ Uploaded successfully: tatebayashi_stones_385_1749825035800_0ytbni
💾 Progress saved (367/2577 completed)

📤 Uploading [381/2577]: images/690/PXL_20210620_072731161.jpg
   📁 File size: 4951KB, Attempt: 1/3
✅ Uploaded successfully: tatebayashi_stones_386_1749825041732_nqk9za

📤 Uploading [382/2577]: images/690/PXL_20210620_072722068.jpg
   📁 File size: 6178KB, Attempt: 1/3
✅ Uploaded successfully: tatebayashi_stones_387_1749825045989_xb02rc

📤 Uploading [383/2577]: images/697/PXL_20210620_053923496.jpg
   📁 File size: 5505KB, Attempt: 1/3
✅ Uploaded successfully: tatebayashi_stones_388_1749825051687_b43ujc

📤 Uploading [384/2577]: images/697/PXL_20210620_053941788.jpg
   📁 File size: 5329KB, Attempt: 1/3
✅ Uploaded successfully: tatebayashi_stones_389_1749825056230_m218d

📤 Uploading [385/2577]: images/697/PXL_20210620_053947582.jpg
   📁 File size: 4808KB, Attempt: 1/3
✅ Uploaded successfully: tatebayashi_stones_390_1749825060685_grrctc
💾 Progress saved (372/2577 completed)

📤 Uploading [386/2577]: images/697/PXL_20210620_053953114.jpg
   📁 File size: 4868KB, Attempt: 1/3
✅ Uploaded successfully: tatebayashi_stones_391_1749825065367_1gtl0v

📤 Uploading [387/2577]: images/705/IMG_2583.jpg
   📁 File size: 3571KB, Attempt: 1/3
✅ Uploaded successfully: tatebayashi_stones_392_1749825070770_uq33yj

📤 Uploading [388/2577]: images/705/IMG_2586.jpg
   📁 File size: 3392KB, Attempt: 1/3
✅ Uploaded successfully: tatebayashi_stones_393_1749825076387_wie3hi

📤 Uploading [389/2577]: images/705/IMG_2588.jpg
   📁 File size: 2783KB, Attempt: 1/3
✅ Uploaded successfully: tatebayashi_stones_394_1749825081005_9ocy9

📤 Uploading [390/2577]: images/705/IMG_2587.jpg
   📁 File size: 4479KB, Attempt: 1/3
✅ Uploaded successfully: tatebayashi_stones_395_1749825085936_y309mr
💾 Progress saved (377/2577 completed)

📤 Uploading [391/2577]: images/581/IMG_2606.jpg
   📁 File size: 4885KB, Attempt: 1/3
✅ Uploaded successfully: tatebayashi_stones_396_1749825090520_p5f8tm

📤 Uploading [392/2577]: images/581/IMG_2609.jpg
   📁 File size: 5868KB, Attempt: 1/3
✅ Uploaded successfully: tatebayashi_stones_397_1749825095351_m2xcc

📤 Uploading [393/2577]: images/581/IMG_2605.jpg
   📁 File size: 5840KB, Attempt: 1/3
✅ Uploaded successfully: tatebayashi_stones_398_1749825100408_ej8g16

📤 Uploading [394/2577]: images/621/IMG_2609.jpg
   📁 File size: 5868KB, Attempt: 1/3
✅ Uploaded successfully: tatebayashi_stones_399_1749825106737_sin2a4

📤 Uploading [395/2577]: images/621/IMG_2608.jpg
   📁 File size: 5989KB, Attempt: 1/3
✅ Uploaded successfully: tatebayashi_stones_400_1749825111956_czw73
💾 Progress saved (382/2577 completed)

📤 Uploading [396/2577]: images/601/IMG_2616.jpg
   📁 File size: 5137KB, Attempt: 1/3
✅ Uploaded successfully: tatebayashi_stones_401_1749825117673_3wfmyc

📤 Uploading [397/2577]: images/601/IMG_2615.jpg
   📁 File size: 5286KB, Attempt: 1/3
✅ Uploaded successfully: tatebayashi_stones_402_1749825123406_na2lpl

📤 Uploading [398/2577]: images/624/IMG_2601.jpg
   📁 File size: 6318KB, Attempt: 1/3
✅ Uploaded successfully: tatebayashi_stones_403_1749825134927_ieeids

📤 Uploading [399/2577]: images/608/IMG_2636.jpg
   📁 File size: 4497KB, Attempt: 1/3
✅ Uploaded successfully: tatebayashi_stones_404_1749825140673_fe7szu

📤 Uploading [400/2577]: images/622/IMG_2597.jpg
   📁 File size: 5057KB, Attempt: 1/3
✅ Uploaded successfully: tatebayashi_stones_405_1749825145726_cfaeaj
💾 Progress saved (387/2577 completed)

📤 Uploading [401/2577]: images/605/IMG_2593.jpg
   📁 File size: 5343KB, Attempt: 1/3
✅ Uploaded successfully: tatebayashi_stones_406_1749825151748_c24sd

📤 Uploading [402/2577]: images/605/IMG_2592.jpg
   📁 File size: 3589KB, Attempt: 1/3
✅ Uploaded successfully: tatebayashi_stones_407_1749825156944_kvvtrq

📤 Uploading [403/2577]: images/615/IMG_2593.jpg
   📁 File size: 5343KB, Attempt: 1/3
✅ Uploaded successfully: tatebayashi_stones_408_1749825161447_8wejkj

📤 Uploading [404/2577]: images/615/IMG_2590.jpg
   📁 File size: 3871KB, Attempt: 1/3
✅ Uploaded successfully: tatebayashi_stones_409_1749825166259_5uk4

📤 Uploading [405/2577]: images/1045/IMG_2796.jpg
   📁 File size: 3836KB, Attempt: 1/3
✅ Uploaded successfully: tatebayashi_stones_410_1749825170118_9jqwmv
💾 Progress saved (392/2577 completed)

📤 Uploading [406/2577]: images/1046/IMG_2805.jpg
   📁 File size: 4049KB, Attempt: 1/3
✅ Uploaded successfully: tatebayashi_stones_411_1749825173676_eopsnc

📤 Uploading [407/2577]: images/1047/IMG_2797.jpg
   📁 File size: 3966KB, Attempt: 1/3
✅ Uploaded successfully: tatebayashi_stones_412_1749825177908_eblw5m

📤 Uploading [408/2577]: images/1048/IMG_2792.jpg
   📁 File size: 3940KB, Attempt: 1/3
✅ Uploaded successfully: tatebayashi_stones_413_1749825182552_qejfce

📤 Uploading [409/2577]: images/1078/IMG_2804.jpg
   📁 File size: 3896KB, Attempt: 1/3
✅ Uploaded successfully: tatebayashi_stones_414_1749825187359_dznyob

📤 Uploading [410/2577]: images/1123/IMG_2801.jpg
   📁 File size: 4177KB, Attempt: 1/3
✅ Uploaded successfully: tatebayashi_stones_415_1749825192246_a8765xo
💾 Progress saved (397/2577 completed)

📤 Uploading [411/2577]: images/1123/IMG_2800.jpg
   📁 File size: 3512KB, Attempt: 1/3
✅ Uploaded successfully: tatebayashi_stones_416_1749825197109_e2ahjq

📤 Uploading [412/2577]: images/1106/IMG_2807.jpg
   📁 File size: 4999KB, Attempt: 1/3
✅ Uploaded successfully: tatebayashi_stones_417_1749825201613_tj0vnw

📤 Uploading [413/2577]: images/1106/IMG_2806.jpg
   📁 File size: 4571KB, Attempt: 1/3
✅ Uploaded successfully: tatebayashi_stones_418_1749825206464_1x2vyj

📤 Uploading [414/2577]: images/1104/IMG_2794.jpg
   📁 File size: 4484KB, Attempt: 1/3
✅ Uploaded successfully: tatebayashi_stones_419_1749825215149_b8raed

📤 Uploading [415/2577]: images/1073/IMG_2734.jpg
   📁 File size: 5002KB, Attempt: 1/3
✅ Uploaded successfully: tatebayashi_stones_420_1749825221216_cu51iq
💾 Progress saved (402/2577 completed)

📤 Uploading [416/2577]: images/1076/IMG_2776.jpg
   📁 File size: 3601KB, Attempt: 1/3
✅ Uploaded successfully: tatebayashi_stones_421_1749825226389_fljq78

📤 Uploading [417/2577]: images/1076/IMG_2778.jpg
   📁 File size: 5284KB, Attempt: 1/3
✅ Uploaded successfully: tatebayashi_stones_422_1749825235047_1qqjim

📤 Uploading [418/2577]: images/1077/IMG_2767.jpg
   📁 File size: 3845KB, Attempt: 1/3
✅ Uploaded successfully: tatebayashi_stones_423_1749825241469_6y471

📤 Uploading [419/2577]: images/1077/IMG_2768.jpg
   📁 File size: 4041KB, Attempt: 1/3
✅ Uploaded successfully: tatebayashi_stones_424_1749825246897_35cfoo

📤 Uploading [420/2577]: images/1080/IMG_2847.jpg
   📁 File size: 4112KB, Attempt: 1/3
✅ Uploaded successfully: tatebayashi_stones_425_1749825251704_mmag6
💾 Progress saved (407/2577 completed)

📤 Uploading [421/2577]: images/1080/IMG_2848.jpg
   📁 File size: 4779KB, Attempt: 1/3
✅ Uploaded successfully: tatebayashi_stones_426_1749825256844_acafy

📤 Uploading [422/2577]: images/1080/IMG_2849.jpg
   📁 File size: 4335KB, Attempt: 1/3
✅ Uploaded successfully: tatebayashi_stones_427_1749825262147_m9gksv

📤 Uploading [423/2577]: images/1080/IMG_2846.jpg
   📁 File size: 4672KB, Attempt: 1/3
✅ Uploaded successfully: tatebayashi_stones_428_1749825267138_ecrb6l

📤 Uploading [424/2577]: images/1155/IMG_2860.jpg
   📁 File size: 4116KB, Attempt: 1/3
✅ Uploaded successfully: tatebayashi_stones_429_1749825272090_7mt6j9

📤 Uploading [425/2577]: images/1155/IMG_2861.jpg
   📁 File size: 5184KB, Attempt: 1/3
✅ Uploaded successfully: tatebayashi_stones_430_1749825276637_2bg4j7
💾 Progress saved (412/2577 completed)

📤 Uploading [426/2577]: images/1155/IMG_2859.jpg
   📁 File size: 5447KB, Attempt: 1/3
✅ Uploaded successfully: tatebayashi_stones_431_1749825282773_7ncudm

📤 Uploading [427/2577]: images/1601/IMG_2888.jpg
   📁 File size: 5530KB, Attempt: 1/3
✅ Uploaded successfully: tatebayashi_stones_432_1749825288510_brhdw

📤 Uploading [428/2577]: images/319/IMG_2900.jpg
   📁 File size: 3695KB, Attempt: 1/3
✅ Uploaded successfully: tatebayashi_stones_433_1749825294390_b9nul6

📤 Uploading [429/2577]: images/1595/IMG_2895.jpg
   📁 File size: 5297KB, Attempt: 1/3
✅ Uploaded successfully: tatebayashi_stones_434_1749825299000_upke8s

📤 Uploading [430/2577]: images/1595/IMG_2896.jpg
   📁 File size: 5458KB, Attempt: 1/3
✅ Uploaded successfully: tatebayashi_stones_435_1749825304345_z6raww
💾 Progress saved (417/2577 completed)

📤 Uploading [431/2577]: images/1595/IMG_2894.jpg
   📁 File size: 3939KB, Attempt: 1/3
✅ Uploaded successfully: tatebayashi_stones_436_1749825317552_2342y

📤 Uploading [432/2577]: images/314/IMG_2963.jpg
   📁 File size: 4003KB, Attempt: 1/3
✅ Uploaded successfully: tatebayashi_stones_437_1749825322969_qzrvhj

📤 Uploading [433/2577]: images/321/IMG_2964.jpg
   📁 File size: 4056KB, Attempt: 1/3
✅ Uploaded successfully: tatebayashi_stones_438_1749825328001_par3ks

📤 Uploading [434/2577]: images/322/IMG_2965.jpg
   📁 File size: 4335KB, Attempt: 1/3
✅ Uploaded successfully: tatebayashi_stones_439_1749825333155_zcww3

📤 Uploading [435/2577]: images/325/IMG_2962.jpg
   📁 File size: 4325KB, Attempt: 1/3
✅ Uploaded successfully: tatebayashi_stones_440_1749825337955_stg0zl
💾 Progress saved (422/2577 completed)

📤 Uploading [436/2577]: images/1100/IMG_2999.jpg
   📁 File size: 6447KB, Attempt: 1/3
✅ Uploaded successfully: tatebayashi_stones_441_1749825342597_vlu7iw

📤 Uploading [437/2577]: images/1101/IMG_2745.jpg
   📁 File size: 6886KB, Attempt: 1/3
✅ Uploaded successfully: tatebayashi_stones_442_1749825348652_h74m58

📤 Uploading [438/2577]: images/1103/IMG_2774.jpg
   📁 File size: 6629KB, Attempt: 1/3
✅ Uploaded successfully: tatebayashi_stones_443_1749825353370_1rsjak

📤 Uploading [439/2577]: images/283/IMG_2956.jpg
   📁 File size: 4643KB, Attempt: 1/3
✅ Uploaded successfully: tatebayashi_stones_444_1749825359024_qsaas

📤 Uploading [440/2577]: images/283/IMG_2957.jpg
   📁 File size: 4682KB, Attempt: 1/3
✅ Uploaded successfully: tatebayashi_stones_445_1749825364493_f5nsh
💾 Progress saved (427/2577 completed)

📤 Uploading [441/2577]: images/288/IMG_2958.jpg
   📁 File size: 6180KB, Attempt: 1/3
✅ Uploaded successfully: tatebayashi_stones_446_1749825369678_8nvnaa

📤 Uploading [442/2577]: images/291/IMG_2959.jpg
   📁 File size: 6471KB, Attempt: 1/3
✅ Uploaded successfully: tatebayashi_stones_447_1749825375969_lyvc5n

📤 Uploading [443/2577]: images/1124/IMG_2862.jpg
   📁 File size: 5036KB, Attempt: 1/3
✅ Uploaded successfully: tatebayashi_stones_448_1749825382402_vzdzw

📤 Uploading [444/2577]: images/1124/IMG_2865.jpg
   📁 File size: 3789KB, Attempt: 1/3
✅ Uploaded successfully: tatebayashi_stones_449_1749825387866_exlfzd

📤 Uploading [445/2577]: images/1124/IMG_2866.jpg
   📁 File size: 3990KB, Attempt: 1/3
✅ Uploaded successfully: tatebayashi_stones_450_1749825396162_101vns
💾 Progress saved (432/2577 completed)

📤 Uploading [446/2577]: images/1124/IMG_2863.jpg
   📁 File size: 4833KB, Attempt: 1/3
✅ Uploaded successfully: tatebayashi_stones_451_1749825401731_8heq7n

📤 Uploading [447/2577]: images/1060/IMG_2867.jpg
   📁 File size: 3998KB, Attempt: 1/3
✅ Uploaded successfully: tatebayashi_stones_452_1749825406429_6etynv

📤 Uploading [448/2577]: images/1060/IMG_2868.jpg
   📁 File size: 2715KB, Attempt: 1/3
✅ Uploaded successfully: tatebayashi_stones_453_1749825411262_snmwf

📤 Uploading [449/2577]: images/307/IMG_2901.jpg
   📁 File size: 4145KB, Attempt: 1/3
✅ Uploaded successfully: tatebayashi_stones_454_1749825415650_zu0i0a

📤 Uploading [450/2577]: images/308/IMG_2947.jpg
   📁 File size: 5123KB, Attempt: 1/3
✅ Uploaded successfully: tatebayashi_stones_455_1749825420263_4upgil
💾 Progress saved (437/2577 completed)

📤 Uploading [451/2577]: images/727/IMG_3427.jpg
   📁 File size: 4624KB, Attempt: 1/3
✅ Uploaded successfully: tatebayashi_stones_456_1749825424970_iu3a12

📤 Uploading [452/2577]: images/728/IMG_3369.jpg
   📁 File size: 4305KB, Attempt: 1/3
✅ Uploaded successfully: tatebayashi_stones_457_1749825430119_nf7kea

📤 Uploading [453/2577]: images/728/IMG_3370.jpg
   📁 File size: 4887KB, Attempt: 1/3
✅ Uploaded successfully: tatebayashi_stones_458_1749825434544_5inuga

📤 Uploading [454/2577]: images/728/IMG_3368.jpg
   📁 File size: 5102KB, Attempt: 1/3
✅ Uploaded successfully: tatebayashi_stones_459_1749825441147_02ndab

📤 Uploading [455/2577]: images/729/IMG_3407.jpg
   📁 File size: 5722KB, Attempt: 1/3
✅ Uploaded successfully: tatebayashi_stones_460_1749825447682_j9nvda
💾 Progress saved (442/2577 completed)

📤 Uploading [456/2577]: images/729/IMG_3413.jpg
   📁 File size: 5807KB, Attempt: 1/3
✅ Uploaded successfully: tatebayashi_stones_461_1749825454004_wzxpos

📤 Uploading [457/2577]: images/730/IMG_3431.jpg
   📁 File size: 5501KB, Attempt: 1/3
✅ Uploaded successfully: tatebayashi_stones_462_1749825460066_iqhme4

📤 Uploading [458/2577]: images/730/IMG_3432.jpg
   📁 File size: 5765KB, Attempt: 1/3
✅ Uploaded successfully: tatebayashi_stones_463_1749825465039_pb2x2

📤 Uploading [459/2577]: images/730/IMG_3430.jpg
   📁 File size: 5029KB, Attempt: 1/3
✅ Uploaded successfully: tatebayashi_stones_464_1749825470426_rfzajd

📤 Uploading [460/2577]: images/731/IMG_3450.jpg
   📁 File size: 4527KB, Attempt: 1/3
✅ Uploaded successfully: tatebayashi_stones_465_1749825476868_uzszp9
💾 Progress saved (447/2577 completed)

📤 Uploading [461/2577]: images/731/IMG_3451.jpg
   📁 File size: 4788KB, Attempt: 1/3
✅ Uploaded successfully: tatebayashi_stones_466_1749825481956_38wag9

📤 Uploading [462/2577]: images/731/IMG_3449.jpg
   📁 File size: 4959KB, Attempt: 1/3
✅ Uploaded successfully: tatebayashi_stones_467_1749825486707_ipsrz

📤 Uploading [463/2577]: images/726/IMG_3526.jpg
   📁 File size: 5443KB, Attempt: 1/3
✅ Uploaded successfully: tatebayashi_stones_468_1749825492269_cxxey

📤 Uploading [464/2577]: images/726/IMG_3527.jpg
   📁 File size: 5677KB, Attempt: 1/3
✅ Uploaded successfully: tatebayashi_stones_469_1749825498288_05204q

📤 Uploading [465/2577]: images/726/IMG_3528.jpg
   📁 File size: 4405KB, Attempt: 1/3
✅ Uploaded successfully: tatebayashi_stones_470_1749825502852_pk9aaq
💾 Progress saved (452/2577 completed)

📤 Uploading [466/2577]: images/726/IMG_3529.jpg
   📁 File size: 3826KB, Attempt: 1/3
✅ Uploaded successfully: tatebayashi_stones_471_1749825507508_mihxtq

📤 Uploading [467/2577]: images/726/IMG_3525.jpg
   📁 File size: 4060KB, Attempt: 1/3
✅ Uploaded successfully: tatebayashi_stones_472_1749825517812_pk817

📤 Uploading [468/2577]: images/750/IMG_3533.jpg
   📁 File size: 4301KB, Attempt: 1/3
✅ Uploaded successfully: tatebayashi_stones_473_1749825522593_1oktql

📤 Uploading [469/2577]: images/750/IMG_3534.jpg
   📁 File size: 4902KB, Attempt: 1/3
✅ Uploaded successfully: tatebayashi_stones_474_1749825526985_6zjfx

📤 Uploading [470/2577]: images/750/IMG_3532.jpg
   📁 File size: 3148KB, Attempt: 1/3
✅ Uploaded successfully: tatebayashi_stones_475_1749825532724_6gp94s
💾 Progress saved (457/2577 completed)

📤 Uploading [471/2577]: images/737/IMG_3559.jpg
   📁 File size: 3050KB, Attempt: 1/3
✅ Uploaded successfully: tatebayashi_stones_476_1749825536527_n939bh

📤 Uploading [472/2577]: images/737/IMG_3560.jpg
   📁 File size: 3558KB, Attempt: 1/3
✅ Uploaded successfully: tatebayashi_stones_477_1749825540984_4tkhl

📤 Uploading [473/2577]: images/753/IMG_3421.jpg
   📁 File size: 3088KB, Attempt: 1/3
✅ Uploaded successfully: tatebayashi_stones_478_1749825545013_lw65nh

📤 Uploading [474/2577]: images/753/IMG_3422.jpg
   📁 File size: 3463KB, Attempt: 1/3
✅ Uploaded successfully: tatebayashi_stones_479_1749825549086_huacen

📤 Uploading [475/2577]: images/981/FDAf0buagAACDw2.jpg
   📁 File size: 1158KB, Attempt: 1/3
✅ Uploaded successfully: tatebayashi_stones_480_1749825553754_9xdjnl
💾 Progress saved (462/2577 completed)

📤 Uploading [476/2577]: images/981/FDAf1dmaQAA9_Na.jpg
   📁 File size: 1454KB, Attempt: 1/3
✅ Uploaded successfully: tatebayashi_stones_481_1749825558933_88zbz

📤 Uploading [477/2577]: images/453/FDAsZ5lakAIgyLI.jpg
   📁 File size: 567KB, Attempt: 1/3
✅ Uploaded successfully: tatebayashi_stones_482_1749825563071_ttgtmf

📤 Uploading [478/2577]: images/453/FDAsYrpacAAuMIl.jpg
   📁 File size: 846KB, Attempt: 1/3
✅ Uploaded successfully: tatebayashi_stones_483_1749825566236_o56d1v

📤 Uploading [479/2577]: images/1312/FDBAO6sagAEXdtD.jpg
   📁 File size: 1645KB, Attempt: 1/3
✅ Uploaded successfully: tatebayashi_stones_484_1749825569974_34ctna

📤 Uploading [480/2577]: images/1312/FDBAMXjaUAA7_K_.jpg
   📁 File size: 1003KB, Attempt: 1/3
✅ Uploaded successfully: tatebayashi_stones_485_1749825573855_zbuuq
💾 Progress saved (467/2577 completed)

📤 Uploading [481/2577]: images/456/FDAvzcMaIAA43Rx.jpg
   📁 File size: 1303KB, Attempt: 1/3
✅ Uploaded successfully: tatebayashi_stones_486_1749825577167_8s8qem

📤 Uploading [482/2577]: images/456/FDAvx1DacAAVCy1.jpg
   📁 File size: 839KB, Attempt: 1/3
✅ Uploaded successfully: tatebayashi_stones_487_1749825581804_sgzo0d

📤 Uploading [483/2577]: images/535/FDA7x9qaIAAfN8u.jpg
   📁 File size: 1249KB, Attempt: 1/3
✅ Uploaded successfully: tatebayashi_stones_488_1749825585485_y2nugr

📤 Uploading [484/2577]: images/1122/FDPqdfcaUAAjiXJ.jpg
   📁 File size: 987KB, Attempt: 1/3
✅ Uploaded successfully: tatebayashi_stones_489_1749825589376_vp3c4s

📤 Uploading [485/2577]: images/1126/FDPnl0IakAAbx6k.jpg
   📁 File size: 1011KB, Attempt: 1/3
✅ Uploaded successfully: tatebayashi_stones_490_1749825593307_nxavir
💾 Progress saved (472/2577 completed)

📤 Uploading [486/2577]: images/1371/FDPuzGiaMAAfBdd.jpg
   📁 File size: 1201KB, Attempt: 1/3
✅ Uploaded successfully: tatebayashi_stones_491_1749825597674_0bykt

📤 Uploading [487/2577]: images/1371/FDPuvxlagAAnFEz.jpg
   📁 File size: 880KB, Attempt: 1/3
✅ Uploaded successfully: tatebayashi_stones_492_1749825601337_umjryg

📤 Uploading [488/2577]: images/1371/IMG_4740.jpg
   📁 File size: 4466KB, Attempt: 1/3
✅ Uploaded successfully: tatebayashi_stones_493_1749825607141_s2hcr9

📤 Uploading [489/2577]: images/1371/IMG_4741.jpg
   📁 File size: 4390KB, Attempt: 1/3
✅ Uploaded successfully: tatebayashi_stones_494_1749825612863_9pzyc8

📤 Uploading [490/2577]: images/1371/IMG_4742.jpg
   📁 File size: 4059KB, Attempt: 1/3
✅ Uploaded successfully: tatebayashi_stones_495_1749825618164_zs22j
💾 Progress saved (477/2577 completed)

📤 Uploading [491/2577]: images/1380/IMG_4736.jpg
   📁 File size: 6109KB, Attempt: 1/3
✅ Uploaded successfully: tatebayashi_stones_496_1749825623611_l5l7e9

📤 Uploading [492/2577]: images/1380/IMG_4738.jpg
   📁 File size: 5310KB, Attempt: 1/3
✅ Uploaded successfully: tatebayashi_stones_497_1749825628411_rvv6ep

📤 Uploading [493/2577]: images/1380/IMG_4739.jpg
   📁 File size: 4479KB, Attempt: 1/3
✅ Uploaded successfully: tatebayashi_stones_498_1749825633887_giengq

📤 Uploading [494/2577]: images/1380/IMG_4737.jpg
   📁 File size: 4830KB, Attempt: 1/3
✅ Uploaded successfully: tatebayashi_stones_499_1749825639047_ov8f9q

📤 Uploading [495/2577]: images/398/IMG_4705.jpg
   📁 File size: 5054KB, Attempt: 1/3
✅ Uploaded successfully: tatebayashi_stones_500_1749825644675_z4asnw
💾 Progress saved (482/2577 completed)

📤 Uploading [496/2577]: images/399/IMG_4713.jpg
   📁 File size: 5318KB, Attempt: 1/3
✅ Uploaded successfully: tatebayashi_stones_501_1749825649692_ldot8i

📤 Uploading [497/2577]: images/399/IMG_4712.jpg
   📁 File size: 4975KB, Attempt: 1/3
✅ Uploaded successfully: tatebayashi_stones_502_1749825654464_qfrtsp

📤 Uploading [498/2577]: images/402/IMG_4717.jpg
   📁 File size: 4893KB, Attempt: 1/3
✅ Uploaded successfully: tatebayashi_stones_503_1749825659464_rtgic8

📤 Uploading [499/2577]: images/402/IMG_4716.jpg
   📁 File size: 4907KB, Attempt: 1/3
✅ Uploaded successfully: tatebayashi_stones_504_1749825666918_gao1i

📤 Uploading [500/2577]: images/405/IMG_4714.jpg
   📁 File size: 5560KB, Attempt: 1/3
✅ Uploaded successfully: tatebayashi_stones_505_1749825671649_janw19
💾 Progress saved (487/2577 completed)

📤 Uploading [501/2577]: images/406/IMG_4715.jpg
   📁 File size: 5306KB, Attempt: 1/3
✅ Uploaded successfully: tatebayashi_stones_506_1749825676371_17b0vs

📤 Uploading [502/2577]: images/412/IMG_4711.jpg
   📁 File size: 6096KB, Attempt: 1/3
✅ Uploaded successfully: tatebayashi_stones_507_1749825681878_s1rnq

📤 Uploading [503/2577]: images/412/IMG_4710.jpg
   📁 File size: 4664KB, Attempt: 1/3
✅ Uploaded successfully: tatebayashi_stones_508_1749825687115_o0uazh

📤 Uploading [504/2577]: images/438/IMG_4706.jpg
   📁 File size: 5175KB, Attempt: 1/3
✅ Uploaded successfully: tatebayashi_stones_509_1749825692555_58fsqf

📤 Uploading [505/2577]: images/435/IMG_4707.jpg
   📁 File size: 4414KB, Attempt: 1/3
✅ Uploaded successfully: tatebayashi_stones_510_1749825702272_rpydhw
💾 Progress saved (492/2577 completed)

📤 Uploading [506/2577]: images/430/IMG_4708.jpg
   📁 File size: 4722KB, Attempt: 1/3
✅ Uploaded successfully: tatebayashi_stones_511_1749825707277_v62hup

📤 Uploading [507/2577]: images/457/IMG_4701.jpg
   📁 File size: 5218KB, Attempt: 1/3
✅ Uploaded successfully: tatebayashi_stones_512_1749825712403_6ikcn6

📤 Uploading [508/2577]: images/457/IMG_4702.jpg
   📁 File size: 4686KB, Attempt: 1/3
✅ Uploaded successfully: tatebayashi_stones_513_1749825717097_cqmr29

📤 Uploading [509/2577]: images/457/IMG_4703.jpg
   📁 File size: 4659KB, Attempt: 1/3
✅ Uploaded successfully: tatebayashi_stones_514_1749825721955_5t78d9

📤 Uploading [510/2577]: images/457/IMG_4704.jpg
   📁 File size: 4104KB, Attempt: 1/3
✅ Uploaded successfully: tatebayashi_stones_515_1749825727618_fjo71w
💾 Progress saved (497/2577 completed)

📤 Uploading [511/2577]: images/457/IMG_4699.jpg
   📁 File size: 5230KB, Attempt: 1/3
✅ Uploaded successfully: tatebayashi_stones_516_1749825733032_da2fj

📤 Uploading [512/2577]: images/459/IMG_4728.jpg
   📁 File size: 4985KB, Attempt: 1/3
✅ Uploaded successfully: tatebayashi_stones_517_1749825749529_youlv

📤 Uploading [513/2577]: images/468/IMG_4732.jpg
   📁 File size: 4617KB, Attempt: 1/3
✅ Uploaded successfully: tatebayashi_stones_518_1749825755363_bfl98j

📤 Uploading [514/2577]: images/472/IMG_4726.jpg
   📁 File size: 4340KB, Attempt: 1/3
✅ Uploaded successfully: tatebayashi_stones_519_1749825760465_5ynmqx

📤 Uploading [515/2577]: images/472/IMG_4727.jpg
   📁 File size: 3635KB, Attempt: 1/3
✅ Uploaded successfully: tatebayashi_stones_520_1749825764825_3jbe8r
💾 Progress saved (502/2577 completed)

📤 Uploading [516/2577]: images/472/IMG_4725.jpg
   📁 File size: 4095KB, Attempt: 1/3
✅ Uploaded successfully: tatebayashi_stones_521_1749825770573_w7ygm4d

📤 Uploading [517/2577]: images/480/IMG_4729.jpg
   📁 File size: 5231KB, Attempt: 1/3
✅ Uploaded successfully: tatebayashi_stones_522_1749825774841_v097im

📤 Uploading [518/2577]: images/480/IMG_4731.jpg
   📁 File size: 3988KB, Attempt: 1/3
✅ Uploaded successfully: tatebayashi_stones_523_1749825779384_7aysor

📤 Uploading [519/2577]: images/480/IMG_4730.jpg
   📁 File size: 4843KB, Attempt: 1/3
✅ Uploaded successfully: tatebayashi_stones_524_1749825784012_8p51hf

📤 Uploading [520/2577]: images/466/IMG_4723.jpg
   📁 File size: 5233KB, Attempt: 1/3
✅ Uploaded successfully: tatebayashi_stones_525_1749825788873_98779j
💾 Progress saved (507/2577 completed)

📤 Uploading [521/2577]: images/466/IMG_4724.jpg
   📁 File size: 4033KB, Attempt: 1/3
✅ Uploaded successfully: tatebayashi_stones_526_1749825793931_7epcz4

📤 Uploading [522/2577]: images/466/IMG_4722.jpg
   📁 File size: 4529KB, Attempt: 1/3
✅ Uploaded successfully: tatebayashi_stones_527_1749825798522_060w2p

📤 Uploading [523/2577]: images/470/IMG_4721.jpg
   📁 File size: 4492KB, Attempt: 1/3
✅ Uploaded successfully: tatebayashi_stones_528_1749825803207_hb62hi

📤 Uploading [524/2577]: images/470/IMG_4720.jpg
   📁 File size: 4241KB, Attempt: 1/3
✅ Uploaded successfully: tatebayashi_stones_529_1749825817594_mom7fk

📤 Uploading [525/2577]: images/1179/IMG_4819.jpg
   📁 File size: 6383KB, Attempt: 1/3
✅ Uploaded successfully: tatebayashi_stones_530_1749825822511_ly2nsr
💾 Progress saved (512/2577 completed)

📤 Uploading [526/2577]: images/1179/IMG_4820.jpg
   📁 File size: 6953KB, Attempt: 1/3
✅ Uploaded successfully: tatebayashi_stones_531_1749825828344_0042r2

📤 Uploading [527/2577]: images/1179/IMG_4821.jpg
   📁 File size: 5500KB, Attempt: 1/3
✅ Uploaded successfully: tatebayashi_stones_532_1749825833339_g90z6

📤 Uploading [528/2577]: images/1179/IMG_4818.jpg
   📁 File size: 5136KB, Attempt: 1/3
✅ Uploaded successfully: tatebayashi_stones_533_1749825838422_hzd41r

📤 Uploading [529/2577]: images/1180/IMG_4796.jpg
   📁 File size: 4961KB, Attempt: 1/3
✅ Uploaded successfully: tatebayashi_stones_534_1749825844041_ih3hv

📤 Uploading [530/2577]: images/1181/IMG_4823.jpg
   📁 File size: 4344KB, Attempt: 1/3
✅ Uploaded successfully: tatebayashi_stones_535_1749825852142_oqk0mc
💾 Progress saved (517/2577 completed)

📤 Uploading [531/2577]: images/1181/IMG_4824.jpg
   📁 File size: 5995KB, Attempt: 1/3
✅ Uploaded successfully: tatebayashi_stones_536_1749825857311_4rtjwj

📤 Uploading [532/2577]: images/1181/IMG_4825.jpg
   📁 File size: 4745KB, Attempt: 1/3
✅ Uploaded successfully: tatebayashi_stones_537_1749825863022_arg7k

📤 Uploading [533/2577]: images/1181/IMG_4827.jpg
   📁 File size: 5363KB, Attempt: 1/3
✅ Uploaded successfully: tatebayashi_stones_538_1749825867465_z2uoo

📤 Uploading [534/2577]: images/1181/IMG_4822.jpg
   📁 File size: 4388KB, Attempt: 1/3
✅ Uploaded successfully: tatebayashi_stones_539_1749825872380_vo1b56

📤 Uploading [535/2577]: images/1220/IMG_4802.jpg
   📁 File size: 6046KB, Attempt: 1/3
✅ Uploaded successfully: tatebayashi_stones_540_1749825878345_sm4zyu
💾 Progress saved (522/2577 completed)

📤 Uploading [536/2577]: images/1274/IMG_4798.jpg
   📁 File size: 4602KB, Attempt: 1/3
✅ Uploaded successfully: tatebayashi_stones_541_1749825883856_9z92q2

📤 Uploading [537/2577]: images/1312/IMG_4795.jpg
   📁 File size: 5220KB, Attempt: 1/3
✅ Uploaded successfully: tatebayashi_stones_542_1749825888489_mcm1fr

📤 Uploading [538/2577]: images/1350/IMG_4808.jpg
   📁 File size: 5105KB, Attempt: 1/3
✅ Uploaded successfully: tatebayashi_stones_543_1749825893412_sm1vt8

📤 Uploading [539/2577]: images/1350/IMG_4810.jpg
   📁 File size: 5030KB, Attempt: 1/3
✅ Uploaded successfully: tatebayashi_stones_544_1749825898954_yl43j

📤 Uploading [540/2577]: images/1350/IMG_4811.jpg
   📁 File size: 5854KB, Attempt: 1/3
✅ Uploaded successfully: tatebayashi_stones_545_1749825907600_4xaou
💾 Progress saved (527/2577 completed)

📤 Uploading [541/2577]: images/1350/IMG_4812.jpg
   📁 File size: 7265KB, Attempt: 1/3
✅ Uploaded successfully: tatebayashi_stones_546_1749825913274_dcpsiq

📤 Uploading [542/2577]: images/1350/IMG_4813.jpg
   📁 File size: 3823KB, Attempt: 1/3
✅ Uploaded successfully: tatebayashi_stones_547_1749825919145_zu64vm

📤 Uploading [543/2577]: images/1350/IMG_4809.jpg
   📁 File size: 4235KB, Attempt: 1/3
✅ Uploaded successfully: tatebayashi_stones_548_1749825924675_xqjivk

📤 Uploading [544/2577]: images/1377/IMG_4801.jpg
   📁 File size: 5550KB, Attempt: 1/3
✅ Uploaded successfully: tatebayashi_stones_549_1749825929582_kv8rdkp

📤 Uploading [545/2577]: images/1616/IMG_4830.jpg
   📁 File size: 5070KB, Attempt: 1/3
✅ Uploaded successfully: tatebayashi_stones_550_1749825935208_vo2fl
💾 Progress saved (532/2577 completed)

📤 Uploading [546/2577]: images/1834/IMG_4832.jpg
   📁 File size: 4070KB, Attempt: 1/3
✅ Uploaded successfully: tatebayashi_stones_551_1749825940332_ulkuw9

📤 Uploading [547/2577]: images/1834/IMG_4831.jpg
   📁 File size: 6063KB, Attempt: 1/3
✅ Uploaded successfully: tatebayashi_stones_552_1749825945376_6xsgdk

📤 Uploading [548/2577]: images/1610/IMG_4836.jpg
   📁 File size: 3929KB, Attempt: 1/3
✅ Uploaded successfully: tatebayashi_stones_553_1749825950663_fsx93n

📤 Uploading [549/2577]: images/1610/IMG_4835.jpg
   📁 File size: 4497KB, Attempt: 1/3
✅ Uploaded successfully: tatebayashi_stones_554_1749825955942_x53j1g

📤 Uploading [550/2577]: images/1611/IMG_4838.jpg
   📁 File size: 5751KB, Attempt: 1/3
✅ Uploaded successfully: tatebayashi_stones_555_1749825960762_5jh77
💾 Progress saved (537/2577 completed)

📤 Uploading [551/2577]: images/1175/IMG_4843.jpg
   📁 File size: 3996KB, Attempt: 1/3
✅ Uploaded successfully: tatebayashi_stones_556_1749825966669_9oxco9

📤 Uploading [552/2577]: images/1175/IMG_4844.jpg
   📁 File size: 4852KB, Attempt: 1/3
✅ Uploaded successfully: tatebayashi_stones_557_1749825971990_wzv76k

📤 Uploading [553/2577]: images/1175/IMG_4845.jpg
   📁 File size: 6372KB, Attempt: 1/3
✅ Uploaded successfully: tatebayashi_stones_558_1749825977021_8riuls

📤 Uploading [554/2577]: images/1175/IMG_4842.jpg
   📁 File size: 5485KB, Attempt: 1/3
✅ Uploaded successfully: tatebayashi_stones_559_1749825987639_aupx2h

📤 Uploading [555/2577]: images/1271/IMG_4846.jpg
   📁 File size: 6289KB, Attempt: 1/3
✅ Uploaded successfully: tatebayashi_stones_560_1749825994510_bl3jad
💾 Progress saved (542/2577 completed)

📤 Uploading [556/2577]: images/1270/IMG_4852.jpg
   📁 File size: 4522KB, Attempt: 1/3
✅ Uploaded successfully: tatebayashi_stones_561_1749826002332_knf9d

📤 Uploading [557/2577]: images/1270/IMG_4850.jpg
   📁 File size: 6006KB, Attempt: 1/3
✅ Uploaded successfully: tatebayashi_stones_562_1749826022853_sjw4ah

📤 Uploading [558/2577]: images/1215/IMG_4855.jpg
   📁 File size: 4268KB, Attempt: 1/3
✅ Uploaded successfully: tatebayashi_stones_563_1749826033465_muk9tr

📤 Uploading [559/2577]: images/1376/IMG_4858.jpg
   📁 File size: 4357KB, Attempt: 1/3
✅ Uploaded successfully: tatebayashi_stones_564_1749826038649_p4xyei

📤 Uploading [560/2577]: images/1376/IMG_4857.jpg
   📁 File size: 5420KB, Attempt: 1/3
✅ Uploaded successfully: tatebayashi_stones_565_1749826044095_h6z0m
💾 Progress saved (547/2577 completed)

📤 Uploading [561/2577]: images/1267/IMG_4864.jpg
   📁 File size: 7363KB, Attempt: 1/3
✅ Uploaded successfully: tatebayashi_stones_566_1749826052607_5hakq

📤 Uploading [562/2577]: images/1267/IMG_4865.jpg
   📁 File size: 5084KB, Attempt: 1/3
✅ Uploaded successfully: tatebayashi_stones_567_1749826059000_42hs3k

📤 Uploading [563/2577]: images/1267/IMG_4866.jpg
   📁 File size: 6736KB, Attempt: 1/3
✅ Uploaded successfully: tatebayashi_stones_568_1749826064071_9drcnw

📤 Uploading [564/2577]: images/1267/IMG_4863.jpg
   📁 File size: 6393KB, Attempt: 1/3
✅ Uploaded successfully: tatebayashi_stones_569_1749826070266_hmn0sc

📤 Uploading [565/2577]: images/1373/IMG_4860.jpg
   📁 File size: 6709KB, Attempt: 1/3
✅ Uploaded successfully: tatebayashi_stones_570_1749826075704_9int8m
💾 Progress saved (552/2577 completed)

📤 Uploading [566/2577]: images/1176/IMG_4872.jpg
   📁 File size: 4214KB, Attempt: 1/3
✅ Uploaded successfully: tatebayashi_stones_571_1749826081403_glgryr

📤 Uploading [567/2577]: images/1176/IMG_4871.jpg
   📁 File size: 3879KB, Attempt: 1/3
✅ Uploaded successfully: tatebayashi_stones_572_1749826087372_nfjf8

📤 Uploading [568/2577]: images/1177/IMG_4870.jpg
   📁 File size: 4059KB, Attempt: 1/3
✅ Uploaded successfully: tatebayashi_stones_573_1749826092074_3lumt

📤 Uploading [569/2577]: images/1214/IMG_4875.jpg
   📁 File size: 5269KB, Attempt: 1/3
✅ Uploaded successfully: tatebayashi_stones_574_1749826100523_hleijh

📤 Uploading [570/2577]: images/1216/IMG_4889.jpg
   📁 File size: 5483KB, Attempt: 1/3
✅ Uploaded successfully: tatebayashi_stones_575_1749826105272_3jphtl
💾 Progress saved (557/2577 completed)

📤 Uploading [571/2577]: images/1216/IMG_4891.jpg
   📁 File size: 5666KB, Attempt: 1/3
✅ Uploaded successfully: tatebayashi_stones_576_1749826110052_9wl3vb

📤 Uploading [572/2577]: images/1217/IMG_4894.jpg
   📁 File size: 5304KB, Attempt: 1/3
✅ Uploaded successfully: tatebayashi_stones_577_1749826115223_lp2qgl

📤 Uploading [573/2577]: images/1268/IMG_4880.jpg
   📁 File size: 5361KB, Attempt: 1/3
✅ Uploaded successfully: tatebayashi_stones_578_1749826120032_yes9s7

📤 Uploading [574/2577]: images/1311/IMG_4877.jpg
   📁 File size: 4260KB, Attempt: 1/3
✅ Uploaded successfully: tatebayashi_stones_579_1749826124797_lfc9sw

📤 Uploading [575/2577]: images/1311/IMG_4876.jpg
   📁 File size: 5250KB, Attempt: 1/3
✅ Uploaded successfully: tatebayashi_stones_580_1749826129840_vk23ok
💾 Progress saved (562/2577 completed)

📤 Uploading [576/2577]: images/1609/IMG_4883.jpg
   📁 File size: 6392KB, Attempt: 1/3
✅ Uploaded successfully: tatebayashi_stones_581_1749826136136_qgso1i

📤 Uploading [577/2577]: images/1269/IMG_4896.jpg
   📁 File size: 3465KB, Attempt: 1/3
✅ Uploaded successfully: tatebayashi_stones_582_1749826142573_eoavmk

📤 Uploading [578/2577]: images/1269/IMG_4895.jpg
   📁 File size: 5291KB, Attempt: 1/3
✅ Uploaded successfully: tatebayashi_stones_583_1749826147557_7kh2ut

📤 Uploading [579/2577]: images/1608/IMG_4908.jpg
   📁 File size: 3531KB, Attempt: 1/3
✅ Uploaded successfully: tatebayashi_stones_584_1749826166859_5wwgcq

📤 Uploading [580/2577]: images/404/IMG_4917.jpg
   📁 File size: 2823KB, Attempt: 1/3
✅ Uploaded successfully: tatebayashi_stones_585_1749826171860_3ahbuc
💾 Progress saved (567/2577 completed)

📤 Uploading [581/2577]: images/426/IMG_4911.jpg
   📁 File size: 4102KB, Attempt: 1/3
✅ Uploaded successfully: tatebayashi_stones_586_1749826176698_zftxmp

📤 Uploading [582/2577]: images/429/IMG_4914.jpg
   📁 File size: 3672KB, Attempt: 1/3
✅ Uploaded successfully: tatebayashi_stones_587_1749826181617_xjqj2

📤 Uploading [583/2577]: images/434/IMG_4913.jpg
   📁 File size: 3695KB, Attempt: 1/3
✅ Uploaded successfully: tatebayashi_stones_588_1749826186390_dj3s5p

📤 Uploading [584/2577]: images/454/tomigi_23ya_1.jpg
   📁 File size: 5813KB, Attempt: 1/3
✅ Uploaded successfully: tatebayashi_stones_589_1749826190924_xrtjgg

📤 Uploading [585/2577]: images/454/tomigi_23ya_2.jpg
   📁 File size: 5749KB, Attempt: 1/3
✅ Uploaded successfully: tatebayashi_stones_590_1749826196350_4kbtrl
💾 Progress saved (572/2577 completed)

📤 Uploading [586/2577]: images/1806/IMG_4930.jpg
   📁 File size: 5451KB, Attempt: 1/3
✅ Uploaded successfully: tatebayashi_stones_591_1749826201564_g8gc6cf

📤 Uploading [587/2577]: images/1805/IMG_4929.jpg
   📁 File size: 5380KB, Attempt: 1/3
✅ Uploaded successfully: tatebayashi_stones_592_1749826209405_k7012k

📤 Uploading [588/2577]: images/1807/IMG_4931.jpg
   📁 File size: 4953KB, Attempt: 1/3
✅ Uploaded successfully: tatebayashi_stones_593_1749826214536_myp6xd

📤 Uploading [589/2577]: images/1808/IMG_4935.jpg
   📁 File size: 4176KB, Attempt: 1/3
✅ Uploaded successfully: tatebayashi_stones_594_1749826219024_obek1a

📤 Uploading [590/2577]: images/1809/IMG_4932.jpg
   📁 File size: 4770KB, Attempt: 1/3
✅ Uploaded successfully: tatebayashi_stones_595_1749826224238_3vd0lh
💾 Progress saved (577/2577 completed)

📤 Uploading [591/2577]: images/1809/IMG_4933.jpg
   📁 File size: 4917KB, Attempt: 1/3
✅ Uploaded successfully: tatebayashi_stones_596_1749826229252_cn0jw

📤 Uploading [592/2577]: images/1809/IMG_4934.jpg
   📁 File size: 3990KB, Attempt: 1/3
✅ Uploaded successfully: tatebayashi_stones_597_1749826234585_9fmiig

📤 Uploading [593/2577]: images/1753/IMG_4940.jpg
   📁 File size: 4320KB, Attempt: 1/3
✅ Uploaded successfully: tatebayashi_stones_598_1749826240178_zi05s

📤 Uploading [594/2577]: images/1684/IMG_4960.jpg
   📁 File size: 4852KB, Attempt: 1/3
✅ Uploaded successfully: tatebayashi_stones_599_1749826245587_shsrrd

📤 Uploading [595/2577]: images/1645/IMG_4967.jpg
   📁 File size: 4163KB, Attempt: 1/3
✅ Uploaded successfully: tatebayashi_stones_600_1749826249886_d52dt
💾 Progress saved (582/2577 completed)

📤 Uploading [596/2577]: images/1645/IMG_4968.jpg
   📁 File size: 4711KB, Attempt: 1/3
✅ Uploaded successfully: tatebayashi_stones_601_1749826255394_ypl2fq

📤 Uploading [597/2577]: images/1650/IMG_4961.jpg
   📁 File size: 5598KB, Attempt: 1/3
✅ Uploaded successfully: tatebayashi_stones_602_1749826259627_geubqi

📤 Uploading [598/2577]: images/1678/IMG_4963.jpg
   📁 File size: 4977KB, Attempt: 1/3
✅ Uploaded successfully: tatebayashi_stones_603_1749826264898_9d1k3

📤 Uploading [599/2577]: images/1679/IMG_4965.jpg
   📁 File size: 4484KB, Attempt: 1/3
✅ Uploaded successfully: tatebayashi_stones_604_1749826271606_aqwwx8

📤 Uploading [600/2577]: images/1646/IMG_4969.jpg
   📁 File size: 3513KB, Attempt: 1/3
✅ Uploaded successfully: tatebayashi_stones_605_1749826279369_x6pz4
💾 Progress saved (587/2577 completed)

📤 Uploading [601/2577]: images/1648/IMG_4972.jpg
   📁 File size: 4849KB, Attempt: 1/3
✅ Uploaded successfully: tatebayashi_stones_606_1749826284988_qjrzo

📤 Uploading [602/2577]: images/476/IMG_4954.jpg
   📁 File size: 2926KB, Attempt: 1/3
✅ Uploaded successfully: tatebayashi_stones_607_1749826289189_u4n8wd

📤 Uploading [603/2577]: images/476/IMG_4955.jpg
   📁 File size: 3169KB, Attempt: 1/3
✅ Uploaded successfully: tatebayashi_stones_608_1749826293238_7pgx6

📤 Uploading [604/2577]: images/476/IMG_4953.jpg
   📁 File size: 2868KB, Attempt: 1/3
✅ Uploaded successfully: tatebayashi_stones_609_1749826297216_lfw5vgk

📤 Uploading [605/2577]: images/534/IMG_4975.jpg
   📁 File size: 4948KB, Attempt: 1/3
✅ Uploaded successfully: tatebayashi_stones_610_1749826301606_a3zayl
💾 Progress saved (592/2577 completed)

📤 Uploading [606/2577]: images/534/IMG_4974.jpg
   📁 File size: 6165KB, Attempt: 1/3
✅ Uploaded successfully: tatebayashi_stones_611_1749826307867_e91byp

📤 Uploading [607/2577]: images/1647/IMG_4942.jpg
   📁 File size: 4667KB, Attempt: 1/3
✅ Uploaded successfully: tatebayashi_stones_612_1749826312644_g5pbx

📤 Uploading [608/2577]: images/1649/IMG_5001.jpg
   📁 File size: 7621KB, Attempt: 1/3
✅ Uploaded successfully: tatebayashi_stones_613_1749826319211_w462mc

📤 Uploading [609/2577]: images/1643/IMG_5003.jpg
   📁 File size: 5214KB, Attempt: 1/3
✅ Uploaded successfully: tatebayashi_stones_614_1749826325371_33g2u5

📤 Uploading [610/2577]: images/1644/IMG_5002.jpg
   📁 File size: 4775KB, Attempt: 1/3
✅ Uploaded successfully: tatebayashi_stones_615_1749826345633_dbzmj
💾 Progress saved (597/2577 completed)

📤 Uploading [611/2577]: images/537/IMG_4952.jpg
   📁 File size: 3694KB, Attempt: 1/3
✅ Uploaded successfully: tatebayashi_stones_616_1749826350531_wfu70s

📤 Uploading [612/2577]: images/1835/IMG_4956.jpg
   📁 File size: 3924KB, Attempt: 1/3
✅ Uploaded successfully: tatebayashi_stones_617_1749826355209_d0324n

📤 Uploading [613/2577]: images/1836/IMG_4958.jpg
   📁 File size: 4419KB, Attempt: 1/3
✅ Uploaded successfully: tatebayashi_stones_618_1749826359793_27jv6

📤 Uploading [614/2577]: images/1836/IMG_4959.jpg
   📁 File size: 4565KB, Attempt: 1/3
✅ Uploaded successfully: tatebayashi_stones_619_1749826364787_umwxn

📤 Uploading [615/2577]: images/1836/IMG_4957.jpg
   📁 File size: 4227KB, Attempt: 1/3
✅ Uploaded successfully: tatebayashi_stones_620_1749826369592_4470f
💾 Progress saved (602/2577 completed)

📤 Uploading [616/2577]: images/1837/IMG_4944.jpg
   📁 File size: 4732KB, Attempt: 1/3
✅ Uploaded successfully: tatebayashi_stones_621_1749826373870_z863rf

📤 Uploading [617/2577]: images/1837/IMG_4945.jpg
   📁 File size: 4954KB, Attempt: 1/3
✅ Uploaded successfully: tatebayashi_stones_622_1749826379105_kr5mec

📤 Uploading [618/2577]: images/1837/IMG_4946.jpg
   📁 File size: 4300KB, Attempt: 1/3
✅ Uploaded successfully: tatebayashi_stones_623_1749826385139_qsc2b

📤 Uploading [619/2577]: images/1837/IMG_4943.jpg
   📁 File size: 4913KB, Attempt: 1/3
✅ Uploaded successfully: tatebayashi_stones_624_1749826390333_gt6tw

📤 Uploading [620/2577]: images/876/IMG_3734.jpg
   📁 File size: 4787KB, Attempt: 1/3
✅ Uploaded successfully: tatebayashi_stones_625_1749826396530_mthpxl
💾 Progress saved (607/2577 completed)

📤 Uploading [621/2577]: images/876/IMG_3733.jpg
   📁 File size: 6131KB, Attempt: 1/3
✅ Uploaded successfully: tatebayashi_stones_626_1749826401697_y7vz4n

📤 Uploading [622/2577]: images/403/IMG_5009.jpg
   📁 File size: 5493KB, Attempt: 1/3
✅ Uploaded successfully: tatebayashi_stones_627_1749826407445_15g4t

📤 Uploading [623/2577]: images/403/IMG_5010.jpg
   📁 File size: 5874KB, Attempt: 1/3
✅ Uploaded successfully: tatebayashi_stones_628_1749826412454_r6waw6

📤 Uploading [624/2577]: images/403/IMG_5011.jpg
   📁 File size: 4564KB, Attempt: 1/3
✅ Uploaded successfully: tatebayashi_stones_629_1749826417953_s5zy1h

📤 Uploading [625/2577]: images/403/IMG_5012.jpg
   📁 File size: 4639KB, Attempt: 1/3
✅ Uploaded successfully: tatebayashi_stones_630_1749826422456_ef6baee
💾 Progress saved (612/2577 completed)

📤 Uploading [626/2577]: images/403/IMG_5004.jpg
   📁 File size: 3868KB, Attempt: 1/3
✅ Uploaded successfully: tatebayashi_stones_631_1749826428018_9ws2io

📤 Uploading [627/2577]: images/416/IMG_5006.jpg
   📁 File size: 4776KB, Attempt: 1/3
✅ Uploaded successfully: tatebayashi_stones_632_1749826436182_ujskx9

📤 Uploading [628/2577]: images/416/IMG_5007.jpg
   📁 File size: 4330KB, Attempt: 1/3
✅ Uploaded successfully: tatebayashi_stones_633_1749826441321_d4n6be

📤 Uploading [629/2577]: images/416/IMG_5008.jpg
   📁 File size: 4620KB, Attempt: 1/3
✅ Uploaded successfully: tatebayashi_stones_634_1749826446544_x52yf

📤 Uploading [630/2577]: images/416/IMG_5005.jpg
   📁 File size: 3938KB, Attempt: 1/3
✅ Uploaded successfully: tatebayashi_stones_635_1749826451849_vulm1q
💾 Progress saved (617/2577 completed)

📤 Uploading [631/2577]: images/478/IMG_3821.jpg
   📁 File size: 4426KB, Attempt: 1/3
✅ Uploaded successfully: tatebayashi_stones_636_1749826456902_0lhlgf

📤 Uploading [632/2577]: images/478/IMG_3820.jpg
   📁 File size: 4552KB, Attempt: 1/3
✅ Uploaded successfully: tatebayashi_stones_637_1749826462419_nkynde

📤 Uploading [633/2577]: images/400/IMG_5099.jpg
   📁 File size: 3638KB, Attempt: 1/3
✅ Uploaded successfully: tatebayashi_stones_638_1749826473785_k0gpnl

📤 Uploading [634/2577]: images/400/IMG_5098.jpg
   📁 File size: 4553KB, Attempt: 1/3
✅ Uploaded successfully: tatebayashi_stones_639_1749826478395_832dpvc

📤 Uploading [635/2577]: images/469/IMG_5103.jpg
   📁 File size: 4708KB, Attempt: 1/3
✅ Uploaded successfully: tatebayashi_stones_640_1749826483103_qqucyk
💾 Progress saved (622/2577 completed)

📤 Uploading [636/2577]: images/453/IMG_5104.jpg
   📁 File size: 3326KB, Attempt: 1/3
✅ Uploaded successfully: tatebayashi_stones_641_1749826487677_n50o6b

📤 Uploading [637/2577]: images/1838/IMG_5112.jpg
   📁 File size: 2648KB, Attempt: 1/3
✅ Uploaded successfully: tatebayashi_stones_642_1749826492215_tsp41n

📤 Uploading [638/2577]: images/1838/IMG_5113.jpg
   📁 File size: 2965KB, Attempt: 1/3
✅ Uploaded successfully: tatebayashi_stones_643_1749826495963_70wdyq

📤 Uploading [639/2577]: images/1838/IMG_5110.jpg
   📁 File size: 3713KB, Attempt: 1/3
✅ Uploaded successfully: tatebayashi_stones_644_1749826501341_p4drbt

📤 Uploading [640/2577]: images/1839/IMG_5117.jpg
   📁 File size: 4466KB, Attempt: 1/3
✅ Uploaded successfully: tatebayashi_stones_645_1749826507557_nk2t5s
💾 Progress saved (627/2577 completed)

📤 Uploading [641/2577]: images/1839/IMG_5118.jpg
   📁 File size: 6740KB, Attempt: 1/3
✅ Uploaded successfully: tatebayashi_stones_646_1749826515989_shbihv

📤 Uploading [642/2577]: images/1839/IMG_5116.jpg
   📁 File size: 5142KB, Attempt: 1/3
✅ Uploaded successfully: tatebayashi_stones_647_1749826522789_dbzob5

📤 Uploading [643/2577]: images/410/IMG_5144.jpg
   📁 File size: 3530KB, Attempt: 1/3
✅ Uploaded successfully: tatebayashi_stones_648_1749826530699_ivzk2

📤 Uploading [644/2577]: images/410/IMG_5145.jpg
   📁 File size: 3552KB, Attempt: 1/3
✅ Uploaded successfully: tatebayashi_stones_649_1749826537072_eu0vzo

📤 Uploading [645/2577]: images/410/IMG_5146.jpg
   📁 File size: 4330KB, Attempt: 1/3
✅ Uploaded successfully: tatebayashi_stones_650_1749826541209_pmogb
💾 Progress saved (632/2577 completed)

📤 Uploading [646/2577]: images/410/IMG_5143.jpg
   📁 File size: 3890KB, Attempt: 1/3
✅ Uploaded successfully: tatebayashi_stones_651_1749826551613_gj2iq

📤 Uploading [647/2577]: images/1840/IMG_5147.jpg
   📁 File size: 3450KB, Attempt: 1/3
✅ Uploaded successfully: tatebayashi_stones_652_1749826557398_22z5

📤 Uploading [648/2577]: images/1653/IMG_5152.jpg
   📁 File size: 5515KB, Attempt: 1/3
✅ Uploaded successfully: tatebayashi_stones_653_1749826562720_qdzjq

📤 Uploading [649/2577]: images/1676/IMG_5155.jpg
   📁 File size: 3859KB, Attempt: 1/3
✅ Uploaded successfully: tatebayashi_stones_654_1749826570060_or2qod

📤 Uploading [650/2577]: images/544/IMG_5159.jpg
   📁 File size: 3825KB, Attempt: 1/3
✅ Uploaded successfully: tatebayashi_stones_655_1749826574311_mulox6
💾 Progress saved (637/2577 completed)

📤 Uploading [651/2577]: images/1654/IMG_5160.jpg
   📁 File size: 3798KB, Attempt: 1/3
✅ Uploaded successfully: tatebayashi_stones_656_1749826580205_v3yc2q

📤 Uploading [652/2577]: images/1677/IMG_5163.jpg
   📁 File size: 3306KB, Attempt: 1/3
✅ Uploaded successfully: tatebayashi_stones_657_1749826585355_mx6xeq

📤 Uploading [653/2577]: images/448/IMG_5167.jpg
   📁 File size: 5031KB, Attempt: 1/3
✅ Uploaded successfully: tatebayashi_stones_658_1749826589938_q1ri9n

📤 Uploading [654/2577]: images/448/IMG_5168.jpg
   📁 File size: 5317KB, Attempt: 1/3
✅ Uploaded successfully: tatebayashi_stones_659_1749826596709_jd4d2t

📤 Uploading [655/2577]: images/448/IMG_5169.jpg
   📁 File size: 4930KB, Attempt: 1/3
✅ Uploaded successfully: tatebayashi_stones_660_1749826601873_dqw40n
💾 Progress saved (642/2577 completed)

📤 Uploading [656/2577]: images/448/IMG_5166.jpg
   📁 File size: 3733KB, Attempt: 1/3
✅ Uploaded successfully: tatebayashi_stones_661_1749826606702_b62thk

📤 Uploading [657/2577]: images/409/IMG_5171.jpg
   📁 File size: 4296KB, Attempt: 1/3
✅ Uploaded successfully: tatebayashi_stones_662_1749826613458_bvym1m

📤 Uploading [658/2577]: images/409/IMG_5172.jpg
   📁 File size: 4494KB, Attempt: 1/3
✅ Uploaded successfully: tatebayashi_stones_663_1749826619191_g2mbm8

📤 Uploading [659/2577]: images/409/IMG_5170.jpg
   📁 File size: 3658KB, Attempt: 1/3
✅ Uploaded successfully: tatebayashi_stones_664_1749826624444_eomfbp

📤 Uploading [660/2577]: images/388/IMG_5178.jpg
   📁 File size: 2636KB, Attempt: 1/3
✅ Uploaded successfully: tatebayashi_stones_665_1749826629280_5wqm6p
💾 Progress saved (647/2577 completed)

📤 Uploading [661/2577]: images/419/IMG_5018.jpg
   📁 File size: 4326KB, Attempt: 1/3
✅ Uploaded successfully: tatebayashi_stones_666_1749826633453_nv5pf

📤 Uploading [662/2577]: images/460/IMG_5028.jpg
   📁 File size: 3774KB, Attempt: 1/3
✅ Uploaded successfully: tatebayashi_stones_667_1749826638398_2gz1k5

📤 Uploading [663/2577]: images/460/IMG_5027.jpg
   📁 File size: 4230KB, Attempt: 1/3
✅ Uploaded successfully: tatebayashi_stones_668_1749826643270_d47vs

📤 Uploading [664/2577]: images/461/IMG_5029.jpg
   📁 File size: 3637KB, Attempt: 1/3
✅ Uploaded successfully: tatebayashi_stones_669_1749826648196_dhqntq

📤 Uploading [665/2577]: images/461/IMG_5030.jpg
   📁 File size: 4008KB, Attempt: 1/3
✅ Uploaded successfully: tatebayashi_stones_670_1749826652229_so9lx
💾 Progress saved (652/2577 completed)

📤 Uploading [666/2577]: images/1798/FFKPnxdakAAIed9.jpg
   📁 File size: 1041KB, Attempt: 1/3
✅ Uploaded successfully: tatebayashi_stones_671_1749826658450_ejpsjb

📤 Uploading [667/2577]: images/423/IMG_8777.jpg
   📁 File size: 5211KB, Attempt: 1/3
✅ Uploaded successfully: tatebayashi_stones_672_1749826661973_78if8j

📤 Uploading [668/2577]: images/433/IMG_8776.jpg
   📁 File size: 4514KB, Attempt: 1/3
✅ Uploaded successfully: tatebayashi_stones_673_1749826666702_ahrx1p

📤 Uploading [669/2577]: images/439/IMG_8779.jpg
   📁 File size: 4550KB, Attempt: 1/3
✅ Uploaded successfully: tatebayashi_stones_674_1749826671709_6sv0r

📤 Uploading [670/2577]: images/452/IMG_8780.jpg
   📁 File size: 4011KB, Attempt: 1/3
✅ Uploaded successfully: tatebayashi_stones_675_1749826676518_gpoe4t
💾 Progress saved (657/2577 completed)

📤 Uploading [671/2577]: images/475/IMG_8781.jpg
   📁 File size: 4633KB, Attempt: 1/3
✅ Uploaded successfully: tatebayashi_stones_676_1749826681097_wqwbq7

📤 Uploading [672/2577]: images/479/IMG_8778.jpg
   📁 File size: 5610KB, Attempt: 1/3
✅ Uploaded successfully: tatebayashi_stones_677_1749826686228_ap4o0y

📤 Uploading [673/2577]: images/473/IMG_8782.jpg
   📁 File size: 3307KB, Attempt: 1/3
✅ Uploaded successfully: tatebayashi_stones_678_1749826691524_ngki5h

📤 Uploading [674/2577]: images/471/IMG_8775.jpg
   📁 File size: 5010KB, Attempt: 1/3
✅ Uploaded successfully: tatebayashi_stones_679_1749826701733_84aihv

📤 Uploading [675/2577]: images/397/IMG_8772.jpg
   📁 File size: 4971KB, Attempt: 1/3
✅ Uploaded successfully: tatebayashi_stones_680_1749826706777_beps2j
💾 Progress saved (662/2577 completed)

📤 Uploading [676/2577]: images/450/IMG_5032.jpg
   📁 File size: 4498KB, Attempt: 1/3
✅ Uploaded successfully: tatebayashi_stones_681_1749826711264_0j1qke

📤 Uploading [677/2577]: images/450/IMG_5033.jpg
   📁 File size: 5739KB, Attempt: 1/3
✅ Uploaded successfully: tatebayashi_stones_682_1749826716923_p9cfui

📤 Uploading [678/2577]: images/450/IMG_5034.jpg
   📁 File size: 5017KB, Attempt: 1/3
✅ Uploaded successfully: tatebayashi_stones_683_1749826722890_18qbrv

📤 Uploading [679/2577]: images/450/IMG_5031.jpg
   📁 File size: 4751KB, Attempt: 1/3
✅ Uploaded successfully: tatebayashi_stones_684_1749826727561_bjg25e

📤 Uploading [680/2577]: images/1841/IMG_5046.jpg
   📁 File size: 4987KB, Attempt: 1/3
✅ Uploaded successfully: tatebayashi_stones_685_1749826733929_73m1plm
💾 Progress saved (667/2577 completed)

📤 Uploading [681/2577]: images/1841/IMG_5047.jpg
   📁 File size: 3205KB, Attempt: 1/3
✅ Uploaded successfully: tatebayashi_stones_686_1749826739134_v7ned

📤 Uploading [682/2577]: images/1841/IMG_5799.jpg
   📁 File size: 2211KB, Attempt: 1/3
✅ Uploaded successfully: tatebayashi_stones_687_1749826745924_mya8wj

📤 Uploading [683/2577]: images/1841/IMG_0172.jpg
   📁 File size: 2327KB, Attempt: 1/3
✅ Uploaded successfully: tatebayashi_stones_688_1749826750417_2hvoq

📤 Uploading [684/2577]: images/1618/IMG_3857.jpg
   📁 File size: 4852KB, Attempt: 1/3
✅ Uploaded successfully: tatebayashi_stones_689_1749826755241_2qihx

📤 Uploading [685/2577]: images/1618/IMG_3858.jpg
   📁 File size: 6140KB, Attempt: 1/3
✅ Uploaded successfully: tatebayashi_stones_690_1749826760830_z3dm55
💾 Progress saved (672/2577 completed)

📤 Uploading [686/2577]: images/1618/IMG_3856.jpg
   📁 File size: 6355KB, Attempt: 1/3
✅ Uploaded successfully: tatebayashi_stones_691_1749826766400_br5j9f

📤 Uploading [687/2577]: images/1366/IMG_3853.jpg
   📁 File size: 5651KB, Attempt: 1/3
✅ Uploaded successfully: tatebayashi_stones_692_1749826771134_wig6pa

📤 Uploading [688/2577]: images/1366/IMG_3854.jpg
   📁 File size: 4674KB, Attempt: 1/3
✅ Uploaded successfully: tatebayashi_stones_693_1749826781632_ji0ll

📤 Uploading [689/2577]: images/1366/IMG_3855.jpg
   📁 File size: 4035KB, Attempt: 1/3
✅ Uploaded successfully: tatebayashi_stones_694_1749826786879_v6ud7h

📤 Uploading [690/2577]: images/1366/IMG_3852.jpg
   📁 File size: 5399KB, Attempt: 1/3
✅ Uploaded successfully: tatebayashi_stones_695_1749826791486_0pubri
💾 Progress saved (677/2577 completed)

📤 Uploading [691/2577]: images/1219/IMG_3862.jpg
   📁 File size: 5787KB, Attempt: 1/3
✅ Uploaded successfully: tatebayashi_stones_696_1749826803063_eenbr

📤 Uploading [692/2577]: images/1178/IMG_3860.jpg
   📁 File size: 4755KB, Attempt: 1/3
✅ Uploaded successfully: tatebayashi_stones_697_1749826807706_tr0r4c

📤 Uploading [693/2577]: images/1178/IMG_3861.jpg
   📁 File size: 5166KB, Attempt: 1/3
✅ Uploaded successfully: tatebayashi_stones_698_1749826812446_lds7hq

📤 Uploading [694/2577]: images/1178/IMG_3859.jpg
   📁 File size: 6540KB, Attempt: 1/3
✅ Uploaded successfully: tatebayashi_stones_699_1749826817692_h2szge

📤 Uploading [695/2577]: images/462/IMG_5038.jpg
   📁 File size: 5304KB, Attempt: 1/3
✅ Uploaded successfully: tatebayashi_stones_700_1749826823477_g0dns
💾 Progress saved (682/2577 completed)

📤 Uploading [696/2577]: images/465/IMG_5035.jpg
   📁 File size: 4856KB, Attempt: 1/3
✅ Uploaded successfully: tatebayashi_stones_701_1749826829307_try1ym

📤 Uploading [697/2577]: images/463/IMG_8773.jpg
   📁 File size: 4805KB, Attempt: 1/3
✅ Uploaded successfully: tatebayashi_stones_702_1749826834248_dlh97a

📤 Uploading [698/2577]: images/467/IMG_8774.jpg
   📁 File size: 4701KB, Attempt: 1/3
✅ Uploaded successfully: tatebayashi_stones_703_1749826839668_qfr0xo

📤 Uploading [699/2577]: images/1777/IMG_3033.jpg
   📁 File size: 4016KB, Attempt: 1/3
✅ Uploaded successfully: tatebayashi_stones_704_1749826844064_jcifzr

📤 Uploading [700/2577]: images/1778/IMG_3034.jpg
   📁 File size: 4087KB, Attempt: 1/3
✅ Uploaded successfully: tatebayashi_stones_705_1749826848829_ibpjui
💾 Progress saved (687/2577 completed)

📤 Uploading [701/2577]: images/1779/IMG_3035.jpg
   📁 File size: 3317KB, Attempt: 1/3
✅ Uploaded successfully: tatebayashi_stones_706_1749826853436_f6iyx

📤 Uploading [702/2577]: images/937/IMG_3049.jpg
   📁 File size: 4174KB, Attempt: 1/3
✅ Uploaded successfully: tatebayashi_stones_707_1749826858218_po9gaq

📤 Uploading [703/2577]: images/937/IMG_3048.jpg
   📁 File size: 4610KB, Attempt: 1/3
✅ Uploaded successfully: tatebayashi_stones_708_1749826862866_44kd4x

📤 Uploading [704/2577]: images/928/IMG_3046.jpg
   📁 File size: 5069KB, Attempt: 1/3
✅ Uploaded successfully: tatebayashi_stones_709_1749826868736_dkxxkk

📤 Uploading [705/2577]: images/928/IMG_3047.jpg
   📁 File size: 4809KB, Attempt: 1/3
✅ Uploaded successfully: tatebayashi_stones_710_1749826873406_xnkafe
💾 Progress saved (692/2577 completed)

📤 Uploading [706/2577]: images/928/IMG_3045.jpg
   📁 File size: 5362KB, Attempt: 1/3
✅ Uploaded successfully: tatebayashi_stones_711_1749826878080_j7kblc

📤 Uploading [707/2577]: images/963/IMG_3044.jpg
   📁 File size: 4672KB, Attempt: 1/3
✅ Uploaded successfully: tatebayashi_stones_712_1749826883620_vjoaqn

📤 Uploading [708/2577]: images/963/IMG_3043.jpg
   📁 File size: 5728KB, Attempt: 1/3
✅ Uploaded successfully: tatebayashi_stones_713_1749826888489_g9i5br

📤 Uploading [709/2577]: images/932/IMG_3042.jpg
   📁 File size: 5941KB, Attempt: 1/3
✅ Uploaded successfully: tatebayashi_stones_714_1749826894147_fo6q5e

📤 Uploading [710/2577]: images/958/IMG_3041.jpg
   📁 File size: 4165KB, Attempt: 1/3
✅ Uploaded successfully: tatebayashi_stones_715_1749826899736_yzx39n
💾 Progress saved (697/2577 completed)

📤 Uploading [711/2577]: images/958/IMG_3040.jpg
   📁 File size: 5484KB, Attempt: 1/3
✅ Uploaded successfully: tatebayashi_stones_716_1749826907532_jmpft

📤 Uploading [712/2577]: images/947/IMG_3039.jpg
   📁 File size: 5529KB, Attempt: 1/3
✅ Uploaded successfully: tatebayashi_stones_717_1749826912443_rwhdi

📤 Uploading [713/2577]: images/951/IMG_3038.jpg
   📁 File size: 5837KB, Attempt: 1/3
✅ Uploaded successfully: tatebayashi_stones_718_1749826919256_h1bqq2h

📤 Uploading [714/2577]: images/955/IMG_3051.jpg
   📁 File size: 3592KB, Attempt: 1/3
✅ Uploaded successfully: tatebayashi_stones_719_1749826925069_bkajab

📤 Uploading [715/2577]: images/955/IMG_3050.jpg
   📁 File size: 5445KB, Attempt: 1/3
✅ Uploaded successfully: tatebayashi_stones_720_1749826935203_5zkal9
💾 Progress saved (702/2577 completed)

📤 Uploading [716/2577]: images/966/IMG_3052.jpg
   📁 File size: 5317KB, Attempt: 1/3
✅ Uploaded successfully: tatebayashi_stones_721_1749826945868_3xwcrh

📤 Uploading [717/2577]: images/964/IMG_3053.jpg
   📁 File size: 5257KB, Attempt: 1/3
✅ Uploaded successfully: tatebayashi_stones_722_1749826950600_mrrav

📤 Uploading [718/2577]: images/1026/IMG_3055.jpg
   📁 File size: 4362KB, Attempt: 1/3
✅ Uploaded successfully: tatebayashi_stones_723_1749826955991_yi4p4o

📤 Uploading [719/2577]: images/1026/IMG_3056.jpg
   📁 File size: 4446KB, Attempt: 1/3
✅ Uploaded successfully: tatebayashi_stones_724_1749826961490_w11825

📤 Uploading [720/2577]: images/1026/IMG_3054.jpg
   📁 File size: 5440KB, Attempt: 1/3
✅ Uploaded successfully: tatebayashi_stones_725_1749826967143_lsqkcz
💾 Progress saved (707/2577 completed)

📤 Uploading [721/2577]: images/1030/IMG_3057.jpg
   📁 File size: 4829KB, Attempt: 1/3
✅ Uploaded successfully: tatebayashi_stones_726_1749826972122_i59x8

📤 Uploading [722/2577]: images/1037/IMG_3059.jpg
   📁 File size: 3937KB, Attempt: 1/3
✅ Uploaded successfully: tatebayashi_stones_727_1749826977488_rwwm

📤 Uploading [723/2577]: images/1037/IMG_3058.jpg
   📁 File size: 5326KB, Attempt: 1/3
✅ Uploaded successfully: tatebayashi_stones_728_1749826982402_4bij8b

📤 Uploading [724/2577]: images/401/IMG_5633.jpg
   📁 File size: 3885KB, Attempt: 1/3
✅ Uploaded successfully: tatebayashi_stones_729_1749826987400_yv1gr

📤 Uploading [725/2577]: images/446/IMG_5636.jpg
   📁 File size: 3668KB, Attempt: 1/3
✅ Uploaded successfully: tatebayashi_stones_730_1749826991355_219ygq
💾 Progress saved (712/2577 completed)

📤 Uploading [726/2577]: images/1842/IMG_1844.jpg
   📁 File size: 4929KB, Attempt: 1/3
✅ Uploaded successfully: tatebayashi_stones_731_1749826996362_zmnv69

📤 Uploading [727/2577]: images/1842/IMG_1842.jpg
   📁 File size: 5946KB, Attempt: 1/3
✅ Uploaded successfully: tatebayashi_stones_732_1749827001203_ujjs3

📤 Uploading [728/2577]: images/1843/IMG_1624.jpg
   📁 File size: 4145KB, Attempt: 1/3
✅ Uploaded successfully: tatebayashi_stones_733_1749827006310_0wrfsp

📤 Uploading [729/2577]: images/1843/IMG_1843.jpg
   📁 File size: 5205KB, Attempt: 1/3
✅ Uploaded successfully: tatebayashi_stones_734_1749827010815_al9nts

📤 Uploading [730/2577]: images/1669/IMG_1846.jpg
   📁 File size: 3928KB, Attempt: 1/3
✅ Uploaded successfully: tatebayashi_stones_735_1749827016534_25h0mh
💾 Progress saved (717/2577 completed)

📤 Uploading [731/2577]: images/1844/IMG_1849.jpg
   📁 File size: 5246KB, Attempt: 1/3
✅ Uploaded successfully: tatebayashi_stones_736_1749827021666_6c4ya

📤 Uploading [732/2577]: images/442/IMG_5614.jpg
   📁 File size: 4795KB, Attempt: 1/3
✅ Uploaded successfully: tatebayashi_stones_737_1749827026938_vph32m

📤 Uploading [733/2577]: images/385/IMG_5624.jpg
   📁 File size: 3346KB, Attempt: 1/3
✅ Uploaded successfully: tatebayashi_stones_738_1749827032019_ntyscn

📤 Uploading [734/2577]: images/389/IMG_5622.jpg
   📁 File size: 3859KB, Attempt: 1/3
✅ Uploaded successfully: tatebayashi_stones_739_1749827036111_tc7q9h

📤 Uploading [735/2577]: images/392/IMG_5626.jpg
   📁 File size: 3857KB, Attempt: 1/3
✅ Uploaded successfully: tatebayashi_stones_740_1749827040604_s3umv
💾 Progress saved (722/2577 completed)

📤 Uploading [736/2577]: images/474/IMG_5620.jpg
   📁 File size: 3682KB, Attempt: 1/3
✅ Uploaded successfully: tatebayashi_stones_741_1749827045825_6tivhe

📤 Uploading [737/2577]: images/542/IMG_5629.jpg
   📁 File size: 3446KB, Attempt: 1/3
✅ Uploaded successfully: tatebayashi_stones_742_1749827049987_cjknaq

📤 Uploading [738/2577]: images/1665/IMG_5607.jpg
   📁 File size: 5757KB, Attempt: 1/3
✅ Uploaded successfully: tatebayashi_stones_743_1749827054883_mh1mf

📤 Uploading [739/2577]: images/1845/IMG_5609.jpg
   📁 File size: 4109KB, Attempt: 1/3
✅ Uploaded successfully: tatebayashi_stones_744_1749827059432_fnmijs

📤 Uploading [740/2577]: images/1845/IMG_5610.jpg
   📁 File size: 3971KB, Attempt: 1/3
✅ Uploaded successfully: tatebayashi_stones_745_1749827064785_uj4dnx
💾 Progress saved (727/2577 completed)

📤 Uploading [741/2577]: images/1845/IMG_5608.jpg
   📁 File size: 5286KB, Attempt: 1/3
✅ Uploaded successfully: tatebayashi_stones_746_1749827075261_4mmnsj

📤 Uploading [742/2577]: images/1846/IMG_5611.jpg
   📁 File size: 5243KB, Attempt: 1/3
✅ Uploaded successfully: tatebayashi_stones_747_1749827081291_03s09q

📤 Uploading [743/2577]: images/421/IMG_5599.jpg
   📁 File size: 3965KB, Attempt: 1/3
✅ Uploaded successfully: tatebayashi_stones_748_1749827087840_jt6yyr

📤 Uploading [744/2577]: images/413/IMG_5576.jpg
   📁 File size: 5372KB, Attempt: 1/3
✅ Uploaded successfully: tatebayashi_stones_749_1749827091587_sy0m1s

📤 Uploading [745/2577]: images/413/IMG_5575.jpg
   📁 File size: 5084KB, Attempt: 1/3
✅ Uploaded successfully: tatebayashi_stones_750_1749827096917_mly2he
💾 Progress saved (732/2577 completed)

📤 Uploading [746/2577]: images/1847/IMG_5578.jpg
   📁 File size: 5120KB, Attempt: 1/3
✅ Uploaded successfully: tatebayashi_stones_751_1749827100952_3asia9

📤 Uploading [747/2577]: images/1847/IMG_5577.jpg
   📁 File size: 6002KB, Attempt: 1/3
✅ Uploaded successfully: tatebayashi_stones_752_1749827110874_wtwuq

📤 Uploading [748/2577]: images/490/IMG_5587.jpg
   📁 File size: 5941KB, Attempt: 1/3
✅ Uploaded successfully: tatebayashi_stones_753_1749827116030_rk32j9

📤 Uploading [749/2577]: images/490/IMG_5588.jpg
   📁 File size: 5463KB, Attempt: 1/3
✅ Uploaded successfully: tatebayashi_stones_754_1749827122099_0weeii

📤 Uploading [750/2577]: images/490/IMG_5589.jpg
   📁 File size: 5908KB, Attempt: 1/3
✅ Uploaded successfully: tatebayashi_stones_755_1749827126668_277ne
💾 Progress saved (737/2577 completed)

📤 Uploading [751/2577]: images/490/IMG_5586.jpg
   📁 File size: 4616KB, Attempt: 1/3
✅ Uploaded successfully: tatebayashi_stones_756_1749827138455_wef3xe

📤 Uploading [752/2577]: images/491/IMG_5585.jpg
   📁 File size: 5808KB, Attempt: 1/3
✅ Uploaded successfully: tatebayashi_stones_757_1749827143568_a1wum

📤 Uploading [753/2577]: images/491/IMG_5584.jpg
   📁 File size: 4970KB, Attempt: 1/3
✅ Uploaded successfully: tatebayashi_stones_758_1749827148488_t4ck59

📤 Uploading [754/2577]: images/489/IMG_5593.jpg
   📁 File size: 5987KB, Attempt: 1/3
✅ Uploaded successfully: tatebayashi_stones_759_1749827154575_g6003x

📤 Uploading [755/2577]: images/489/IMG_5594.jpg
   📁 File size: 4449KB, Attempt: 1/3
✅ Uploaded successfully: tatebayashi_stones_760_1749827159543_yslhbp
💾 Progress saved (742/2577 completed)

📤 Uploading [756/2577]: images/489/IMG_5595.jpg
   📁 File size: 5590KB, Attempt: 1/3
✅ Uploaded successfully: tatebayashi_stones_761_1749827167870_1m17uu

📤 Uploading [757/2577]: images/489/IMG_5592.jpg
   📁 File size: 5402KB, Attempt: 1/3
✅ Uploaded successfully: tatebayashi_stones_762_1749827173694_4xurtu

📤 Uploading [758/2577]: images/422/IMG_5580.jpg
   📁 File size: 4312KB, Attempt: 1/3
✅ Uploaded successfully: tatebayashi_stones_763_1749827178259_qtkqkm

📤 Uploading [759/2577]: images/422/IMG_5581.jpg
   📁 File size: 5151KB, Attempt: 1/3
✅ Uploaded successfully: tatebayashi_stones_764_1749827185665_2oxdcf

📤 Uploading [760/2577]: images/422/IMG_5582.jpg
   📁 File size: 5449KB, Attempt: 1/3
✅ Uploaded successfully: tatebayashi_stones_765_1749827191395_w9kl6v
💾 Progress saved (747/2577 completed)

📤 Uploading [761/2577]: images/422/IMG_5579.jpg
   📁 File size: 5722KB, Attempt: 1/3
✅ Uploaded successfully: tatebayashi_stones_766_1749827196877_pb1ann

📤 Uploading [762/2577]: images/492/IMG_5598.jpg
   📁 File size: 4921KB, Attempt: 1/3
✅ Uploaded successfully: tatebayashi_stones_767_1749827207483_wdmg1e

📤 Uploading [763/2577]: images/393/IMG_5564.jpg
   📁 File size: 3079KB, Attempt: 1/3
✅ Uploaded successfully: tatebayashi_stones_768_1749827213426_am2lmv

📤 Uploading [764/2577]: images/411/IMG_5563.jpg
   📁 File size: 4910KB, Attempt: 1/3
✅ Uploaded successfully: tatebayashi_stones_769_1749827217704_iuimce

📤 Uploading [765/2577]: images/411/IMG_5561.jpg
   📁 File size: 3187KB, Attempt: 1/3
✅ Uploaded successfully: tatebayashi_stones_770_1749827226243_sb51g
💾 Progress saved (752/2577 completed)

📤 Uploading [766/2577]: images/418/IMG_5560.jpg
   📁 File size: 4812KB, Attempt: 1/3
✅ Uploaded successfully: tatebayashi_stones_771_1749827230614_xxkzvi

📤 Uploading [767/2577]: images/1848/IMG_5562.jpg
   📁 File size: 3347KB, Attempt: 1/3
✅ Uploaded successfully: tatebayashi_stones_772_1749827235341_x8ca5r

📤 Uploading [768/2577]: images/543/IMG_5566.jpg
   📁 File size: 5014KB, Attempt: 1/3
✅ Uploaded successfully: tatebayashi_stones_773_1749827250459_0byfei

📤 Uploading [769/2577]: images/543/IMG_5567.jpg
   📁 File size: 4505KB, Attempt: 1/3
✅ Uploaded successfully: tatebayashi_stones_774_1749827256543_tooas

📤 Uploading [770/2577]: images/543/IMG_5565.jpg
   📁 File size: 5401KB, Attempt: 1/3
✅ Uploaded successfully: tatebayashi_stones_775_1749827266076_tgptfq
💾 Progress saved (757/2577 completed)

📤 Uploading [771/2577]: images/493/IMG_5569.jpg
   📁 File size: 4390KB, Attempt: 1/3
✅ Uploaded successfully: tatebayashi_stones_776_1749827274140_dki57i

📤 Uploading [772/2577]: images/493/IMG_5568.jpg
   📁 File size: 5848KB, Attempt: 1/3
✅ Uploaded successfully: tatebayashi_stones_777_1749827279015_p0sw0a

📤 Uploading [773/2577]: images/494/IMG_5571.jpg
   📁 File size: 5403KB, Attempt: 1/3
✅ Uploaded successfully: tatebayashi_stones_778_1749827283960_bksugn

📤 Uploading [774/2577]: images/494/IMG_5570.jpg
   📁 File size: 5891KB, Attempt: 1/3
✅ Uploaded successfully: tatebayashi_stones_779_1749827289428_69989y

📤 Uploading [775/2577]: images/391/IMG_0182.jpg
   📁 File size: 4749KB, Attempt: 1/3
✅ Uploaded successfully: tatebayashi_stones_780_1749827295854_x824uk
💾 Progress saved (762/2577 completed)

📤 Uploading [776/2577]: images/391/IMG_5063.jpg
   📁 File size: 5724KB, Attempt: 1/3
✅ Uploaded successfully: tatebayashi_stones_781_1749827302370_vioydf

📤 Uploading [777/2577]: images/390/IMG_5042.jpg
   📁 File size: 6554KB, Attempt: 1/3
✅ Uploaded successfully: tatebayashi_stones_782_1749827308550_tjwvte

📤 Uploading [778/2577]: images/390/IMG_5041.jpg
   📁 File size: 4992KB, Attempt: 1/3
✅ Uploaded successfully: tatebayashi_stones_783_1749827314038_uh5tee

📤 Uploading [779/2577]: images/395/IMG_5054.jpg
   📁 File size: 4088KB, Attempt: 1/3
✅ Uploaded successfully: tatebayashi_stones_784_1749827318396_1vdxal

📤 Uploading [780/2577]: images/396/IMG_5067.jpg
   📁 File size: 2857KB, Attempt: 1/3
✅ Uploaded successfully: tatebayashi_stones_785_1749827323455_6542f
💾 Progress saved (767/2577 completed)

📤 Uploading [781/2577]: images/451/IMG_5055.jpg
   📁 File size: 4408KB, Attempt: 1/3
✅ Uploaded successfully: tatebayashi_stones_786_1749827328311_th9m1v

📤 Uploading [782/2577]: images/455/IMG_5080.jpg
   📁 File size: 2925KB, Attempt: 1/3
✅ Uploaded successfully: tatebayashi_stones_787_1749827333157_9uv15c

📤 Uploading [783/2577]: images/455/IMG_5065.jpg
   📁 File size: 4808KB, Attempt: 1/3
✅ Uploaded successfully: tatebayashi_stones_788_1749827337241_bkmg82

📤 Uploading [784/2577]: images/868/IMG_3787.jpg
   📁 File size: 5511KB, Attempt: 1/3
✅ Uploaded successfully: tatebayashi_stones_789_1749827342434_pjcirn

📤 Uploading [785/2577]: images/868/IMG_3788.jpg
   📁 File size: 5862KB, Attempt: 1/3
✅ Uploaded successfully: tatebayashi_stones_790_1749827369592_4h0tvl
💾 Progress saved (772/2577 completed)

📤 Uploading [786/2577]: images/868/IMG_3789.jpg
   📁 File size: 4334KB, Attempt: 1/3
✅ Uploaded successfully: tatebayashi_stones_791_1749827374350_1mbex5

📤 Uploading [787/2577]: images/868/IMG_3790.jpg
   📁 File size: 4634KB, Attempt: 1/3
✅ Uploaded successfully: tatebayashi_stones_792_1749827379976_7axabj

📤 Uploading [788/2577]: images/868/IMG_3786.jpg
   📁 File size: 4658KB, Attempt: 1/3
✅ Uploaded successfully: tatebayashi_stones_793_1749827390485_gz8fot

📤 Uploading [789/2577]: images/1751/IMG_3792.jpg
   📁 File size: 4877KB, Attempt: 1/3
✅ Uploaded successfully: tatebayashi_stones_794_1749827394675_dax56a

📤 Uploading [790/2577]: images/1751/IMG_3791.jpg
   📁 File size: 4559KB, Attempt: 1/3
✅ Uploaded successfully: tatebayashi_stones_795_1749827398966_y5jzbu
💾 Progress saved (777/2577 completed)

📤 Uploading [791/2577]: images/761/IMG_3801.jpg
   📁 File size: 6576KB, Attempt: 1/3
✅ Uploaded successfully: tatebayashi_stones_796_1749827404102_1fdzsmh

📤 Uploading [792/2577]: images/761/IMG_3800.jpg
   📁 File size: 6805KB, Attempt: 1/3
✅ Uploaded successfully: tatebayashi_stones_797_1749827410306_htapo8

📤 Uploading [793/2577]: images/787/IMG_3797.jpg
   📁 File size: 5564KB, Attempt: 1/3
✅ Uploaded successfully: tatebayashi_stones_798_1749827416874_ka5sym

📤 Uploading [794/2577]: images/787/IMG_3796.jpg
   📁 File size: 4987KB, Attempt: 1/3
✅ Uploaded successfully: tatebayashi_stones_799_1749827421809_ilq6a9

📤 Uploading [795/2577]: images/814/IMG_3799.jpg
   📁 File size: 7081KB, Attempt: 1/3
✅ Uploaded successfully: tatebayashi_stones_800_1749827427025_9t1wci
💾 Progress saved (782/2577 completed)

📤 Uploading [796/2577]: images/823/IMG_3798.jpg
   📁 File size: 6123KB, Attempt: 1/3
✅ Uploaded successfully: tatebayashi_stones_801_1749827432422_94a2gs

📤 Uploading [797/2577]: images/884/IMG_3795.jpg
   📁 File size: 3586KB, Attempt: 1/3
✅ Uploaded successfully: tatebayashi_stones_802_1749827438146_xhi11

📤 Uploading [798/2577]: images/884/IMG_3794.jpg
   📁 File size: 4686KB, Attempt: 1/3
✅ Uploaded successfully: tatebayashi_stones_803_1749827443062_2yup9zl

📤 Uploading [799/2577]: images/890/IMG_3803.jpg
   📁 File size: 5218KB, Attempt: 1/3
✅ Uploaded successfully: tatebayashi_stones_804_1749827447823_aie0c8

📤 Uploading [800/2577]: images/890/IMG_3804.jpg
   📁 File size: 5984KB, Attempt: 1/3
✅ Uploaded successfully: tatebayashi_stones_805_1749827452807_xzxwah
💾 Progress saved (787/2577 completed)

📤 Uploading [801/2577]: images/890/IMG_3802.jpg
   📁 File size: 5952KB, Attempt: 1/3
✅ Uploaded successfully: tatebayashi_stones_806_1749827457961_ho7cdm

📤 Uploading [802/2577]: images/745/IMG_3751.jpg
   📁 File size: 3553KB, Attempt: 1/3
✅ Uploaded successfully: tatebayashi_stones_807_1749827472851_ldgl00t

📤 Uploading [803/2577]: images/745/IMG_3752.jpg
   📁 File size: 3550KB, Attempt: 1/3
✅ Uploaded successfully: tatebayashi_stones_808_1749827478168_c3zong

📤 Uploading [804/2577]: images/745/IMG_3753.jpg
   📁 File size: 3112KB, Attempt: 1/3
✅ Uploaded successfully: tatebayashi_stones_809_1749827484151_2jlli9

📤 Uploading [805/2577]: images/756/IMG_3724.jpg
   📁 File size: 3091KB, Attempt: 1/3
✅ Uploaded successfully: tatebayashi_stones_810_1749827490294_obbiji
💾 Progress saved (792/2577 completed)

📤 Uploading [806/2577]: images/756/IMG_3725.jpg
   📁 File size: 3391KB, Attempt: 1/3
✅ Uploaded successfully: tatebayashi_stones_811_1749827494713_ieeg46

📤 Uploading [807/2577]: images/772/IMG_3742.jpg
   📁 File size: 6787KB, Attempt: 1/3
✅ Uploaded successfully: tatebayashi_stones_813_1749827499565_zl1wa

📤 Uploading [808/2577]: images/773/IMG_3737.jpg
   📁 File size: 5804KB, Attempt: 1/3
✅ Uploaded successfully: tatebayashi_stones_814_1749827506029_f3lbg

📤 Uploading [809/2577]: images/773/IMG_3736.jpg
   📁 File size: 6673KB, Attempt: 1/3
✅ Uploaded successfully: tatebayashi_stones_815_1749827511101_hd1rtc

📤 Uploading [810/2577]: images/774/IMG_3741.jpg
   📁 File size: 6106KB, Attempt: 1/3
✅ Uploaded successfully: tatebayashi_stones_816_1749827517813_oxtvkf
💾 Progress saved (797/2577 completed)

📤 Uploading [811/2577]: images/774/IMG_3740.jpg
   📁 File size: 6828KB, Attempt: 1/3
✅ Uploaded successfully: tatebayashi_stones_817_1749827524240_zx8nls

📤 Uploading [812/2577]: images/775/IMG_3746.jpg
   📁 File size: 6287KB, Attempt: 1/3
✅ Uploaded successfully: tatebayashi_stones_818_1749827529954_rbit0f

📤 Uploading [813/2577]: images/775/IMG_3745.jpg
   📁 File size: 6420KB, Attempt: 1/3
✅ Uploaded successfully: tatebayashi_stones_819_1749827548701_2d0wxq

📤 Uploading [814/2577]: images/778/IMG_3744.jpg
   📁 File size: 5397KB, Attempt: 1/3
✅ Uploaded successfully: tatebayashi_stones_820_1749827554717_wm8uwk

📤 Uploading [815/2577]: images/778/IMG_3747.jpg
   📁 File size: 5832KB, Attempt: 1/3
✅ Uploaded successfully: tatebayashi_stones_821_1749827560539_mhy22w
💾 Progress saved (802/2577 completed)

📤 Uploading [816/2577]: images/778/IMG_3743.jpg
   📁 File size: 6590KB, Attempt: 1/3
✅ Uploaded successfully: tatebayashi_stones_822_1749827565419_k7qptl

📤 Uploading [817/2577]: images/781/IMG_3749.jpg
   📁 File size: 6040KB, Attempt: 1/3
✅ Uploaded successfully: tatebayashi_stones_823_1749827571258_z0v2cu

📤 Uploading [818/2577]: images/781/IMG_3748.jpg
   📁 File size: 6661KB, Attempt: 1/3
✅ Uploaded successfully: tatebayashi_stones_824_1749827581215_eahhz

📤 Uploading [819/2577]: images/803/IMG_3729.jpg
   📁 File size: 6940KB, Attempt: 1/3
✅ Uploaded successfully: tatebayashi_stones_825_1749827588552_pw3w9r

📤 Uploading [820/2577]: images/803/IMG_3730.jpg
   📁 File size: 6621KB, Attempt: 1/3
✅ Uploaded successfully: tatebayashi_stones_826_1749827596142_2c4x0m
💾 Progress saved (807/2577 completed)

📤 Uploading [821/2577]: images/803/IMG_3728.jpg
   📁 File size: 6964KB, Attempt: 1/3
✅ Uploaded successfully: tatebayashi_stones_827_1749827603778_ie7mhc

📤 Uploading [822/2577]: images/817/IMG_3731.jpg
   📁 File size: 5333KB, Attempt: 1/3
✅ Uploaded successfully: tatebayashi_stones_828_1749827609852_pknyt6

📤 Uploading [823/2577]: images/817/IMG_3732.jpg
   📁 File size: 5806KB, Attempt: 1/3
✅ Uploaded successfully: tatebayashi_stones_829_1749827616068_myxita

📤 Uploading [824/2577]: images/829/IMG_3735.jpg
   📁 File size: 6664KB, Attempt: 1/3
✅ Uploaded successfully: tatebayashi_stones_830_1749827622024_v61p49

📤 Uploading [825/2577]: images/1849/IMG_3739.jpg
   📁 File size: 6668KB, Attempt: 1/3
✅ Uploaded successfully: tatebayashi_stones_831_1749827628770_qlhkj
💾 Progress saved (812/2577 completed)

📤 Uploading [826/2577]: images/1722/IMG_3466.jpg
   📁 File size: 5239KB, Attempt: 1/3
✅ Uploaded successfully: tatebayashi_stones_832_1749827635310_u4ukxr

📤 Uploading [827/2577]: images/1723/IMG_3463.jpg
   📁 File size: 4257KB, Attempt: 1/3
✅ Uploaded successfully: tatebayashi_stones_833_1749827641131_sd6j9

📤 Uploading [828/2577]: images/1724/IMG_3462.jpg
   📁 File size: 4390KB, Attempt: 1/3
✅ Uploaded successfully: tatebayashi_stones_834_1749827647237_7ue2v

📤 Uploading [829/2577]: images/806/IMG_3471.jpg
   📁 File size: 5206KB, Attempt: 1/3
✅ Uploaded successfully: tatebayashi_stones_835_1749827657330_dah3f

📤 Uploading [830/2577]: images/806/IMG_3474.jpg
   📁 File size: 5097KB, Attempt: 1/3
✅ Uploaded successfully: tatebayashi_stones_836_1749827662985_6fnwmw
💾 Progress saved (817/2577 completed)

📤 Uploading [831/2577]: images/727/IMG_3428.jpg
   📁 File size: 5929KB, Attempt: 1/3
✅ Uploaded successfully: tatebayashi_stones_837_1749827668647_70m4q

📤 Uploading [832/2577]: images/747/IMG_3426.jpg
   📁 File size: 4651KB, Attempt: 1/3
✅ Uploaded successfully: tatebayashi_stones_838_1749827678866_is6xld

📤 Uploading [833/2577]: images/747/IMG_3425.jpg
   📁 File size: 3557KB, Attempt: 1/3
✅ Uploaded successfully: tatebayashi_stones_839_1749827685068_lc1cn

📤 Uploading [834/2577]: images/780/IMG_3429.jpg
   📁 File size: 4841KB, Attempt: 1/3
✅ Uploaded successfully: tatebayashi_stones_840_1749827689321_kog23r

📤 Uploading [835/2577]: images/786/IMG_3440.jpg
   📁 File size: 4029KB, Attempt: 1/3
✅ Uploaded successfully: tatebayashi_stones_841_1749827695944_ijysx
💾 Progress saved (822/2577 completed)

📤 Uploading [836/2577]: images/794/IMG_3442.jpg
   📁 File size: 3630KB, Attempt: 1/3
✅ Uploaded successfully: tatebayashi_stones_842_1749827700788_sjg69

📤 Uploading [837/2577]: images/794/IMG_3441.jpg
   📁 File size: 3410KB, Attempt: 1/3
✅ Uploaded successfully: tatebayashi_stones_843_1749827706881_k92t07

📤 Uploading [838/2577]: images/736/IMG_3439.jpg
   📁 File size: 4891KB, Attempt: 1/3
✅ Uploaded successfully: tatebayashi_stones_844_1749827712340_9tozav

📤 Uploading [839/2577]: images/746/IMG_3447.jpg
   📁 File size: 4955KB, Attempt: 1/3
✅ Uploaded successfully: tatebayashi_stones_845_1749827717969_qk495

📤 Uploading [840/2577]: images/746/IMG_3448.jpg
   📁 File size: 5809KB, Attempt: 1/3
✅ Uploaded successfully: tatebayashi_stones_846_1749827723297_p9x8sy
💾 Progress saved (827/2577 completed)

📤 Uploading [841/2577]: images/746/IMG_3446.jpg
   📁 File size: 5695KB, Attempt: 1/3
✅ Uploaded successfully: tatebayashi_stones_847_1749827728696_odokf

📤 Uploading [842/2577]: images/888/IMG_3452.jpg
   📁 File size: 5010KB, Attempt: 1/3
✅ Uploaded successfully: tatebayashi_stones_848_1749827735646_myulja

📤 Uploading [843/2577]: images/860/IMG_3403.jpg
   📁 File size: 4653KB, Attempt: 1/3
✅ Uploaded successfully: tatebayashi_stones_849_1749827742180_4mkkfr

📤 Uploading [844/2577]: images/860/IMG_3404.jpg
   📁 File size: 4897KB, Attempt: 1/3
✅ Uploaded successfully: tatebayashi_stones_850_1749827747026_2g9p8q

📤 Uploading [845/2577]: images/860/IMG_3405.jpg
   📁 File size: 4598KB, Attempt: 1/3
✅ Uploaded successfully: tatebayashi_stones_851_1749827751735_vutih9
💾 Progress saved (832/2577 completed)

📤 Uploading [846/2577]: images/860/IMG_3406.jpg
   📁 File size: 3339KB, Attempt: 1/3
✅ Uploaded successfully: tatebayashi_stones_852_1749827756679_ar6qc

📤 Uploading [847/2577]: images/860/IMG_3402.jpg
   📁 File size: 5000KB, Attempt: 1/3
✅ Uploaded successfully: tatebayashi_stones_853_1749827760795_qwe0lk

📤 Uploading [848/2577]: images/1850/IMG_3409.jpg
   📁 File size: 5695KB, Attempt: 1/3
✅ Uploaded successfully: tatebayashi_stones_854_1749827769222_dx78xh

📤 Uploading [849/2577]: images/762/IMG_3410.jpg
   📁 File size: 5521KB, Attempt: 1/3
✅ Uploaded successfully: tatebayashi_stones_855_1749827774790_aqlu9

📤 Uploading [850/2577]: images/762/IMG_3411.jpg
   📁 File size: 4386KB, Attempt: 1/3
✅ Uploaded successfully: tatebayashi_stones_856_1749827780479_fpwicf
💾 Progress saved (837/2577 completed)

📤 Uploading [851/2577]: images/790/IMG_3412.jpg
   📁 File size: 5556KB, Attempt: 1/3
✅ Uploaded successfully: tatebayashi_stones_857_1749827786216_1a71rk

📤 Uploading [852/2577]: images/873/IMG_3364.jpg
   📁 File size: 5616KB, Attempt: 1/3
✅ Uploaded successfully: tatebayashi_stones_858_1749827791894_8zco4

📤 Uploading [853/2577]: images/873/IMG_3365.jpg
   📁 File size: 4688KB, Attempt: 1/3
✅ Uploaded successfully: tatebayashi_stones_859_1749827797292_1mru9c

📤 Uploading [854/2577]: images/873/IMG_3363.jpg
   📁 File size: 5309KB, Attempt: 1/3
✅ Uploaded successfully: tatebayashi_stones_860_1749827802693_ljdvzh

📤 Uploading [855/2577]: images/1792/IMG_3282.jpg
   📁 File size: 6500KB, Attempt: 1/3
✅ Uploaded successfully: tatebayashi_stones_861_1749827807837_pbarh
💾 Progress saved (842/2577 completed)

📤 Uploading [856/2577]: images/1374/IMG_5789.jpg
   📁 File size: 5536KB, Attempt: 1/3
✅ Uploaded successfully: tatebayashi_stones_862_1749827814408_1jsyfn

📤 Uploading [857/2577]: images/1374/IMG_5788.jpg
   📁 File size: 5111KB, Attempt: 1/3
✅ Uploaded successfully: tatebayashi_stones_863_1749827821009_n4aqb

📤 Uploading [858/2577]: images/1244/IMG_5757.jpg
   📁 File size: 5838KB, Attempt: 1/3
✅ Uploaded successfully: tatebayashi_stones_864_1749827834491_e3moo7

📤 Uploading [859/2577]: images/1375/IMG_5758.jpg
   📁 File size: 4526KB, Attempt: 1/3
✅ Uploaded successfully: tatebayashi_stones_865_1749827840613_0gvglp

📤 Uploading [860/2577]: images/1631/IMG_5766.jpg
   📁 File size: 4957KB, Attempt: 1/3
✅ Uploaded successfully: tatebayashi_stones_866_1749827845157_z8uzf8
💾 Progress saved (847/2577 completed)

📤 Uploading [861/2577]: images/1632/IMG_5763.jpg
   📁 File size: 4925KB, Attempt: 1/3
✅ Uploaded successfully: tatebayashi_stones_867_1749827850285_kngb8b

📤 Uploading [862/2577]: images/1632/IMG_5762.jpg
   📁 File size: 4874KB, Attempt: 1/3
✅ Uploaded successfully: tatebayashi_stones_868_1749827855286_1gltxi

📤 Uploading [863/2577]: images/1851/IMG_5764.jpg
   📁 File size: 4748KB, Attempt: 1/3
✅ Uploaded successfully: tatebayashi_stones_869_1749827864222_1zcesf

📤 Uploading [864/2577]: images/1852/IMG_5769.jpg
   📁 File size: 4818KB, Attempt: 1/3
✅ Uploaded successfully: tatebayashi_stones_870_1749827870718_f0ph2t

📤 Uploading [865/2577]: images/1852/IMG_5770.jpg
   📁 File size: 4968KB, Attempt: 1/3
✅ Uploaded successfully: tatebayashi_stones_871_1749827875295_ov51gym
💾 Progress saved (852/2577 completed)

📤 Uploading [866/2577]: images/1852/IMG_9721.jpg
   📁 File size: 5835KB, Attempt: 1/3
✅ Uploaded successfully: tatebayashi_stones_872_1749827879657_qhnufe

📤 Uploading [867/2577]: images/1853/IMG_5772.jpg
   📁 File size: 3735KB, Attempt: 1/3
✅ Uploaded successfully: tatebayashi_stones_873_1749827884735_rp0pn

📤 Uploading [868/2577]: images/1853/IMG_9723.jpg
   📁 File size: 4568KB, Attempt: 1/3
✅ Uploaded successfully: tatebayashi_stones_874_1749827890533_rzpsom

📤 Uploading [869/2577]: images/1854/IMG_5754.jpg
   📁 File size: 4939KB, Attempt: 1/3
✅ Uploaded successfully: tatebayashi_stones_875_1749827895049_1ur198

📤 Uploading [870/2577]: images/1399/IMG_5786.jpg
   📁 File size: 8086KB, Attempt: 1/3
✅ Uploaded successfully: tatebayashi_stones_876_1749827900149_qh8vc8
💾 Progress saved (857/2577 completed)

📤 Uploading [871/2577]: images/1399/IMG_5785.jpg
   📁 File size: 6523KB, Attempt: 1/3
✅ Uploaded successfully: tatebayashi_stones_877_1749827906314_ogb04

📤 Uploading [872/2577]: images/1617/IMG_5781.jpg
   📁 File size: 5281KB, Attempt: 1/3
✅ Uploaded successfully: tatebayashi_stones_878_1749827912386_80ylvh

📤 Uploading [873/2577]: images/1855/IMG_5797.jpg
   📁 File size: 5563KB, Attempt: 1/3
✅ Uploaded successfully: tatebayashi_stones_879_1749827917756_wytg8j

📤 Uploading [874/2577]: images/1856/IMG_5801.jpg
   📁 File size: 4842KB, Attempt: 1/3
✅ Uploaded successfully: tatebayashi_stones_880_1749827922478_mskwgl

📤 Uploading [875/2577]: images/408/IMG_5804.jpg
   📁 File size: 4200KB, Attempt: 1/3
✅ Uploaded successfully: tatebayashi_stones_881_1749827930160_5pjyzn
💾 Progress saved (862/2577 completed)

📤 Uploading [876/2577]: images/540/IMG_5805.jpg
   📁 File size: 3505KB, Attempt: 1/3
✅ Uploaded successfully: tatebayashi_stones_882_1749827935168_c4te3s

📤 Uploading [877/2577]: images/1717/IMG_5810.jpg
   📁 File size: 4926KB, Attempt: 1/3
✅ Uploaded successfully: tatebayashi_stones_883_1749827939732_usqwp

📤 Uploading [878/2577]: images/587/IMG_5842.jpg
   📁 File size: 3549KB, Attempt: 1/3
✅ Uploaded successfully: tatebayashi_stones_884_1749827947804_8s825d

📤 Uploading [879/2577]: images/590/IMG_5840.jpg
   📁 File size: 3985KB, Attempt: 1/3
✅ Uploaded successfully: tatebayashi_stones_885_1749827952713_s8lueb

📤 Uploading [880/2577]: images/590/IMG_5841.jpg
   📁 File size: 4057KB, Attempt: 1/3
✅ Uploaded successfully: tatebayashi_stones_886_1749827957544_uuic5l
💾 Progress saved (867/2577 completed)

📤 Uploading [881/2577]: images/590/IMG_5839.jpg
   📁 File size: 3818KB, Attempt: 1/3
✅ Uploaded successfully: tatebayashi_stones_887_1749827962389_vkhdg

📤 Uploading [882/2577]: images/630/IMG_5815.jpg
   📁 File size: 6048KB, Attempt: 1/3
✅ Uploaded successfully: tatebayashi_stones_888_1749827967493_9bd6zp

📤 Uploading [883/2577]: images/630/IMG_5816.jpg
   📁 File size: 6450KB, Attempt: 1/3
✅ Uploaded successfully: tatebayashi_stones_889_1749827973283_qla90j

📤 Uploading [884/2577]: images/630/IMG_5814.jpg
   📁 File size: 5888KB, Attempt: 1/3
✅ Uploaded successfully: tatebayashi_stones_890_1749827978480_o3xl3g

📤 Uploading [885/2577]: images/648/IMG_5821.jpg
   📁 File size: 5124KB, Attempt: 1/3
✅ Uploaded successfully: tatebayashi_stones_891_1749827984845_tfyxib
💾 Progress saved (872/2577 completed)

📤 Uploading [886/2577]: images/659/IMG_5820.jpg
   📁 File size: 4809KB, Attempt: 1/3
✅ Uploaded successfully: tatebayashi_stones_892_1749827989809_cz66xf

📤 Uploading [887/2577]: images/664/IMG_5818.jpg
   📁 File size: 4924KB, Attempt: 1/3
✅ Uploaded successfully: tatebayashi_stones_893_1749827994461_uc4qyo

📤 Uploading [888/2577]: images/664/IMG_5819.jpg
   📁 File size: 3889KB, Attempt: 1/3
✅ Uploaded successfully: tatebayashi_stones_894_1749827998943_gd97pd

📤 Uploading [889/2577]: images/664/IMG_5817.jpg
   📁 File size: 5172KB, Attempt: 1/3
✅ Uploaded successfully: tatebayashi_stones_895_1749828004659_cn6c8

📤 Uploading [890/2577]: images/675/IMG_5808.jpg
   📁 File size: 5762KB, Attempt: 1/3
✅ Uploaded successfully: tatebayashi_stones_896_1749828009474_e09cl8
💾 Progress saved (877/2577 completed)

📤 Uploading [891/2577]: images/720/IMG_5828.jpg
   📁 File size: 4880KB, Attempt: 1/3
✅ Uploaded successfully: tatebayashi_stones_897_1749828015300_18mig

📤 Uploading [892/2577]: images/722/IMG_5824.jpg
   📁 File size: 4532KB, Attempt: 1/3
✅ Uploaded successfully: tatebayashi_stones_898_1749828019822_iw28ql

📤 Uploading [893/2577]: images/722/IMG_5825.jpg
   📁 File size: 3944KB, Attempt: 1/3
✅ Uploaded successfully: tatebayashi_stones_899_1749828025193_iqxjd

📤 Uploading [894/2577]: images/1857/IMG_5849.jpg
   📁 File size: 3411KB, Attempt: 1/3
✅ Uploaded successfully: tatebayashi_stones_900_1749828029918_g9kr5

📤 Uploading [895/2577]: images/549/IMG_5873.jpg
   📁 File size: 3142KB, Attempt: 1/3
✅ Uploaded successfully: tatebayashi_stones_901_1749828034260_9r1pne
💾 Progress saved (882/2577 completed)

📤 Uploading [896/2577]: images/555/IMG_5856.jpg
   📁 File size: 3531KB, Attempt: 1/3
✅ Uploaded successfully: tatebayashi_stones_902_1749828040156_ztl8h6

📤 Uploading [897/2577]: images/555/IMG_5857.jpg
   📁 File size: 3424KB, Attempt: 1/3
✅ Uploaded successfully: tatebayashi_stones_903_1749828044482_chdkhp

📤 Uploading [898/2577]: images/555/IMG_5858.jpg
   📁 File size: 3426KB, Attempt: 1/3
✅ Uploaded successfully: tatebayashi_stones_904_1749828050323_x776y9

📤 Uploading [899/2577]: images/555/IMG_5855.jpg
   📁 File size: 2994KB, Attempt: 1/3
✅ Uploaded successfully: tatebayashi_stones_905_1749828059355_lxkrw8

📤 Uploading [900/2577]: images/558/IMG_5860.jpg
   📁 File size: 3313KB, Attempt: 1/3
✅ Uploaded successfully: tatebayashi_stones_906_1749828064966_0hjxyc
💾 Progress saved (887/2577 completed)

📤 Uploading [901/2577]: images/558/IMG_5861.jpg
   📁 File size: 3263KB, Attempt: 1/3
✅ Uploaded successfully: tatebayashi_stones_907_1749828070109_apetlb

📤 Uploading [902/2577]: images/558/IMG_5862.jpg
   📁 File size: 3513KB, Attempt: 1/3
✅ Uploaded successfully: tatebayashi_stones_908_1749828076455_28xi0s

📤 Uploading [903/2577]: images/558/IMG_5859.jpg
   📁 File size: 2696KB, Attempt: 1/3
✅ Uploaded successfully: tatebayashi_stones_909_1749828080830_3q65mk

📤 Uploading [904/2577]: images/570/IMG_5851.jpg
   📁 File size: 4707KB, Attempt: 1/3
✅ Uploaded successfully: tatebayashi_stones_910_1749828086066_suv9cr

📤 Uploading [905/2577]: images/574/IMG_5845.jpg
   📁 File size: 4443KB, Attempt: 1/3
✅ Uploaded successfully: tatebayashi_stones_911_1749828091614_p6zwb
💾 Progress saved (892/2577 completed)

📤 Uploading [906/2577]: images/585/IMG_5848.jpg
   📁 File size: 3787KB, Attempt: 1/3
✅ Uploaded successfully: tatebayashi_stones_912_1749828096481_uva3nv

📤 Uploading [907/2577]: images/588/IMG_5846.jpg
   📁 File size: 3663KB, Attempt: 1/3
✅ Uploaded successfully: tatebayashi_stones_913_1749828101524_geu1n5

📤 Uploading [908/2577]: images/612/IMG_5847.jpg
   📁 File size: 3594KB, Attempt: 1/3
✅ Uploaded successfully: tatebayashi_stones_914_1749828106280_yktroa

📤 Uploading [909/2577]: images/644/IMG_5870.jpg
   📁 File size: 2884KB, Attempt: 1/3
✅ Uploaded successfully: tatebayashi_stones_915_1749828111241_aom1y7

📤 Uploading [910/2577]: images/644/IMG_5871.jpg
   📁 File size: 2630KB, Attempt: 1/3
✅ Uploaded successfully: tatebayashi_stones_916_1749828118640_ncgcb
💾 Progress saved (897/2577 completed)

📤 Uploading [911/2577]: images/644/IMG_5869.jpg
   📁 File size: 3099KB, Attempt: 1/3
✅ Uploaded successfully: tatebayashi_stones_917_1749828122856_mtch4p

📤 Uploading [912/2577]: images/646/IMG_5864.jpg
   📁 File size: 3376KB, Attempt: 1/3
✅ Uploaded successfully: tatebayashi_stones_918_1749828127366_bkrsu

📤 Uploading [913/2577]: images/655/IMG_5865.jpg
   📁 File size: 3203KB, Attempt: 1/3
✅ Uploaded successfully: tatebayashi_stones_919_1749828132436_6dlm54

📤 Uploading [914/2577]: images/665/IMG_5872.jpg
   📁 File size: 2939KB, Attempt: 1/3
✅ Uploaded successfully: tatebayashi_stones_920_1749828139264_m0319l

📤 Uploading [915/2577]: images/665/IMG_5867.jpg
   📁 File size: 2881KB, Attempt: 1/3
✅ Uploaded successfully: tatebayashi_stones_921_1749828145968_4jyru4
💾 Progress saved (902/2577 completed)

📤 Uploading [916/2577]: images/670/IMG_5868.jpg
   📁 File size: 2570KB, Attempt: 1/3
✅ Uploaded successfully: tatebayashi_stones_922_1749828149736_8spqr

📤 Uploading [917/2577]: images/122/IMG_5879.jpg
   📁 File size: 5006KB, Attempt: 1/3
✅ Uploaded successfully: tatebayashi_stones_923_1749828154424_np4zp

📤 Uploading [918/2577]: images/231/IMG_5885.jpg
   📁 File size: 4174KB, Attempt: 1/3
✅ Uploaded successfully: tatebayashi_stones_924_1749828159090_ofgio8

📤 Uploading [919/2577]: images/231/IMG_5886.jpg
   📁 File size: 3307KB, Attempt: 1/3
✅ Uploaded successfully: tatebayashi_stones_925_1749828164188_7ano1

📤 Uploading [920/2577]: images/231/IMG_5887.jpg
   📁 File size: 4098KB, Attempt: 1/3
✅ Uploaded successfully: tatebayashi_stones_926_1749828168255_509r6
💾 Progress saved (907/2577 completed)

📤 Uploading [921/2577]: images/231/IMG_5888.jpg
   📁 File size: 3079KB, Attempt: 1/3
✅ Uploaded successfully: tatebayashi_stones_927_1749828173284_l27yyc

📤 Uploading [922/2577]: images/231/IMG_5889.jpg
   📁 File size: 3608KB, Attempt: 1/3
✅ Uploaded successfully: tatebayashi_stones_928_1749828177860_zjl8no

📤 Uploading [923/2577]: images/825/IMG_5878.jpg
   📁 File size: 6836KB, Attempt: 1/3
✅ Uploaded successfully: tatebayashi_stones_929_1749828182831_yfas4l

📤 Uploading [924/2577]: images/107/IMG_5892.jpg
   📁 File size: 4262KB, Attempt: 1/3
✅ Uploaded successfully: tatebayashi_stones_930_1749828188819_mkoiv

📤 Uploading [925/2577]: images/127/IMG_5893.jpg
   📁 File size: 4564KB, Attempt: 1/3
✅ Uploaded successfully: tatebayashi_stones_931_1749828193215_9swn7i
💾 Progress saved (912/2577 completed)

📤 Uploading [926/2577]: images/127/IMG_5894.jpg
   📁 File size: 4552KB, Attempt: 1/3
✅ Uploaded successfully: tatebayashi_stones_932_1749828198227_pko3kd

📤 Uploading [927/2577]: images/127/IMG_5895.jpg
   📁 File size: 4728KB, Attempt: 1/3
✅ Uploaded successfully: tatebayashi_stones_933_1749828202727_uyrxek

📤 Uploading [928/2577]: images/1858/IMG_5899.jpg
   📁 File size: 3999KB, Attempt: 1/3
✅ Uploaded successfully: tatebayashi_stones_934_1749828209314_eacvqm

📤 Uploading [929/2577]: images/1858/IMG_5898.jpg
   📁 File size: 3737KB, Attempt: 1/3
✅ Uploaded successfully: tatebayashi_stones_935_1749828214686_6v9yh

📤 Uploading [930/2577]: images/1859/IMG_5900.jpg
   📁 File size: 4210KB, Attempt: 1/3
✅ Uploaded successfully: tatebayashi_stones_936_1749828219580_ggxjfbp
💾 Progress saved (917/2577 completed)

📤 Uploading [931/2577]: images/249/IMG_5891.jpg
   📁 File size: 4473KB, Attempt: 1/3
✅ Uploaded successfully: tatebayashi_stones_937_1749828228926_2f5u89

📤 Uploading [932/2577]: images/249/IMG_5896.jpg
   📁 File size: 4582KB, Attempt: 1/3
✅ Uploaded successfully: tatebayashi_stones_938_1749828234007_30ozah

📤 Uploading [933/2577]: images/249/IMG_5897.jpg
   📁 File size: 4563KB, Attempt: 1/3
✅ Uploaded successfully: tatebayashi_stones_939_1749828239751_pj1m8m

📤 Uploading [934/2577]: images/271/IMG_5911.jpg
   📁 File size: 3288KB, Attempt: 1/3
✅ Uploaded successfully: tatebayashi_stones_940_1749828249827_41dt4

📤 Uploading [935/2577]: images/306/IMG_5904.jpg
   📁 File size: 3739KB, Attempt: 1/3
✅ Uploaded successfully: tatebayashi_stones_941_1749828255308_2k7lj
💾 Progress saved (922/2577 completed)

📤 Uploading [936/2577]: images/306/IMG_5905.jpg
   📁 File size: 5043KB, Attempt: 1/3
✅ Uploaded successfully: tatebayashi_stones_942_1749828259659_nw18d9

📤 Uploading [937/2577]: images/306/IMG_5906.jpg
   📁 File size: 3501KB, Attempt: 1/3
✅ Uploaded successfully: tatebayashi_stones_943_1749828264257_7so84

📤 Uploading [938/2577]: images/306/IMG_5903.jpg
   📁 File size: 3242KB, Attempt: 1/3
✅ Uploaded successfully: tatebayashi_stones_944_1749828268531_98f6wt

📤 Uploading [939/2577]: images/315/IMG_5909.jpg
   📁 File size: 3562KB, Attempt: 1/3
✅ Uploaded successfully: tatebayashi_stones_945_1749828273195_zqq1d

📤 Uploading [940/2577]: images/1860/IMG_5914.jpg
   📁 File size: 4695KB, Attempt: 1/3
✅ Uploaded successfully: tatebayashi_stones_946_1749828277522_b2l7r4
💾 Progress saved (927/2577 completed)

📤 Uploading [941/2577]: images/1861/IMG_5913.jpg
   📁 File size: 5792KB, Attempt: 1/3
✅ Uploaded successfully: tatebayashi_stones_947_1749828283298_zlg1sj

📤 Uploading [942/2577]: images/264/IMG_5927.jpg
   📁 File size: 5121KB, Attempt: 1/3
✅ Uploaded successfully: tatebayashi_stones_948_1749828288158_bfkrm9

📤 Uploading [943/2577]: images/264/IMG_5925.jpg
   📁 File size: 3861KB, Attempt: 1/3
✅ Uploaded successfully: tatebayashi_stones_949_1749828293033_kpi664

📤 Uploading [944/2577]: images/266/IMG_5930.jpg
   📁 File size: 4765KB, Attempt: 1/3
✅ Uploaded successfully: tatebayashi_stones_950_1749828297961_0si1v9

📤 Uploading [945/2577]: images/266/IMG_5931.jpg
   📁 File size: 5736KB, Attempt: 1/3
✅ Uploaded successfully: tatebayashi_stones_951_1749828302913_ggbxmv
💾 Progress saved (932/2577 completed)

📤 Uploading [946/2577]: images/266/IMG_5932.jpg
   📁 File size: 5453KB, Attempt: 1/3
✅ Uploaded successfully: tatebayashi_stones_952_1749828309906_k6l5ja

📤 Uploading [947/2577]: images/266/IMG_5933.jpg
   📁 File size: 4972KB, Attempt: 1/3
✅ Uploaded successfully: tatebayashi_stones_953_1749828315914_7nj1qx

📤 Uploading [948/2577]: images/266/IMG_5929.jpg
   📁 File size: 3374KB, Attempt: 1/3
✅ Uploaded successfully: tatebayashi_stones_954_1749828320614_qwcn

📤 Uploading [949/2577]: images/305/IMG_5936.jpg
   📁 File size: 5417KB, Attempt: 1/3
✅ Uploaded successfully: tatebayashi_stones_955_1749828325047_t22g6

📤 Uploading [950/2577]: images/305/IMG_5935.jpg
   📁 File size: 4067KB, Attempt: 1/3
✅ Uploaded successfully: tatebayashi_stones_956_1749828331646_uyxfa
💾 Progress saved (937/2577 completed)

📤 Uploading [951/2577]: images/328/IMG_5948.jpg
   📁 File size: 6071KB, Attempt: 1/3
✅ Uploaded successfully: tatebayashi_stones_957_1749828336070_d9oo3b

📤 Uploading [952/2577]: images/372/IMG_5944.jpg
   📁 File size: 6269KB, Attempt: 1/3
✅ Uploaded successfully: tatebayashi_stones_958_1749828340723_3vkq6

📤 Uploading [953/2577]: images/372/IMG_5945.jpg
   📁 File size: 3670KB, Attempt: 1/3
✅ Uploaded successfully: tatebayashi_stones_959_1749828345732_tkc5mc

📤 Uploading [954/2577]: images/372/IMG_5946.jpg
   📁 File size: 4603KB, Attempt: 1/3
✅ Uploaded successfully: tatebayashi_stones_960_1749828350013_qtrfs

📤 Uploading [955/2577]: images/372/IMG_5942.jpg
   📁 File size: 6152KB, Attempt: 1/3
✅ Uploaded successfully: tatebayashi_stones_961_1749828358403_vjge5
💾 Progress saved (942/2577 completed)

📤 Uploading [956/2577]: images/379/IMG_5939.jpg
   📁 File size: 4826KB, Attempt: 1/3
✅ Uploaded successfully: tatebayashi_stones_962_1749828363202_nshgag

📤 Uploading [957/2577]: images/379/IMG_5940.jpg
   📁 File size: 4793KB, Attempt: 1/3
✅ Uploaded successfully: tatebayashi_stones_963_1749828367895_j1x2un

📤 Uploading [958/2577]: images/379/IMG_5943.jpg
   📁 File size: 6608KB, Attempt: 1/3
✅ Uploaded successfully: tatebayashi_stones_964_1749828372368_qg27w7

📤 Uploading [959/2577]: images/379/IMG_5938.jpg
   📁 File size: 5348KB, Attempt: 1/3
✅ Uploaded successfully: tatebayashi_stones_965_1749828377708_2u2np

📤 Uploading [960/2577]: images/383/IMG_5951.jpg
   📁 File size: 4162KB, Attempt: 1/3
✅ Uploaded successfully: tatebayashi_stones_966_1749828383355_unbrwk
💾 Progress saved (947/2577 completed)

📤 Uploading [961/2577]: images/383/IMG_5952.jpg
   📁 File size: 5109KB, Attempt: 1/3
✅ Uploaded successfully: tatebayashi_stones_967_1749828388963_1vp2vf

📤 Uploading [962/2577]: images/383/IMG_5950.jpg
   📁 File size: 5857KB, Attempt: 1/3
✅ Uploaded successfully: tatebayashi_stones_968_1749828393636_l3jf2o

📤 Uploading [963/2577]: images/1862/IMG_5961.jpg
   📁 File size: 4701KB, Attempt: 1/3
✅ Uploaded successfully: tatebayashi_stones_969_1749828398603_7qfkap

📤 Uploading [964/2577]: images/1862/IMG_5960.jpg
   📁 File size: 5112KB, Attempt: 1/3
✅ Uploaded successfully: tatebayashi_stones_970_1749828402756_ddnrh6

📤 Uploading [965/2577]: images/375/IMG_5955.jpg
   📁 File size: 5465KB, Attempt: 1/3
✅ Uploaded successfully: tatebayashi_stones_971_1749828407837_9ym8ek
💾 Progress saved (952/2577 completed)

📤 Uploading [966/2577]: images/1863/IMG_5965.jpg
   📁 File size: 4256KB, Attempt: 1/3
✅ Uploaded successfully: tatebayashi_stones_972_1749828414742_6cguk5

📤 Uploading [967/2577]: images/1864/IMG_5966.jpg
   📁 File size: 5469KB, Attempt: 1/3
✅ Uploaded successfully: tatebayashi_stones_973_1749828419305_f6jwu

📤 Uploading [968/2577]: images/1865/IMG_5969.jpg
   📁 File size: 7218KB, Attempt: 1/3
✅ Uploaded successfully: tatebayashi_stones_974_1749828426362_b5emu4

📤 Uploading [969/2577]: images/1865/IMG_5970.jpg
   📁 File size: 5851KB, Attempt: 1/3
✅ Uploaded successfully: tatebayashi_stones_975_1749828433007_4aomyr

📤 Uploading [970/2577]: images/1865/IMG_5968.jpg
   📁 File size: 6745KB, Attempt: 1/3
✅ Uploaded successfully: tatebayashi_stones_976_1749828438625_kzogj
💾 Progress saved (957/2577 completed)

📤 Uploading [971/2577]: images/1866/IMG_5987.jpg
   📁 File size: 5115KB, Attempt: 1/3
✅ Uploaded successfully: tatebayashi_stones_977_1749828444488_fktgpl

📤 Uploading [972/2577]: images/1867/IMG_5989.jpg
   📁 File size: 5305KB, Attempt: 1/3
✅ Uploaded successfully: tatebayashi_stones_978_1749828449548_1uk0d4

📤 Uploading [973/2577]: images/1868/IMG_5993.jpg
   📁 File size: 4382KB, Attempt: 1/3
✅ Uploaded successfully: tatebayashi_stones_979_1749828454543_trl418

📤 Uploading [974/2577]: images/1868/IMG_5990.jpg
   📁 File size: 5038KB, Attempt: 1/3
✅ Uploaded successfully: tatebayashi_stones_980_1749828459339_3mh3k

📤 Uploading [975/2577]: images/1869/IMG_5992.jpg
   📁 File size: 4739KB, Attempt: 1/3
✅ Uploaded successfully: tatebayashi_stones_981_1749828463422_vxnzat
💾 Progress saved (962/2577 completed)

📤 Uploading [976/2577]: images/1869/IMG_5991.jpg
   📁 File size: 5187KB, Attempt: 1/3
✅ Uploaded successfully: tatebayashi_stones_982_1749828467869_o2pcm

📤 Uploading [977/2577]: images/1870/IMG_5996.jpg
   📁 File size: 4488KB, Attempt: 1/3
✅ Uploaded successfully: tatebayashi_stones_983_1749828472683_2nuegq

📤 Uploading [978/2577]: images/1870/IMG_5994.jpg
   📁 File size: 4301KB, Attempt: 1/3
✅ Uploaded successfully: tatebayashi_stones_984_1749828476896_h2csw

📤 Uploading [979/2577]: images/1871/IMG_5999.jpg
   📁 File size: 5521KB, Attempt: 1/3
✅ Uploaded successfully: tatebayashi_stones_985_1749828480763_yhrqf

📤 Uploading [980/2577]: images/1871/IMG_5998.jpg
   📁 File size: 5479KB, Attempt: 1/3
✅ Uploaded successfully: tatebayashi_stones_986_1749828485611_hi06zwz
💾 Progress saved (967/2577 completed)

📤 Uploading [981/2577]: images/318/IMG_5985.jpg
   📁 File size: 6970KB, Attempt: 1/3
✅ Uploaded successfully: tatebayashi_stones_987_1749828492379_30nkne

📤 Uploading [982/2577]: images/318/IMG_5984.jpg
   📁 File size: 5138KB, Attempt: 1/3
✅ Uploaded successfully: tatebayashi_stones_988_1749828509635_bhbfr

📤 Uploading [983/2577]: images/320/IMG_5982.jpg
   📁 File size: 4849KB, Attempt: 1/3
✅ Uploaded successfully: tatebayashi_stones_989_1749828514700_lbeb56

📤 Uploading [984/2577]: images/320/IMG_5983.jpg
   📁 File size: 5069KB, Attempt: 1/3
✅ Uploaded successfully: tatebayashi_stones_990_1749828519543_obfurb

📤 Uploading [985/2577]: images/320/IMG_5981.jpg
   📁 File size: 4952KB, Attempt: 1/3
✅ Uploaded successfully: tatebayashi_stones_991_1749828524309_ytsra
💾 Progress saved (972/2577 completed)

📤 Uploading [986/2577]: images/378/IMG_5977.jpg
   📁 File size: 6543KB, Attempt: 1/3
✅ Uploaded successfully: tatebayashi_stones_992_1749828529381_2enpwa

📤 Uploading [987/2577]: images/378/IMG_5978.jpg
   📁 File size: 5825KB, Attempt: 1/3
✅ Uploaded successfully: tatebayashi_stones_993_1749828535353_858ly

📤 Uploading [988/2577]: images/378/IMG_5979.jpg
   📁 File size: 5968KB, Attempt: 1/3
✅ Uploaded successfully: tatebayashi_stones_994_1749828542102_mrrki

📤 Uploading [989/2577]: images/378/IMG_5976.jpg
   📁 File size: 4553KB, Attempt: 1/3
✅ Uploaded successfully: tatebayashi_stones_995_1749828547305_behmqc

📤 Uploading [990/2577]: images/263/IMG_6020.jpg
   📁 File size: 5243KB, Attempt: 1/3
✅ Uploaded successfully: tatebayashi_stones_996_1749828553554_m7c6wk
💾 Progress saved (977/2577 completed)

📤 Uploading [991/2577]: images/263/IMG_6019.jpg
   📁 File size: 3342KB, Attempt: 1/3
✅ Uploaded successfully: tatebayashi_stones_997_1749828557844_vmvias

📤 Uploading [992/2577]: images/280/IMG_6037.jpg
   📁 File size: 4965KB, Attempt: 1/3
✅ Uploaded successfully: tatebayashi_stones_998_1749828561672_6kh2s9

📤 Uploading [993/2577]: images/280/IMG_6038.jpg
   📁 File size: 4921KB, Attempt: 1/3
✅ Uploaded successfully: tatebayashi_stones_999_1749828567782_y023ht

📤 Uploading [994/2577]: images/280/IMG_6036.jpg
   📁 File size: 5563KB, Attempt: 1/3
✅ Uploaded successfully: tatebayashi_stones_1000_1749828572853_r92yvo

📤 Uploading [995/2577]: images/313/IMG_6032.jpg
   📁 File size: 5910KB, Attempt: 1/3
✅ Uploaded successfully: tatebayashi_stones_1001_1749828579343_mrzjwi
💾 Progress saved (982/2577 completed)

📤 Uploading [996/2577]: images/313/IMG_6033.jpg
   📁 File size: 4529KB, Attempt: 1/3
✅ Uploaded successfully: tatebayashi_stones_1002_1749828584454_sc96qa

📤 Uploading [997/2577]: images/313/IMG_6031.jpg
   📁 File size: 4195KB, Attempt: 1/3
✅ Uploaded successfully: tatebayashi_stones_1003_1749828589483_ufn5w

📤 Uploading [998/2577]: images/317/IMG_6015.jpg
   📁 File size: 3967KB, Attempt: 1/3
✅ Uploaded successfully: tatebayashi_stones_1004_1749828594068_5cwy5a

📤 Uploading [999/2577]: images/317/IMG_6016.jpg
   📁 File size: 6209KB, Attempt: 1/3
✅ Uploaded successfully: tatebayashi_stones_1005_1749828598517_t4sboq

📤 Uploading [1000/2577]: images/317/IMG_6017.jpg
   📁 File size: 5067KB, Attempt: 1/3
✅ Uploaded successfully: tatebayashi_stones_1006_1749828607235_ry1jag
💾 Progress saved (987/2577 completed)

📤 Uploading [1001/2577]: images/317/IMG_6014.jpg
   📁 File size: 4218KB, Attempt: 1/3
✅ Uploaded successfully: tatebayashi_stones_1007_1749828611920_jveeel

📤 Uploading [1002/2577]: images/324/IMG_6011.jpg
   📁 File size: 5560KB, Attempt: 1/3
✅ Uploaded successfully: tatebayashi_stones_1008_1749828616639_999ia

📤 Uploading [1003/2577]: images/324/IMG_6010.jpg
   📁 File size: 4595KB, Attempt: 1/3
✅ Uploaded successfully: tatebayashi_stones_1009_1749828622613_4x8eq8

📤 Uploading [1004/2577]: images/374/IMG_6040.jpg
   📁 File size: 4653KB, Attempt: 1/3
✅ Uploaded successfully: tatebayashi_stones_1010_1749828626982_tyt944

📤 Uploading [1005/2577]: images/374/IMG_6041.jpg
   📁 File size: 5005KB, Attempt: 1/3
✅ Uploaded successfully: tatebayashi_stones_1011_1749828631267_hq1pa
💾 Progress saved (992/2577 completed)

📤 Uploading [1006/2577]: images/374/IMG_6039.jpg
   📁 File size: 5627KB, Attempt: 1/3
✅ Uploaded successfully: tatebayashi_stones_1012_1749828636609_u767cm

📤 Uploading [1007/2577]: images/382/IMG_6023.jpg
   📁 File size: 4219KB, Attempt: 1/3
✅ Uploaded successfully: tatebayashi_stones_1013_1749828641719_b1aloq

📤 Uploading [1008/2577]: images/382/IMG_6024.jpg
   📁 File size: 5083KB, Attempt: 1/3
✅ Uploaded successfully: tatebayashi_stones_1014_1749828646644_3us6vj

📤 Uploading [1009/2577]: images/382/IMG_6025.jpg
   📁 File size: 3951KB, Attempt: 1/3
✅ Uploaded successfully: tatebayashi_stones_1015_1749828653263_jyrb9i

📤 Uploading [1010/2577]: images/382/IMG_6022.jpg
   📁 File size: 4905KB, Attempt: 1/3
✅ Uploaded successfully: tatebayashi_stones_1016_1749828660073_9g81u9
💾 Progress saved (997/2577 completed)

📤 Uploading [1011/2577]: images/1872/IMG_6043.jpg
   📁 File size: 4069KB, Attempt: 1/3
✅ Uploaded successfully: tatebayashi_stones_1017_1749828672494_h3os8r

📤 Uploading [1012/2577]: images/1872/IMG_6042.jpg
   📁 File size: 5150KB, Attempt: 1/3
✅ Uploaded successfully: tatebayashi_stones_1018_1749828678021_g6asfb

📤 Uploading [1013/2577]: images/1873/IMG_6045.jpg
   📁 File size: 7506KB, Attempt: 1/3
✅ Uploaded successfully: tatebayashi_stones_1019_1749828682913_fkumq

📤 Uploading [1014/2577]: images/1873/IMG_6044.jpg
   📁 File size: 4719KB, Attempt: 1/3
✅ Uploaded successfully: tatebayashi_stones_1020_1749828688102_kf2q9

📤 Uploading [1015/2577]: images/1874/IMG_6049.jpg
   📁 File size: 4858KB, Attempt: 1/3
✅ Uploaded successfully: tatebayashi_stones_1021_1749828693384_nggutu
💾 Progress saved (1002/2577 completed)

📤 Uploading [1016/2577]: images/1875/IMG_6051.jpg
   📁 File size: 5530KB, Attempt: 1/3
✅ Uploaded successfully: tatebayashi_stones_1022_1749828698830_a3thlr

📤 Uploading [1017/2577]: images/1875/IMG_6052.jpg
   📁 File size: 5859KB, Attempt: 1/3
✅ Uploaded successfully: tatebayashi_stones_1023_1749828704761_oc41ee

📤 Uploading [1018/2577]: images/1875/IMG_6050.jpg
   📁 File size: 6349KB, Attempt: 1/3
✅ Uploaded successfully: tatebayashi_stones_1024_1749828710667_ej68ak

📤 Uploading [1019/2577]: images/1876/IMG_6055.jpg
   📁 File size: 4100KB, Attempt: 1/3
✅ Uploaded successfully: tatebayashi_stones_1025_1749828716966_vpcbvq

📤 Uploading [1020/2577]: images/21/IMG_6053.jpg
   📁 File size: 4787KB, Attempt: 1/3
✅ Uploaded successfully: tatebayashi_stones_1026_1749828721751_srz7t
💾 Progress saved (1007/2577 completed)

📤 Uploading [1021/2577]: images/211/IMG_6056.jpg
   📁 File size: 5519KB, Attempt: 1/3
✅ Uploaded successfully: tatebayashi_stones_1027_1749828727279_4ov64f

📤 Uploading [1022/2577]: images/211/IMG_6057.jpg
   📁 File size: 4981KB, Attempt: 1/3
✅ Uploaded successfully: tatebayashi_stones_1028_1749828733471_4ssr1t

📤 Uploading [1023/2577]: images/211/IMG_6059.jpg
   📁 File size: 4533KB, Attempt: 1/3
✅ Uploaded successfully: tatebayashi_stones_1029_1749828738281_3mfmed

📤 Uploading [1024/2577]: images/211/IMG_6060.jpg
   📁 File size: 4811KB, Attempt: 1/3
✅ Uploaded successfully: tatebayashi_stones_1030_1749828744002_8obyzj

📤 Uploading [1025/2577]: images/211/IMG_6058.jpg
   📁 File size: 5025KB, Attempt: 1/3
✅ Uploaded successfully: tatebayashi_stones_1031_1749828749324_6f7g7l
💾 Progress saved (1012/2577 completed)

📤 Uploading [1026/2577]: images/1651/IMG_6080.jpg
   📁 File size: 3815KB, Attempt: 1/3
✅ Uploaded successfully: tatebayashi_stones_1032_1749828755874_4sk2veq

📤 Uploading [1027/2577]: images/1652/IMG_6074.jpg
   📁 File size: 3661KB, Attempt: 1/3
✅ Uploaded successfully: tatebayashi_stones_1033_1749828760266_0e8u8c

📤 Uploading [1028/2577]: images/1652/IMG_6073.jpg
   📁 File size: 5055KB, Attempt: 1/3
✅ Uploaded successfully: tatebayashi_stones_1034_1749828764575_8ptu3y

📤 Uploading [1029/2577]: images/533/IMG_6070.jpg
   📁 File size: 4394KB, Attempt: 1/3
✅ Uploaded successfully: tatebayashi_stones_1035_1749828769962_u5ho5

📤 Uploading [1030/2577]: images/533/IMG_6071.jpg
   📁 File size: 4436KB, Attempt: 1/3
✅ Uploaded successfully: tatebayashi_stones_1036_1749828775277_gypzg
💾 Progress saved (1017/2577 completed)

📤 Uploading [1031/2577]: images/533/IMG_6069.jpg
   📁 File size: 3760KB, Attempt: 1/3
✅ Uploaded successfully: tatebayashi_stones_1037_1749828779454_i44bpv

📤 Uploading [1032/2577]: images/1877/IMG_6075.jpg
   📁 File size: 6082KB, Attempt: 1/3
✅ Uploaded successfully: tatebayashi_stones_1038_1749828783855_366n7

📤 Uploading [1033/2577]: images/1878/IMG_6082.jpg
   📁 File size: 5104KB, Attempt: 1/3
✅ Uploaded successfully: tatebayashi_stones_1039_1749828788700_jjmo1

📤 Uploading [1034/2577]: images/649/IMG_6084.jpg
   📁 File size: 4089KB, Attempt: 1/3
✅ Uploaded successfully: tatebayashi_stones_1040_1749828793693_f74gmj

📤 Uploading [1035/2577]: images/649/IMG_6085.jpg
   📁 File size: 3720KB, Attempt: 1/3
✅ Uploaded successfully: tatebayashi_stones_1041_1749828797695_odk2n
💾 Progress saved (1022/2577 completed)

📤 Uploading [1036/2577]: images/649/IMG_6083.jpg
   📁 File size: 5000KB, Attempt: 1/3
✅ Uploaded successfully: tatebayashi_stones_1042_1749828806520_xlab0ia

📤 Uploading [1037/2577]: images/710/IMG_6086.jpg
   📁 File size: 5199KB, Attempt: 1/3
✅ Uploaded successfully: tatebayashi_stones_1043_1749828812507_xt5qro

📤 Uploading [1038/2577]: images/1685/IMG_6090.jpg
   📁 File size: 5562KB, Attempt: 1/3
✅ Uploaded successfully: tatebayashi_stones_1044_1749828818419_lhf75q

📤 Uploading [1039/2577]: images/1685/IMG_6091.jpg
   📁 File size: 4945KB, Attempt: 1/3
✅ Uploaded successfully: tatebayashi_stones_1045_1749828824231_ja9hdc

📤 Uploading [1040/2577]: images/1685/IMG_6092.jpg
   📁 File size: 4500KB, Attempt: 1/3
✅ Uploaded successfully: tatebayashi_stones_1046_1749828828384_dvyg5t
💾 Progress saved (1027/2577 completed)

📤 Uploading [1041/2577]: images/1685/IMG_6089.jpg
   📁 File size: 4509KB, Attempt: 1/3
✅ Uploaded successfully: tatebayashi_stones_1047_1749828832656_89osjk

📤 Uploading [1042/2577]: images/1879/IMG_6096.jpg
   📁 File size: 4355KB, Attempt: 1/3
✅ Uploaded successfully: tatebayashi_stones_1048_1749828839481_ks6dgn

📤 Uploading [1043/2577]: images/1880/IMG_6097.jpg
   📁 File size: 3831KB, Attempt: 1/3
✅ Uploaded successfully: tatebayashi_stones_1049_1749828844761_90zdf

📤 Uploading [1044/2577]: images/1880/IMG_6098.jpg
   📁 File size: 3494KB, Attempt: 1/3
✅ Uploaded successfully: tatebayashi_stones_1050_1749828848850_n4qnj7

📤 Uploading [1045/2577]: images/1880/IMG_6095.jpg
   📁 File size: 4924KB, Attempt: 1/3
✅ Uploaded successfully: tatebayashi_stones_1051_1749828854474_9rwl5p
💾 Progress saved (1032/2577 completed)

📤 Uploading [1046/2577]: images/1881/IMG_6105.jpg
   📁 File size: 4406KB, Attempt: 1/3
✅ Uploaded successfully: tatebayashi_stones_1052_1749828859600_x6kaw

📤 Uploading [1047/2577]: images/1881/IMG_6106.jpg
   📁 File size: 4568KB, Attempt: 1/3
✅ Uploaded successfully: tatebayashi_stones_1053_1749828865658_z9d9us

📤 Uploading [1048/2577]: images/1881/IMG_6104.jpg
   📁 File size: 4874KB, Attempt: 1/3
✅ Uploaded successfully: tatebayashi_stones_1054_1749828870412_cwdixno

📤 Uploading [1049/2577]: images/1882/IMG_6108.jpg
   📁 File size: 3823KB, Attempt: 1/3
✅ Uploaded successfully: tatebayashi_stones_1055_1749828875379_trg3hs

📤 Uploading [1050/2577]: images/1882/IMG_6109.jpg
   📁 File size: 4121KB, Attempt: 1/3
✅ Uploaded successfully: tatebayashi_stones_1056_1749828879841_iwhzpn
💾 Progress saved (1037/2577 completed)

📤 Uploading [1051/2577]: images/1882/IMG_6107.jpg
   📁 File size: 4252KB, Attempt: 1/3
✅ Uploaded successfully: tatebayashi_stones_1057_1749828884636_m954f

📤 Uploading [1052/2577]: images/1883/IMG_6114.jpg
   📁 File size: 5067KB, Attempt: 1/3
✅ Uploaded successfully: tatebayashi_stones_1058_1749828889355_aemk6p

📤 Uploading [1053/2577]: images/1883/IMG_6115.jpg
   📁 File size: 4935KB, Attempt: 1/3
✅ Uploaded successfully: tatebayashi_stones_1059_1749828894702_vcswg

📤 Uploading [1054/2577]: images/1883/IMG_6113.jpg
   📁 File size: 6125KB, Attempt: 1/3
✅ Uploaded successfully: tatebayashi_stones_1060_1749828900666_zwi4el

📤 Uploading [1055/2577]: images/1884/IMG_6118.jpg
   📁 File size: 5067KB, Attempt: 1/3
✅ Uploaded successfully: tatebayashi_stones_1061_1749828908097_ssx08m
💾 Progress saved (1042/2577 completed)

📤 Uploading [1056/2577]: images/1884/IMG_6119.jpg
   📁 File size: 4489KB, Attempt: 1/3
✅ Uploaded successfully: tatebayashi_stones_1062_1749828913186_9cjea7

📤 Uploading [1057/2577]: images/1884/IMG_6117.jpg
   📁 File size: 5820KB, Attempt: 1/3
✅ Uploaded successfully: tatebayashi_stones_1063_1749828917973_i49zyd

📤 Uploading [1058/2577]: images/1885/IMG_6125.jpg
   📁 File size: 4189KB, Attempt: 1/3
✅ Uploaded successfully: tatebayashi_stones_1064_1749828923510_mskmso

📤 Uploading [1059/2577]: images/1885/IMG_6126.jpg
   📁 File size: 4610KB, Attempt: 1/3
✅ Uploaded successfully: tatebayashi_stones_1065_1749828927935_wagwrmo

📤 Uploading [1060/2577]: images/1885/IMG_6124.jpg
   📁 File size: 3510KB, Attempt: 1/3
✅ Uploaded successfully: tatebayashi_stones_1066_1749828933591_cn33wh
💾 Progress saved (1047/2577 completed)

📤 Uploading [1061/2577]: images/1886/IMG_6141.jpg
   📁 File size: 4974KB, Attempt: 1/3
✅ Uploaded successfully: tatebayashi_stones_1067_1749828938347_kk38sd

📤 Uploading [1062/2577]: images/1886/IMG_6142.jpg
   📁 File size: 3527KB, Attempt: 1/3
✅ Uploaded successfully: tatebayashi_stones_1068_1749828943698_4k6j3

📤 Uploading [1063/2577]: images/637/IMG_6135.jpg
   📁 File size: 3407KB, Attempt: 1/3
✅ Uploaded successfully: tatebayashi_stones_1069_1749828947701_gv3ui

📤 Uploading [1064/2577]: images/637/IMG_6137.jpg
   📁 File size: 3110KB, Attempt: 1/3
✅ Uploaded successfully: tatebayashi_stones_1070_1749828952808_edqj88

📤 Uploading [1065/2577]: images/637/IMG_6133.jpg
   📁 File size: 3915KB, Attempt: 1/3
✅ Uploaded successfully: tatebayashi_stones_1071_1749828956989_mbw8k
💾 Progress saved (1052/2577 completed)

📤 Uploading [1066/2577]: images/638/IMG_6134.jpg
   📁 File size: 3606KB, Attempt: 1/3
✅ Uploaded successfully: tatebayashi_stones_1072_1749828961491_y2fva

📤 Uploading [1067/2577]: images/638/IMG_6136.jpg
   📁 File size: 3584KB, Attempt: 1/3
✅ Uploaded successfully: tatebayashi_stones_1073_1749828966264_oq1qv

📤 Uploading [1068/2577]: images/638/IMG_6132.jpg
   📁 File size: 4518KB, Attempt: 1/3
✅ Uploaded successfully: tatebayashi_stones_1074_1749828970739_l9u9if

📤 Uploading [1069/2577]: images/647/IMG_6145.jpg
   📁 File size: 5411KB, Attempt: 1/3
✅ Uploaded successfully: tatebayashi_stones_1075_1749828975437_dzi1rn

📤 Uploading [1070/2577]: images/715/IMG_6146.jpg
   📁 File size: 4948KB, Attempt: 1/3
✅ Uploaded successfully: tatebayashi_stones_1076_1749828980286_9exmz
💾 Progress saved (1057/2577 completed)

📤 Uploading [1071/2577]: images/591/IMG_6150.jpg
   📁 File size: 4861KB, Attempt: 1/3
✅ Uploaded successfully: tatebayashi_stones_1077_1749828986485_3s567k

📤 Uploading [1072/2577]: images/591/IMG_6149.jpg
   📁 File size: 6891KB, Attempt: 1/3
✅ Uploaded successfully: tatebayashi_stones_1078_1749828991787_d6osuh

📤 Uploading [1073/2577]: images/1828/IMG_6154.jpg
   📁 File size: 5403KB, Attempt: 1/3
✅ Uploaded successfully: tatebayashi_stones_1079_1749828997543_awj9g6

📤 Uploading [1074/2577]: images/671/IMG_6156.jpg
   📁 File size: 3893KB, Attempt: 1/3
✅ Uploaded successfully: tatebayashi_stones_1080_1749829002904_zy4g2n

📤 Uploading [1075/2577]: images/671/IMG_6157.jpg
   📁 File size: 4626KB, Attempt: 1/3
✅ Uploaded successfully: tatebayashi_stones_1081_1749829008233_hxpbf8
💾 Progress saved (1062/2577 completed)

📤 Uploading [1076/2577]: images/671/IMG_6155.jpg
   📁 File size: 5235KB, Attempt: 1/3
✅ Uploaded successfully: tatebayashi_stones_1082_1749829013829_0dzmz

📤 Uploading [1077/2577]: images/650/IMG_6162.jpg
   📁 File size: 5220KB, Attempt: 1/3
✅ Uploaded successfully: tatebayashi_stones_1083_1749829018727_tmxhm

📤 Uploading [1078/2577]: images/672/IMG_6164.jpg
   📁 File size: 4670KB, Attempt: 1/3
✅ Uploaded successfully: tatebayashi_stones_1084_1749829023939_qnkue

📤 Uploading [1079/2577]: images/672/IMG_6165.jpg
   📁 File size: 4601KB, Attempt: 1/3
✅ Uploaded successfully: tatebayashi_stones_1085_1749829029093_hhbkd

📤 Uploading [1080/2577]: images/672/IMG_6163.jpg
   📁 File size: 4679KB, Attempt: 1/3
✅ Uploaded successfully: tatebayashi_stones_1086_1749829034390_gi1x6a
💾 Progress saved (1067/2577 completed)

📤 Uploading [1081/2577]: images/606/IMG_6174.jpg
   📁 File size: 4620KB, Attempt: 1/3
✅ Uploaded successfully: tatebayashi_stones_1087_1749829040801_3n14nr

📤 Uploading [1082/2577]: images/606/IMG_6173.jpg
   📁 File size: 5651KB, Attempt: 1/3
✅ Uploaded successfully: tatebayashi_stones_1088_1749829045769_utdxo9

📤 Uploading [1083/2577]: images/607/IMG_6171.jpg
   📁 File size: 3643KB, Attempt: 1/3
✅ Uploaded successfully: tatebayashi_stones_1089_1749829051064_0885jj

📤 Uploading [1084/2577]: images/617/IMG_6167.jpg
   📁 File size: 4821KB, Attempt: 1/3
✅ Uploaded successfully: tatebayashi_stones_1090_1749829055689_vf48vs

📤 Uploading [1085/2577]: images/617/IMG_6166.jpg
   📁 File size: 4457KB, Attempt: 1/3
✅ Uploaded successfully: tatebayashi_stones_1091_1749829060324_nch6th
💾 Progress saved (1072/2577 completed)

📤 Uploading [1086/2577]: images/1887/IMG_6181.jpg
   📁 File size: 4005KB, Attempt: 1/3
✅ Uploaded successfully: tatebayashi_stones_1092_1749829065756_tmmnj

📤 Uploading [1087/2577]: images/603/IMG_6178.jpg
   📁 File size: 4093KB, Attempt: 1/3
✅ Uploaded successfully: tatebayashi_stones_1093_1749829072891_1w1k1r

📤 Uploading [1088/2577]: images/603/IMG_6177.jpg
   📁 File size: 4757KB, Attempt: 1/3
✅ Uploaded successfully: tatebayashi_stones_1094_1749829078075_15cpbu

📤 Uploading [1089/2577]: images/613/IMG_6182.jpg
   📁 File size: 4565KB, Attempt: 1/3
✅ Uploaded successfully: tatebayashi_stones_1095_1749829083842_4w5w4w

📤 Uploading [1090/2577]: images/613/IMG_6180.jpg
   📁 File size: 5321KB, Attempt: 1/3
✅ Uploaded successfully: tatebayashi_stones_1096_1749829088135_ww4tk
💾 Progress saved (1077/2577 completed)

📤 Uploading [1091/2577]: images/708/PXL_20210620_045105768.PORTRAIT.jpg
   📁 File size: 3107KB, Attempt: 1/3
✅ Uploaded successfully: tatebayashi_stones_1097_1749829092419_tewvi

📤 Uploading [1092/2577]: images/712/PXL_20210620_045054683.PORTRAIT.jpg
   📁 File size: 3933KB, Attempt: 1/3
✅ Uploaded successfully: tatebayashi_stones_1098_1749829096475_app7da

📤 Uploading [1093/2577]: images/712/PXL_20210620_045115699.PORTRAIT.jpg
   📁 File size: 3584KB, Attempt: 1/3
✅ Uploaded successfully: tatebayashi_stones_1099_1749829101317_4u08j9

📤 Uploading [1094/2577]: images/1888/IMG_2631.jpg
   📁 File size: 3793KB, Attempt: 1/3
✅ Uploaded successfully: tatebayashi_stones_1100_1749829105884_5nxn7

📤 Uploading [1095/2577]: images/1888/IMG_2630.jpg
   📁 File size: 4244KB, Attempt: 1/3
✅ Uploaded successfully: tatebayashi_stones_1101_1749829111171_hwni98
💾 Progress saved (1082/2577 completed)

📤 Uploading [1096/2577]: images/635/IMG_2621.jpg
   📁 File size: 3239KB, Attempt: 1/3
✅ Uploaded successfully: tatebayashi_stones_1102_1749829116126_hk7ze8

📤 Uploading [1097/2577]: images/635/IMG_2623.jpg
   📁 File size: 3531KB, Attempt: 1/3
✅ Uploaded successfully: tatebayashi_stones_1103_1749829120340_zjw6rt

📤 Uploading [1098/2577]: images/635/IMG_2624.jpg
   📁 File size: 2100KB, Attempt: 1/3
✅ Uploaded successfully: tatebayashi_stones_1104_1749829125653_1ul2ws

📤 Uploading [1099/2577]: images/635/IMG_2626.jpg
   📁 File size: 2301KB, Attempt: 1/3
✅ Uploaded successfully: tatebayashi_stones_1105_1749829129453_hfmylh

📤 Uploading [1100/2577]: images/1889/IMG_2668.jpg
   📁 File size: 5248KB, Attempt: 1/3
✅ Uploaded successfully: tatebayashi_stones_1106_1749829132940_5m0l2
💾 Progress saved (1087/2577 completed)

📤 Uploading [1101/2577]: images/1889/IMG_2667.jpg
   📁 File size: 4871KB, Attempt: 1/3
✅ Uploaded successfully: tatebayashi_stones_1107_1749829137968_usqf5p

📤 Uploading [1102/2577]: images/1890/IMG_2665.jpg
   📁 File size: 6321KB, Attempt: 1/3
✅ Uploaded successfully: tatebayashi_stones_1108_1749829142556_6g157

📤 Uploading [1103/2577]: images/1890/IMG_2666.jpg
   📁 File size: 5313KB, Attempt: 1/3
✅ Uploaded successfully: tatebayashi_stones_1109_1749829147175_jzb8bh

📤 Uploading [1104/2577]: images/1713/IMG_2669.jpg
   📁 File size: 3219KB, Attempt: 1/3
✅ Uploaded successfully: tatebayashi_stones_1110_1749829152227_u1rbmu

📤 Uploading [1105/2577]: images/1714/IMG_2658.jpg
   📁 File size: 4014KB, Attempt: 1/3
✅ Uploaded successfully: tatebayashi_stones_1111_1749829156887_xc4zrd
💾 Progress saved (1092/2577 completed)

📤 Uploading [1106/2577]: images/561/IMG_2644.jpg
   📁 File size: 3471KB, Attempt: 1/3
✅ Uploaded successfully: tatebayashi_stones_1112_1749829161805_4cs3du

📤 Uploading [1107/2577]: images/561/IMG_2645.jpg
   📁 File size: 3683KB, Attempt: 1/3
✅ Uploaded successfully: tatebayashi_stones_1113_1749829166551_7da8ol

📤 Uploading [1108/2577]: images/561/IMG_2646.jpg
   📁 File size: 3581KB, Attempt: 1/3
✅ Uploaded successfully: tatebayashi_stones_1114_1749829171028_0hpeh

📤 Uploading [1109/2577]: images/631/IMG_2641.jpg
   📁 File size: 3874KB, Attempt: 1/3
✅ Uploaded successfully: tatebayashi_stones_1115_1749829175136_xj830g

📤 Uploading [1110/2577]: images/631/IMG_2642.jpg
   📁 File size: 4388KB, Attempt: 1/3
✅ Uploaded successfully: tatebayashi_stones_1116_1749829181241_bq8fmn
💾 Progress saved (1097/2577 completed)

📤 Uploading [1111/2577]: images/631/IMG_2640.jpg
   📁 File size: 4442KB, Attempt: 1/3
   ⚠️  Attempt 1 failed: timeout of 120000ms exceeded
   ⏳ Retrying in 2 seconds...
   📁 File size: 4442KB, Attempt: 2/3
✅ Uploaded successfully: tatebayashi_stones_1117_1749832150659_hqwbdi

📤 Uploading [1112/2577]: images/639/IMG_2660.jpg
   📁 File size: 5502KB, Attempt: 1/3
✅ Uploaded successfully: tatebayashi_stones_1118_1749832300198_37bcvsi

📤 Uploading [1113/2577]: images/553/IMG_2672.jpg
   📁 File size: 4046KB, Attempt: 1/3
✅ Uploaded successfully: tatebayashi_stones_1119_1749832305287_fbx95o

📤 Uploading [1114/2577]: images/553/IMG_2671.jpg
   📁 File size: 3677KB, Attempt: 1/3
✅ Uploaded successfully: tatebayashi_stones_1120_1749832310473_igzza

📤 Uploading [1115/2577]: images/568/IMG_2690.jpg
   📁 File size: 6345KB, Attempt: 1/3
✅ Uploaded successfully: tatebayashi_stones_1121_1749832315085_yn5vsm
💾 Progress saved (1102/2577 completed)

📤 Uploading [1116/2577]: images/573/IMG_2688.jpg
   📁 File size: 6152KB, Attempt: 1/3
✅ Uploaded successfully: tatebayashi_stones_1122_1749832320740_ecth4

📤 Uploading [1117/2577]: images/654/IMG_2695.jpg
   📁 File size: 4053KB, Attempt: 1/3
✅ Uploaded successfully: tatebayashi_stones_1123_1749832325870_83bh9p

📤 Uploading [1118/2577]: images/657/IMG_2693.jpg
   📁 File size: 6441KB, Attempt: 1/3
✅ Uploaded successfully: tatebayashi_stones_1124_1749832330603_efg1yy

📤 Uploading [1119/2577]: images/662/IMG_2701.jpg
   📁 File size: 4288KB, Attempt: 1/3
✅ Uploaded successfully: tatebayashi_stones_1125_1749832336635_uryn4m

📤 Uploading [1120/2577]: images/662/IMG_2700.jpg
   📁 File size: 5829KB, Attempt: 1/3
✅ Uploaded successfully: tatebayashi_stones_1126_1749832342551_holte5
💾 Progress saved (1107/2577 completed)

📤 Uploading [1121/2577]: images/666/IMG_2716.jpg
   📁 File size: 5104KB, Attempt: 1/3
✅ Uploaded successfully: tatebayashi_stones_1127_1749832349152_9mgnn7i

📤 Uploading [1122/2577]: images/666/IMG_2718.jpg
   📁 File size: 5187KB, Attempt: 1/3
✅ Uploaded successfully: tatebayashi_stones_1128_1749832354297_0wki8o

📤 Uploading [1123/2577]: images/666/IMG_2715.jpg
   📁 File size: 5393KB, Attempt: 1/3
✅ Uploaded successfully: tatebayashi_stones_1129_1749832359518_ya77eq

📤 Uploading [1124/2577]: images/669/IMG_2711.jpg
   📁 File size: 4911KB, Attempt: 1/3
✅ Uploaded successfully: tatebayashi_stones_1130_1749832365877_27gdij

📤 Uploading [1125/2577]: images/669/IMG_2713.jpg
   📁 File size: 4282KB, Attempt: 1/3
✅ Uploaded successfully: tatebayashi_stones_1131_1749832370988_i4ghi
💾 Progress saved (1112/2577 completed)

📤 Uploading [1126/2577]: images/669/IMG_2712.jpg
   📁 File size: 4359KB, Attempt: 1/3
✅ Uploaded successfully: tatebayashi_stones_1132_1749832376196_0g3vdr

📤 Uploading [1127/2577]: images/674/IMG_2706.jpg
   📁 File size: 5213KB, Attempt: 1/3
✅ Uploaded successfully: tatebayashi_stones_1133_1749832381258_dpqu5

📤 Uploading [1128/2577]: images/674/IMG_2707.jpg
   📁 File size: 3987KB, Attempt: 1/3
✅ Uploaded successfully: tatebayashi_stones_1134_1749832387037_lj2qhp

📤 Uploading [1129/2577]: images/674/IMG_2705.jpg
   📁 File size: 6265KB, Attempt: 1/3
✅ Uploaded successfully: tatebayashi_stones_1135_1749832393508_gvoa79

📤 Uploading [1130/2577]: images/714/IMG_2685.jpg
   📁 File size: 5042KB, Attempt: 1/3
✅ Uploaded successfully: tatebayashi_stones_1136_1749832400283_mv1xyk
💾 Progress saved (1117/2577 completed)

📤 Uploading [1131/2577]: images/1017/IMG_3080.jpg
   📁 File size: 4213KB, Attempt: 1/3
✅ Uploaded successfully: tatebayashi_stones_1137_1749832406695_rbof6d

📤 Uploading [1132/2577]: images/1017/IMG_3081.jpg
   📁 File size: 4477KB, Attempt: 1/3
✅ Uploaded successfully: tatebayashi_stones_1138_1749832411758_d7m91h

📤 Uploading [1133/2577]: images/1017/IMG_3082.jpg
   📁 File size: 5645KB, Attempt: 1/3
✅ Uploaded successfully: tatebayashi_stones_1139_1749832417642_3ylhuk

📤 Uploading [1134/2577]: images/1017/IMG_3079.jpg
   📁 File size: 5091KB, Attempt: 1/3
✅ Uploaded successfully: tatebayashi_stones_1140_1749832424274_sgy7n4

📤 Uploading [1135/2577]: images/1797/IMG_3085.jpg
   📁 File size: 3880KB, Attempt: 1/3
✅ Uploaded successfully: tatebayashi_stones_1141_1749832430148_qfyyjb
💾 Progress saved (1122/2577 completed)

📤 Uploading [1136/2577]: images/1799/IMG_3122.jpg
   📁 File size: 5115KB, Attempt: 1/3
✅ Uploaded successfully: tatebayashi_stones_1142_1749832438193_tkb9t

📤 Uploading [1137/2577]: images/1891/IMG_3097.jpg
   📁 File size: 4252KB, Attempt: 1/3
✅ Uploaded successfully: tatebayashi_stones_1143_1749832444922_2xk6k9

📤 Uploading [1138/2577]: images/931/IMG_3121.jpg
   📁 File size: 6589KB, Attempt: 1/3
✅ Uploaded successfully: tatebayashi_stones_1144_1749832451215_lykw7

📤 Uploading [1139/2577]: images/954/IMG_3118.jpg
   📁 File size: 3437KB, Attempt: 1/3
✅ Uploaded successfully: tatebayashi_stones_1145_1749832459893_zh7s2

📤 Uploading [1140/2577]: images/954/IMG_3114.jpg
   📁 File size: 2954KB, Attempt: 1/3
✅ Uploaded successfully: tatebayashi_stones_1146_1749832465972_2jc39
💾 Progress saved (1127/2577 completed)

📤 Uploading [1141/2577]: images/925/IMG_3107.jpg
   📁 File size: 4616KB, Attempt: 1/3
✅ Uploaded successfully: tatebayashi_stones_1147_1749832471838_i6f7dx

📤 Uploading [1142/2577]: images/929/IMG_3109.jpg
   📁 File size: 4664KB, Attempt: 1/3
✅ Uploaded successfully: tatebayashi_stones_1148_1749832478037_4impe

📤 Uploading [1143/2577]: images/939/IMG_3113.jpg
   📁 File size: 4336KB, Attempt: 1/3
✅ Uploaded successfully: tatebayashi_stones_1149_1749832483145_knw55ev

📤 Uploading [1144/2577]: images/944/IMG_3112.jpg
   📁 File size: 3538KB, Attempt: 1/3
✅ Uploaded successfully: tatebayashi_stones_1150_1749832487719_0ue3o

📤 Uploading [1145/2577]: images/978/IMG_3117.jpg
   📁 File size: 3788KB, Attempt: 1/3
✅ Uploaded successfully: tatebayashi_stones_1151_1749832492522_eqqurs
💾 Progress saved (1132/2577 completed)

📤 Uploading [1146/2577]: images/978/IMG_3116.jpg
   📁 File size: 4218KB, Attempt: 1/3
✅ Uploaded successfully: tatebayashi_stones_1152_1749832498003_kjyrln

📤 Uploading [1147/2577]: images/986/IMG_3111.jpg
   📁 File size: 4215KB, Attempt: 1/3
✅ Uploaded successfully: tatebayashi_stones_1153_1749832503539_cbirmr

📤 Uploading [1148/2577]: images/992/IMG_3110.jpg
   📁 File size: 4274KB, Attempt: 1/3
✅ Uploaded successfully: tatebayashi_stones_1154_1749832509220_4q7y4j

📤 Uploading [1149/2577]: images/924/IMG_3115.jpg
   📁 File size: 4711KB, Attempt: 1/3
✅ Uploaded successfully: tatebayashi_stones_1155_1749832514209_9n14e9

📤 Uploading [1150/2577]: images/926/IMG_3108.jpg
   📁 File size: 4318KB, Attempt: 1/3
✅ Uploaded successfully: tatebayashi_stones_1156_1749832519510_6c3rn
💾 Progress saved (1137/2577 completed)

📤 Uploading [1151/2577]: images/1798/IMG_3127.jpg
   📁 File size: 5107KB, Attempt: 1/3
✅ Uploaded successfully: tatebayashi_stones_1157_1749832525088_cbmg5

📤 Uploading [1152/2577]: images/1892/IMG_3125.jpg
   📁 File size: 4282KB, Attempt: 1/3
✅ Uploaded successfully: tatebayashi_stones_1158_1749832530196_wqdfnt

📤 Uploading [1153/2577]: images/1893/IMG_3126.jpg
   📁 File size: 4117KB, Attempt: 1/3
✅ Uploaded successfully: tatebayashi_stones_1159_1749832535252_1fx5zeb

📤 Uploading [1154/2577]: images/1894/IMG_3128.jpg
   📁 File size: 4576KB, Attempt: 1/3
✅ Uploaded successfully: tatebayashi_stones_1160_1749832540147_cov92s

📤 Uploading [1155/2577]: images/807/IMG_3577.jpg
   📁 File size: 3447KB, Attempt: 1/3
✅ Uploaded successfully: tatebayashi_stones_1161_1749832544393_b1h4do
💾 Progress saved (1142/2577 completed)

📤 Uploading [1156/2577]: images/807/IMG_3576.jpg
   📁 File size: 4345KB, Attempt: 1/3
✅ Uploaded successfully: tatebayashi_stones_1162_1749832548645_3wjtct

📤 Uploading [1157/2577]: images/808/IMG_3578.jpg
   📁 File size: 4014KB, Attempt: 1/3
✅ Uploaded successfully: tatebayashi_stones_1163_1749832553368_kusqo

📤 Uploading [1158/2577]: images/808/IMG_3575.jpg
   📁 File size: 4053KB, Attempt: 1/3
✅ Uploaded successfully: tatebayashi_stones_1164_1749832557685_35vsn

📤 Uploading [1159/2577]: images/810/IMG_3583.jpg
   📁 File size: 5189KB, Attempt: 1/3
✅ Uploaded successfully: tatebayashi_stones_1165_1749832563265_a2dsuj

📤 Uploading [1160/2577]: images/810/IMG_3582.jpg
   📁 File size: 5043KB, Attempt: 1/3
✅ Uploaded successfully: tatebayashi_stones_1166_1749832569267_dze0pq
💾 Progress saved (1147/2577 completed)

📤 Uploading [1161/2577]: images/789/IMG_3689.jpg
   📁 File size: 5215KB, Attempt: 1/3
✅ Uploaded successfully: tatebayashi_stones_1167_1749832574490_9uisb

📤 Uploading [1162/2577]: images/789/IMG_3690.jpg
   📁 File size: 5509KB, Attempt: 1/3
✅ Uploaded successfully: tatebayashi_stones_1168_1749832579533_2fwauk

📤 Uploading [1163/2577]: images/789/IMG_3688.jpg
   📁 File size: 5524KB, Attempt: 1/3
✅ Uploaded successfully: tatebayashi_stones_1169_1749832584332_xivz4o

📤 Uploading [1164/2577]: images/799/IMG_3684.jpg
   📁 File size: 6104KB, Attempt: 1/3
✅ Uploaded successfully: tatebayashi_stones_1170_1749832589225_dpflf

📤 Uploading [1165/2577]: images/895/IMG_3686.jpg
   📁 File size: 5132KB, Attempt: 1/3
✅ Uploaded successfully: tatebayashi_stones_1171_1749832594879_6eo4bt
💾 Progress saved (1152/2577 completed)

📤 Uploading [1166/2577]: images/895/IMG_3687.jpg
   📁 File size: 5156KB, Attempt: 1/3
✅ Uploaded successfully: tatebayashi_stones_1172_1749832601222_pdorlo

📤 Uploading [1167/2577]: images/895/IMG_3685.jpg
   📁 File size: 5415KB, Attempt: 1/3
✅ Uploaded successfully: tatebayashi_stones_1173_1749832607859_k6cz9q

📤 Uploading [1168/2577]: images/1726/IMG_3607.jpg
   📁 File size: 5209KB, Attempt: 1/3
✅ Uploaded successfully: tatebayashi_stones_1174_1749832613826_m2wx34

📤 Uploading [1169/2577]: images/1727/IMG_3606.jpg
   📁 File size: 5095KB, Attempt: 1/3
✅ Uploaded successfully: tatebayashi_stones_1175_1749832619717_oavsqj

📤 Uploading [1170/2577]: images/1728/IMG_3605.jpg
   📁 File size: 4726KB, Attempt: 1/3
✅ Uploaded successfully: tatebayashi_stones_1176_1749832625296_vy5ch
💾 Progress saved (1157/2577 completed)

📤 Uploading [1171/2577]: images/1729/IMG_3604.jpg
   📁 File size: 5297KB, Attempt: 1/3
✅ Uploaded successfully: tatebayashi_stones_1177_1749832631122_f1wh87

📤 Uploading [1172/2577]: images/880/IMG_3608.jpg
   📁 File size: 5831KB, Attempt: 1/3
✅ Uploaded successfully: tatebayashi_stones_1178_1749832636838_iv631

📤 Uploading [1173/2577]: images/1895/IMG_3600.jpg
   📁 File size: 4244KB, Attempt: 1/3
✅ Uploaded successfully: tatebayashi_stones_1179_1749832642182_6y1ts

📤 Uploading [1174/2577]: images/1895/IMG_3599.jpg
   📁 File size: 5734KB, Attempt: 1/3
✅ Uploaded successfully: tatebayashi_stones_1180_1749832647095_019udf

📤 Uploading [1175/2577]: images/883/IMG_3598.jpg
   📁 File size: 4394KB, Attempt: 1/3
✅ Uploaded successfully: tatebayashi_stones_1181_1749832652993_qmscs6
💾 Progress saved (1162/2577 completed)

📤 Uploading [1176/2577]: images/883/IMG_3597.jpg
   📁 File size: 5258KB, Attempt: 1/3
✅ Uploaded successfully: tatebayashi_stones_1182_1749832658798_02zyl

📤 Uploading [1177/2577]: images/1760/IMG_3135.jpg
   📁 File size: 3576KB, Attempt: 1/3
✅ Uploaded successfully: tatebayashi_stones_1183_1749832665652_0r4uoh

📤 Uploading [1178/2577]: images/1896/IMG_3136.jpg
   📁 File size: 4432KB, Attempt: 1/3
✅ Uploaded successfully: tatebayashi_stones_1184_1749832671972_egngxm

📤 Uploading [1179/2577]: images/1897/IMG_3163.jpg
   📁 File size: 6288KB, Attempt: 1/3
✅ Uploaded successfully: tatebayashi_stones_1185_1749832677584_b5v8y4

📤 Uploading [1180/2577]: images/898/IMG_3132.jpg
   📁 File size: 4181KB, Attempt: 1/3
✅ Uploaded successfully: tatebayashi_stones_1186_1749832683252_zpwd39
💾 Progress saved (1167/2577 completed)

📤 Uploading [1181/2577]: images/1758/IMG_3150.jpg
   📁 File size: 4594KB, Attempt: 1/3
✅ Uploaded successfully: tatebayashi_stones_1187_1749832688064_3emxn

📤 Uploading [1182/2577]: images/965/IMG_3145.jpg
   📁 File size: 3995KB, Attempt: 1/3
✅ Uploaded successfully: tatebayashi_stones_1188_1749832693009_rfmm0f

📤 Uploading [1183/2577]: images/965/IMG_3144.jpg
   📁 File size: 5462KB, Attempt: 1/3
✅ Uploaded successfully: tatebayashi_stones_1189_1749832698064_mg30s8

📤 Uploading [1184/2577]: images/987/IMG_3146.jpg
   📁 File size: 6227KB, Attempt: 1/3
✅ Uploaded successfully: tatebayashi_stones_1190_1749832703477_coha2

📤 Uploading [1185/2577]: images/995/IMG_3152.jpg
   📁 File size: 4432KB, Attempt: 1/3
✅ Uploaded successfully: tatebayashi_stones_1191_1749832709902_ri587o
💾 Progress saved (1172/2577 completed)

📤 Uploading [1186/2577]: images/997/IMG_3151.jpg
   📁 File size: 4540KB, Attempt: 1/3
✅ Uploaded successfully: tatebayashi_stones_1192_1749832715812_qfe06a

📤 Uploading [1187/2577]: images/1898/IMG_3029.jpg
   📁 File size: 4753KB, Attempt: 1/3
✅ Uploaded successfully: tatebayashi_stones_1193_1749832721691_sx0w7

📤 Uploading [1188/2577]: images/934/IMG_3026.jpg
   📁 File size: 4551KB, Attempt: 1/3
✅ Uploaded successfully: tatebayashi_stones_1194_1749832726671_c66d7r

📤 Uploading [1189/2577]: images/934/IMG_3027.jpg
   📁 File size: 5188KB, Attempt: 1/3
✅ Uploaded successfully: tatebayashi_stones_1195_1749832731683_ccu8tb

📤 Uploading [1190/2577]: images/934/IMG_3025.jpg
   📁 File size: 4881KB, Attempt: 1/3
✅ Uploaded successfully: tatebayashi_stones_1196_1749832737036_e0yubp
💾 Progress saved (1177/2577 completed)

📤 Uploading [1191/2577]: images/940/IMG_3024.jpg
   📁 File size: 4758KB, Attempt: 1/3
✅ Uploaded successfully: tatebayashi_stones_1197_1749832741990_ef2a6h

📤 Uploading [1192/2577]: images/970/IMG_3028.jpg
   📁 File size: 4847KB, Attempt: 1/3
✅ Uploaded successfully: tatebayashi_stones_1198_1749832746503_1uaxaw

📤 Uploading [1193/2577]: images/1584/IMG_5202.jpg
   📁 File size: 4837KB, Attempt: 1/3
✅ Uploaded successfully: tatebayashi_stones_1199_1749832752194_2b3bv

📤 Uploading [1194/2577]: images/1586/IMG_5194.jpg
   📁 File size: 5515KB, Attempt: 1/3
✅ Uploaded successfully: tatebayashi_stones_1200_1749832757711_q7h3f

📤 Uploading [1195/2577]: images/79/IMG_6631.jpg
   📁 File size: 3671KB, Attempt: 1/3
✅ Uploaded successfully: tatebayashi_stones_1201_1749832762358_90qeqq
💾 Progress saved (1182/2577 completed)

📤 Uploading [1196/2577]: images/1671/IMG_5161.jpg
   📁 File size: 3658KB, Attempt: 1/3
✅ Uploaded successfully: tatebayashi_stones_1202_1749832766888_lvz7qh

📤 Uploading [1197/2577]: images/1018/IMG_3060.jpg
   📁 File size: 4910KB, Attempt: 1/3
✅ Uploaded successfully: tatebayashi_stones_1203_1749832772474_ril30v

📤 Uploading [1198/2577]: images/1024/IMG_3070.jpg
   📁 File size: 5910KB, Attempt: 1/3
✅ Uploaded successfully: tatebayashi_stones_1204_1749832777654_big1vv

📤 Uploading [1199/2577]: images/991/IMG_3069.jpg
   📁 File size: 5323KB, Attempt: 1/3
✅ Uploaded successfully: tatebayashi_stones_1205_1749832782929_dwe7gm

📤 Uploading [1200/2577]: images/1781/IMG_3061.jpg
   📁 File size: 2809KB, Attempt: 1/3
✅ Uploaded successfully: tatebayashi_stones_1206_1749832789262_wv2uvi
💾 Progress saved (1187/2577 completed)

📤 Uploading [1201/2577]: images/1782/IMG_3062.jpg
   📁 File size: 3154KB, Attempt: 1/3
✅ Uploaded successfully: tatebayashi_stones_1207_1749832795834_67dsb

📤 Uploading [1202/2577]: images/1899/IMG_3073.jpg
   📁 File size: 6867KB, Attempt: 1/3
✅ Uploaded successfully: tatebayashi_stones_1208_1749832803105_3x14ta

📤 Uploading [1203/2577]: images/1900/IMG_3074.jpg
   📁 File size: 6172KB, Attempt: 1/3
✅ Uploaded successfully: tatebayashi_stones_1209_1749832813717_o4ldfh

📤 Uploading [1204/2577]: images/788/PXL_20220305_080408329.jpg
   📁 File size: 4068KB, Attempt: 1/3
✅ Uploaded successfully: tatebayashi_stones_1210_1749832821571_3de49h

📤 Uploading [1205/2577]: images/788/PXL_20220305_080425167.MP.jpg
   📁 File size: 5967KB, Attempt: 1/3
✅ Uploaded successfully: tatebayashi_stones_1211_1749832827177_fpec2f
💾 Progress saved (1192/2577 completed)

📤 Uploading [1206/2577]: images/788/PXL_20220305_080437263.MP.jpg
   📁 File size: 5452KB, Attempt: 1/3
✅ Uploaded successfully: tatebayashi_stones_1212_1749832834340_p9rg96

📤 Uploading [1207/2577]: images/788/PXL_20220305_080456632.MP.jpg
   📁 File size: 5939KB, Attempt: 1/3
✅ Uploaded successfully: tatebayashi_stones_1213_1749832839631_hhjjt

📤 Uploading [1208/2577]: images/788/PXL_20220305_080509462.MP.jpg
   📁 File size: 5909KB, Attempt: 1/3
✅ Uploaded successfully: tatebayashi_stones_1214_1749832846040_auwtm7

📤 Uploading [1209/2577]: images/813/PXL_20220305_080522089.MP.jpg
   📁 File size: 4820KB, Attempt: 1/3
✅ Uploaded successfully: tatebayashi_stones_1215_1749832852435_nawb4c

📤 Uploading [1210/2577]: images/813/PXL_20220305_080533684.jpg
   📁 File size: 4496KB, Attempt: 1/3
✅ Uploaded successfully: tatebayashi_stones_1216_1749832858672_ivogua
💾 Progress saved (1197/2577 completed)

📤 Uploading [1211/2577]: images/813/PXL_20220305_080540093.MP.jpg
   📁 File size: 4593KB, Attempt: 1/3
✅ Uploaded successfully: tatebayashi_stones_1217_1749832864271_mb4dle

📤 Uploading [1212/2577]: images/739/PXL_20220305_080559733.jpg
   📁 File size: 4404KB, Attempt: 1/3
✅ Uploaded successfully: tatebayashi_stones_1218_1749832869484_1l9dzb

📤 Uploading [1213/2577]: images/739/PXL_20220305_080605697.jpg
   📁 File size: 6051KB, Attempt: 1/3
✅ Uploaded successfully: tatebayashi_stones_1219_1749832875114_k5epr

📤 Uploading [1214/2577]: images/739/PXL_20220305_080612582.jpg
   📁 File size: 4644KB, Attempt: 1/3
✅ Uploaded successfully: tatebayashi_stones_1220_1749832881826_yn7eij

📤 Uploading [1215/2577]: images/739/PXL_20220305_080622785.MP.jpg
   📁 File size: 5625KB, Attempt: 1/3
✅ Uploaded successfully: tatebayashi_stones_1221_1749832887235_4b87ff
💾 Progress saved (1202/2577 completed)

📤 Uploading [1216/2577]: images/820/PXL_20220305_080632531.jpg
   📁 File size: 5618KB, Attempt: 1/3
✅ Uploaded successfully: tatebayashi_stones_1222_1749832894658_skdbn

📤 Uploading [1217/2577]: images/741/PXL_20220305_080700331.jpg
   📁 File size: 4943KB, Attempt: 1/3
✅ Uploaded successfully: tatebayashi_stones_1223_1749832900229_tdq0y

📤 Uploading [1218/2577]: images/741/PXL_20220305_080714941.MP.jpg
   📁 File size: 4375KB, Attempt: 1/3
✅ Uploaded successfully: tatebayashi_stones_1224_1749832905427_3aigj

📤 Uploading [1219/2577]: images/741/PXL_20220305_080720815.MP.jpg
   📁 File size: 4348KB, Attempt: 1/3
✅ Uploaded successfully: tatebayashi_stones_1225_1749832910873_tjtry

📤 Uploading [1220/2577]: images/877/PXL_20220305_080741036.jpg
   📁 File size: 5422KB, Attempt: 1/3
✅ Uploaded successfully: tatebayashi_stones_1227_1749832916318_d18hy5
💾 Progress saved (1207/2577 completed)

📤 Uploading [1221/2577]: images/877/PXL_20220305_080750529.MP.jpg
   📁 File size: 5595KB, Attempt: 1/3
✅ Uploaded successfully: tatebayashi_stones_1228_1749832922605_kni5ed

📤 Uploading [1222/2577]: images/871/PXL_20220305_080757578.jpg
   📁 File size: 5970KB, Attempt: 1/3
✅ Uploaded successfully: tatebayashi_stones_1229_1749832929334_kc46px

📤 Uploading [1223/2577]: images/871/PXL_20220305_080803342.MP.jpg
   📁 File size: 4689KB, Attempt: 1/3
✅ Uploaded successfully: tatebayashi_stones_1230_1749832936050_46yxvo

📤 Uploading [1224/2577]: images/871/PXL_20220305_080813277.jpg
   📁 File size: 4640KB, Attempt: 1/3
✅ Uploaded successfully: tatebayashi_stones_1231_1749832940945_bvx8no

📤 Uploading [1225/2577]: images/877/PXL_20220305_080730172.MP.jpg
   📁 File size: 6536KB, Attempt: 1/3
✅ Uploaded successfully: tatebayashi_stones_1232_1749832946207_pc7qk
💾 Progress saved (1212/2577 completed)

📤 Uploading [1226/2577]: images/875/PXL_20220305_080818721.jpg
   📁 File size: 5142KB, Attempt: 1/3
✅ Uploaded successfully: tatebayashi_stones_1233_1749832951260_5rhyyj

📤 Uploading [1227/2577]: images/875/PXL_20220305_080825015.MP.jpg
   📁 File size: 5124KB, Attempt: 1/3
✅ Uploaded successfully: tatebayashi_stones_1234_1749832956417_1ibmsm

📤 Uploading [1228/2577]: images/875/PXL_20220305_080834744.jpg
   📁 File size: 4933KB, Attempt: 1/3
✅ Uploaded successfully: tatebayashi_stones_1235_1749832961258_0aig7m

📤 Uploading [1229/2577]: images/1738/PXL_20220305_081035368.jpg
   📁 File size: 3799KB, Attempt: 1/3
✅ Uploaded successfully: tatebayashi_stones_1236_1749832966710_67a8hd

📤 Uploading [1230/2577]: images/1738/PXL_20220305_081048260.MP.jpg
   📁 File size: 3427KB, Attempt: 1/3
✅ Uploaded successfully: tatebayashi_stones_1237_1749832973276_vfp24
💾 Progress saved (1217/2577 completed)

📤 Uploading [1231/2577]: images/1738/PXL_20220305_081102638.MP.jpg
   📁 File size: 4261KB, Attempt: 1/3
✅ Uploaded successfully: tatebayashi_stones_1238_1749832978023_f52haf

📤 Uploading [1232/2577]: images/1737/PXL_20220305_082003967.jpg
   📁 File size: 4386KB, Attempt: 1/3
✅ Uploaded successfully: tatebayashi_stones_1239_1749832983026_pe08ro

📤 Uploading [1233/2577]: images/1737/PXL_20220305_082053438.MP.jpg
   📁 File size: 4824KB, Attempt: 1/3
✅ Uploaded successfully: tatebayashi_stones_1240_1749832987529_khiyeu

📤 Uploading [1234/2577]: images/867/PXL_20220305_081532676.MP.jpg
   📁 File size: 3523KB, Attempt: 1/3
✅ Uploaded successfully: tatebayashi_stones_1241_1749832992618_x8hod

📤 Uploading [1235/2577]: images/867/PXL_20220305_081539228.jpg
   📁 File size: 3707KB, Attempt: 1/3
✅ Uploaded successfully: tatebayashi_stones_1242_1749832997083_l2mcin
💾 Progress saved (1222/2577 completed)

📤 Uploading [1236/2577]: images/867/PXL_20220305_081545647.MP.jpg
   📁 File size: 3515KB, Attempt: 1/3
✅ Uploaded successfully: tatebayashi_stones_1243_1749833001538_q0feh

📤 Uploading [1237/2577]: images/867/PXL_20220305_081551850.MP.jpg
   📁 File size: 3152KB, Attempt: 1/3
✅ Uploaded successfully: tatebayashi_stones_1244_1749833006598_px0o0q

📤 Uploading [1238/2577]: images/867/PXL_20220305_081556818.MP.jpg
   📁 File size: 5745KB, Attempt: 1/3
✅ Uploaded successfully: tatebayashi_stones_1245_1749833012216_4zzxba

📤 Uploading [1239/2577]: images/867/PXL_20220305_081602660.MP.jpg
   📁 File size: 6019KB, Attempt: 1/3
✅ Uploaded successfully: tatebayashi_stones_1246_1749833017349_hxj1nu

📤 Uploading [1240/2577]: images/867/PXL_20220305_081608825.MP.jpg
   📁 File size: 5536KB, Attempt: 1/3
✅ Uploaded successfully: tatebayashi_stones_1247_1749833023002_u5juo
💾 Progress saved (1227/2577 completed)

📤 Uploading [1241/2577]: images/867/PXL_20220305_081615190.jpg
   📁 File size: 5721KB, Attempt: 1/3
✅ Uploaded successfully: tatebayashi_stones_1248_1749833029748_wbgnj6

📤 Uploading [1242/2577]: images/752/PXL_20220305_081456195.jpg
   📁 File size: 3556KB, Attempt: 1/3
✅ Uploaded successfully: tatebayashi_stones_1249_1749833035775_q5sf0j

📤 Uploading [1243/2577]: images/752/PXL_20220305_081502788.MP.jpg
   📁 File size: 5434KB, Attempt: 1/3
✅ Uploaded successfully: tatebayashi_stones_1250_1749833040489_a9415c

📤 Uploading [1244/2577]: images/1901/PXL_20220305_081728817.MP.jpg
   📁 File size: 4518KB, Attempt: 1/3
✅ Uploaded successfully: tatebayashi_stones_1251_1749833047615_fy8e2j

📤 Uploading [1245/2577]: images/1901/PXL_20220305_081738542.MP.jpg
   📁 File size: 5105KB, Attempt: 1/3
✅ Uploaded successfully: tatebayashi_stones_1252_1749833052519_dtom4l
💾 Progress saved (1232/2577 completed)

📤 Uploading [1246/2577]: images/1901/PXL_20220305_081753868.MP.jpg
   📁 File size: 5945KB, Attempt: 1/3
✅ Uploaded successfully: tatebayashi_stones_1253_1749833058434_6qaes

📤 Uploading [1247/2577]: images/985/IMG_7522.jpg
   📁 File size: 6140KB, Attempt: 1/3
✅ Uploaded successfully: tatebayashi_stones_1254_1749833063822_i8a8f

📤 Uploading [1248/2577]: images/989/IMG_7523.jpg
   📁 File size: 6435KB, Attempt: 1/3
✅ Uploaded successfully: tatebayashi_stones_1255_1749833069153_41560s

📤 Uploading [1249/2577]: images/1033/IMG_7527.jpg
   📁 File size: 5178KB, Attempt: 1/3
✅ Uploaded successfully: tatebayashi_stones_1256_1749833074354_o2txjl

📤 Uploading [1250/2577]: images/1767/IMG_7525.jpg
   📁 File size: 4055KB, Attempt: 1/3
✅ Uploaded successfully: tatebayashi_stones_1257_1749833079872_99xa3
💾 Progress saved (1237/2577 completed)

📤 Uploading [1251/2577]: images/1768/IMG_7526.jpg
   📁 File size: 3411KB, Attempt: 1/3
✅ Uploaded successfully: tatebayashi_stones_1258_1749833086156_g2d4td

📤 Uploading [1252/2577]: images/1031/IMG_7532.jpg
   📁 File size: 5240KB, Attempt: 1/3
✅ Uploaded successfully: tatebayashi_stones_1259_1749833091135_0odkz

📤 Uploading [1253/2577]: images/1031/IMG_7533.jpg
   📁 File size: 4982KB, Attempt: 1/3
✅ Uploaded successfully: tatebayashi_stones_1260_1749833096857_ciubyp

📤 Uploading [1254/2577]: images/1031/IMG_7534.jpg
   📁 File size: 4838KB, Attempt: 1/3
✅ Uploaded successfully: tatebayashi_stones_1261_1749833104054_sefxa8

📤 Uploading [1255/2577]: images/1031/IMG_7535.jpg
   📁 File size: 5630KB, Attempt: 1/3
✅ Uploaded successfully: tatebayashi_stones_1262_1749833108548_8hy3o
💾 Progress saved (1242/2577 completed)

📤 Uploading [1256/2577]: images/1031/IMG_7531.jpg
   📁 File size: 4653KB, Attempt: 1/3
✅ Uploaded successfully: tatebayashi_stones_1263_1749833115075_2s1jj1

📤 Uploading [1257/2577]: images/1769/IMG_7541.jpg
   📁 File size: 4403KB, Attempt: 1/3
✅ Uploaded successfully: tatebayashi_stones_1264_1749833120146_uf9h6o

📤 Uploading [1258/2577]: images/1769/IMG_7543.jpg
   📁 File size: 4350KB, Attempt: 1/3
✅ Uploaded successfully: tatebayashi_stones_1265_1749833125512_8fu68w

📤 Uploading [1259/2577]: images/904/IMG_7545.jpg
   📁 File size: 5362KB, Attempt: 1/3
✅ Uploaded successfully: tatebayashi_stones_1266_1749833130356_1bw0ue

📤 Uploading [1260/2577]: images/904/IMG_7546.jpg
   📁 File size: 4437KB, Attempt: 1/3
✅ Uploaded successfully: tatebayashi_stones_1267_1749833135298_hxi3h
💾 Progress saved (1247/2577 completed)

📤 Uploading [1261/2577]: images/904/IMG_7547.jpg
   📁 File size: 4689KB, Attempt: 1/3
✅ Uploaded successfully: tatebayashi_stones_1268_1749833140164_16j7wh

📤 Uploading [1262/2577]: images/904/IMG_7544.jpg
   📁 File size: 5358KB, Attempt: 1/3
✅ Uploaded successfully: tatebayashi_stones_1269_1749833145183_xjpmur

📤 Uploading [1263/2577]: images/1770/IMG_7548.jpg
   📁 File size: 4963KB, Attempt: 1/3
✅ Uploaded successfully: tatebayashi_stones_1270_1749833150133_dj0ng

📤 Uploading [1264/2577]: images/1774/IMG_7551.jpg
   📁 File size: 4695KB, Attempt: 1/3
✅ Uploaded successfully: tatebayashi_stones_1271_1749833155000_rlnw2b

📤 Uploading [1265/2577]: images/1775/IMG_7559.jpg
   📁 File size: 4571KB, Attempt: 1/3
✅ Uploaded successfully: tatebayashi_stones_1272_1749833160316_2uz1se
💾 Progress saved (1252/2577 completed)

📤 Uploading [1266/2577]: images/1776/IMG_7562.jpg
   📁 File size: 5352KB, Attempt: 1/3
✅ Uploaded successfully: tatebayashi_stones_1273_1749833166234_cgd4uh

📤 Uploading [1267/2577]: images/1040/IMG_7569.jpg
   📁 File size: 4213KB, Attempt: 1/3
✅ Uploaded successfully: tatebayashi_stones_1274_1749833170769_x0v8w7

📤 Uploading [1268/2577]: images/1771/IMG_7570.jpg
   📁 File size: 2948KB, Attempt: 1/3
✅ Uploaded successfully: tatebayashi_stones_1275_1749833176886_jlx7hv

📤 Uploading [1269/2577]: images/1772/IMG_7571.jpg
   📁 File size: 3652KB, Attempt: 1/3
✅ Uploaded successfully: tatebayashi_stones_1276_1749833182673_zo16lp

📤 Uploading [1270/2577]: images/1773/IMG_7573.jpg
   📁 File size: 5974KB, Attempt: 1/3
✅ Uploaded successfully: tatebayashi_stones_1277_1749833187565_ioh23
💾 Progress saved (1257/2577 completed)

📤 Uploading [1271/2577]: images/982/IMG_7581.jpg
   📁 File size: 4228KB, Attempt: 1/3
✅ Uploaded successfully: tatebayashi_stones_1278_1749833192992_h5c1ll

📤 Uploading [1272/2577]: images/982/IMG_7580.jpg
   📁 File size: 4478KB, Attempt: 1/3
✅ Uploaded successfully: tatebayashi_stones_1279_1749833197863_emp9rq

📤 Uploading [1273/2577]: images/900/IMG_7555.jpg
   📁 File size: 4093KB, Attempt: 1/3
✅ Uploaded successfully: tatebayashi_stones_1280_1749833202663_hxgxlh

📤 Uploading [1274/2577]: images/900/IMG_7554.jpg
   📁 File size: 4711KB, Attempt: 1/3
✅ Uploaded successfully: tatebayashi_stones_1281_1749833206879_whxbgg

📤 Uploading [1275/2577]: images/905/IMG_7557.jpg
   📁 File size: 3156KB, Attempt: 1/3
✅ Uploaded successfully: tatebayashi_stones_1282_1749833211454_jxw9g
💾 Progress saved (1262/2577 completed)

📤 Uploading [1276/2577]: images/905/IMG_7556.jpg
   📁 File size: 3768KB, Attempt: 1/3
✅ Uploaded successfully: tatebayashi_stones_1283_1749833215236_uwpt5m

📤 Uploading [1277/2577]: images/976/IMG_7553.jpg
   📁 File size: 4640KB, Attempt: 1/3
✅ Uploaded successfully: tatebayashi_stones_1284_1749833221269_xwgl6

📤 Uploading [1278/2577]: images/899/IMG_3206.jpg
   📁 File size: 4911KB, Attempt: 1/3
✅ Uploaded successfully: tatebayashi_stones_1285_1749833227930_oc8ca

📤 Uploading [1279/2577]: images/984/IMG_3207.jpg
   📁 File size: 6206KB, Attempt: 1/3
✅ Uploaded successfully: tatebayashi_stones_1286_1749833233904_u77q6p

📤 Uploading [1280/2577]: images/1784/IMG_3208.jpg
   📁 File size: 5205KB, Attempt: 1/3
✅ Uploaded successfully: tatebayashi_stones_1287_1749833242014_dtrp4b
💾 Progress saved (1267/2577 completed)

📤 Uploading [1281/2577]: images/1783/IMG_3205.jpg
   📁 File size: 5843KB, Attempt: 1/3
✅ Uploaded successfully: tatebayashi_stones_1288_1749833247133_76zjyl

📤 Uploading [1282/2577]: images/914/IMG_3209.jpg
   📁 File size: 3787KB, Attempt: 1/3
✅ Uploaded successfully: tatebayashi_stones_1289_1749833251374_ynt84s

📤 Uploading [1283/2577]: images/914/IMG_3210.jpg
   📁 File size: 3901KB, Attempt: 1/3
✅ Uploaded successfully: tatebayashi_stones_1290_1749833256877_f57a8k

📤 Uploading [1284/2577]: images/1036/IMG_3211.jpg
   📁 File size: 7085KB, Attempt: 1/3
✅ Uploaded successfully: tatebayashi_stones_1291_1749833262748_zmgtb

📤 Uploading [1285/2577]: images/1036/IMG_3212.jpg
   📁 File size: 4262KB, Attempt: 1/3
✅ Uploaded successfully: tatebayashi_stones_1292_1749833268650_o94zac
💾 Progress saved (1272/2577 completed)

📤 Uploading [1286/2577]: images/977/IMG_3213.jpg
   📁 File size: 6740KB, Attempt: 1/3
✅ Uploaded successfully: tatebayashi_stones_1293_1749833274844_wfydym

📤 Uploading [1287/2577]: images/977/IMG_3214.jpg
   📁 File size: 4739KB, Attempt: 1/3
✅ Uploaded successfully: tatebayashi_stones_1294_1749833280190_7d1uh8

📤 Uploading [1288/2577]: images/977/IMG_3216.jpg
   📁 File size: 6148KB, Attempt: 1/3
✅ Uploaded successfully: tatebayashi_stones_1295_1749833287167_bm2y6

📤 Uploading [1289/2577]: images/902/IMG_3215.jpg
   📁 File size: 7177KB, Attempt: 1/3
✅ Uploaded successfully: tatebayashi_stones_1296_1749833294815_hh6zlg

📤 Uploading [1290/2577]: images/918/IMG_3197.jpg
   📁 File size: 5630KB, Attempt: 1/3
✅ Uploaded successfully: tatebayashi_stones_1297_1749833303123_hctp5
💾 Progress saved (1277/2577 completed)

📤 Uploading [1291/2577]: images/988/IMG_3342.jpg
   📁 File size: 4329KB, Attempt: 1/3
✅ Uploaded successfully: tatebayashi_stones_1298_1749833308368_wh4olj

📤 Uploading [1292/2577]: images/988/IMG_3343.jpg
   📁 File size: 6139KB, Attempt: 1/3
✅ Uploaded successfully: tatebayashi_stones_1299_1749833313234_yyai1j

📤 Uploading [1293/2577]: images/1029/IMG_3303.jpg
   📁 File size: 6536KB, Attempt: 1/3
✅ Uploaded successfully: tatebayashi_stones_1300_1749833318649_mgmnie

📤 Uploading [1294/2577]: images/1029/IMG_3336.jpg
   📁 File size: 6569KB, Attempt: 1/3
✅ Uploaded successfully: tatebayashi_stones_1301_1749833324811_y358qt

📤 Uploading [1295/2577]: images/1029/IMG_3337.jpg
   📁 File size: 5472KB, Attempt: 1/3
✅ Uploaded successfully: tatebayashi_stones_1302_1749833329949_1r4hr
💾 Progress saved (1282/2577 completed)

📤 Uploading [1296/2577]: images/1028/IMG_3230.jpg
   📁 File size: 5913KB, Attempt: 1/3
✅ Uploaded successfully: tatebayashi_stones_1303_1749833335868_262ns

📤 Uploading [1297/2577]: images/1028/IMG_3231.jpg
   📁 File size: 5612KB, Attempt: 1/3
✅ Uploaded successfully: tatebayashi_stones_1304_1749833341755_fvg3nb

📤 Uploading [1298/2577]: images/1028/IMG_3232.jpg
   📁 File size: 4783KB, Attempt: 1/3
✅ Uploaded successfully: tatebayashi_stones_1305_1749833347769_2hzdau

📤 Uploading [1299/2577]: images/1028/IMG_3233.jpg
   📁 File size: 6187KB, Attempt: 1/3
✅ Uploaded successfully: tatebayashi_stones_1306_1749833353593_l22li9

📤 Uploading [1300/2577]: images/912/IMG_3319.jpg
   📁 File size: 4831KB, Attempt: 1/3
✅ Uploaded successfully: tatebayashi_stones_1307_1749833359157_3n7con
💾 Progress saved (1287/2577 completed)

📤 Uploading [1301/2577]: images/912/IMG_3320.jpg
   📁 File size: 6928KB, Attempt: 1/3
✅ Uploaded successfully: tatebayashi_stones_1308_1749833364319_z9kt8f

📤 Uploading [1302/2577]: images/916/IMG_3315.jpg
   📁 File size: 4991KB, Attempt: 1/3
✅ Uploaded successfully: tatebayashi_stones_1309_1749833370341_xvhosj

📤 Uploading [1303/2577]: images/916/IMG_3316.jpg
   📁 File size: 5754KB, Attempt: 1/3
✅ Uploaded successfully: tatebayashi_stones_1310_1749833375043_zrxrq

📤 Uploading [1304/2577]: images/916/IMG_3317.jpg
   📁 File size: 5761KB, Attempt: 1/3
✅ Uploaded successfully: tatebayashi_stones_1311_1749833380015_6vz7r

📤 Uploading [1305/2577]: images/906/IMG_3326.jpg
   📁 File size: 5173KB, Attempt: 1/3
✅ Uploaded successfully: tatebayashi_stones_1312_1749833385490_ipou3m
💾 Progress saved (1292/2577 completed)

📤 Uploading [1306/2577]: images/906/IMG_3327.jpg
   📁 File size: 4598KB, Attempt: 1/3
✅ Uploaded successfully: tatebayashi_stones_1313_1749833390104_iadanc

📤 Uploading [1307/2577]: images/1794/IMG_3325.jpg
   📁 File size: 5233KB, Attempt: 1/3
✅ Uploaded successfully: tatebayashi_stones_1314_1749833394886_w1y7vk

📤 Uploading [1308/2577]: images/1793/IMG_3304.jpg
   📁 File size: 4091KB, Attempt: 1/3
✅ Uploaded successfully: tatebayashi_stones_1315_1749833401356_ypbakg

📤 Uploading [1309/2577]: images/1793/IMG_3305.jpg
   📁 File size: 5819KB, Attempt: 1/3
✅ Uploaded successfully: tatebayashi_stones_1316_1749833410570_mbuiz

📤 Uploading [1310/2577]: images/975/IMG_3311.jpg
   📁 File size: 4553KB, Attempt: 1/3
✅ Uploaded successfully: tatebayashi_stones_1317_1749833415521_6g4io
💾 Progress saved (1297/2577 completed)

📤 Uploading [1311/2577]: images/975/IMG_3312.jpg
   📁 File size: 6300KB, Attempt: 1/3
✅ Uploaded successfully: tatebayashi_stones_1318_1749833420660_isr8oq

📤 Uploading [1312/2577]: images/975/IMG_3313.jpg
   📁 File size: 5994KB, Attempt: 1/3
✅ Uploaded successfully: tatebayashi_stones_1319_1749833426139_sc2vn

📤 Uploading [1313/2577]: images/975/IMG_3314.jpg
   📁 File size: 5165KB, Attempt: 1/3
✅ Uploaded successfully: tatebayashi_stones_1320_1749833431944_tqwm9h

📤 Uploading [1314/2577]: images/1034/IMG_3306.jpg
   📁 File size: 3540KB, Attempt: 1/3
✅ Uploaded successfully: tatebayashi_stones_1321_1749833437016_5nuzc

📤 Uploading [1315/2577]: images/1034/IMG_3307.jpg
   📁 File size: 6600KB, Attempt: 1/3
✅ Uploaded successfully: tatebayashi_stones_1322_1749833442403_4b4ib
💾 Progress saved (1302/2577 completed)

📤 Uploading [1316/2577]: images/1034/IMG_3308.jpg
   📁 File size: 5967KB, Attempt: 1/3
✅ Uploaded successfully: tatebayashi_stones_1323_1749833449060_8i86z

📤 Uploading [1317/2577]: images/1034/IMG_3309.jpg
   📁 File size: 5984KB, Attempt: 1/3
✅ Uploaded successfully: tatebayashi_stones_1324_1749833456163_20e9ha

📤 Uploading [1318/2577]: images/1034/IMG_3310.jpg
   📁 File size: 5869KB, Attempt: 1/3
✅ Uploaded successfully: tatebayashi_stones_1325_1749833461213_z579on

📤 Uploading [1319/2577]: images/1002/IMG_3285.jpg
   📁 File size: 4700KB, Attempt: 1/3
✅ Uploaded successfully: tatebayashi_stones_1326_1749833466330_5i6ytx

📤 Uploading [1320/2577]: images/1002/IMG_3286.jpg
   📁 File size: 5147KB, Attempt: 1/3
✅ Uploaded successfully: tatebayashi_stones_1327_1749833471445_m4vnmf
💾 Progress saved (1307/2577 completed)

📤 Uploading [1321/2577]: images/1902/IMG_9089.jpg
   📁 File size: 5903KB, Attempt: 1/3
✅ Uploaded successfully: tatebayashi_stones_1328_1749833476638_9rla4

📤 Uploading [1322/2577]: images/1002/IMG_9079.jpg
   📁 File size: 5594KB, Attempt: 1/3
✅ Uploaded successfully: tatebayashi_stones_1329_1749833481910_5277qja

📤 Uploading [1323/2577]: images/1002/IMG_9080.jpg
   📁 File size: 5982KB, Attempt: 1/3
✅ Uploaded successfully: tatebayashi_stones_1330_1749833486900_n71q6

📤 Uploading [1324/2577]: images/998/IMG_9081.jpg
   📁 File size: 4974KB, Attempt: 1/3
✅ Uploaded successfully: tatebayashi_stones_1331_1749833492436_qg0lev

📤 Uploading [1325/2577]: images/998/IMG_9082.jpg
   📁 File size: 5469KB, Attempt: 1/3
✅ Uploaded successfully: tatebayashi_stones_1332_1749833497164_atcmnt
💾 Progress saved (1312/2577 completed)

📤 Uploading [1326/2577]: images/998/IMG_9084.jpg
   📁 File size: 5365KB, Attempt: 1/3
✅ Uploaded successfully: tatebayashi_stones_1333_1749833502170_kwtfpq

📤 Uploading [1327/2577]: images/1001/IMG_9085.jpg
   📁 File size: 5050KB, Attempt: 1/3
✅ Uploaded successfully: tatebayashi_stones_1334_1749833507279_dtn2lq

📤 Uploading [1328/2577]: images/994/IMG_9090.jpg
   📁 File size: 6290KB, Attempt: 1/3
✅ Uploaded successfully: tatebayashi_stones_1335_1749833512221_sdx3ps

📤 Uploading [1329/2577]: images/994/IMG_9091.jpg
   📁 File size: 6009KB, Attempt: 1/3
✅ Uploaded successfully: tatebayashi_stones_1336_1749833517548_ssj86o

📤 Uploading [1330/2577]: images/1006/IMG_9093.jpg
   📁 File size: 5870KB, Attempt: 1/3
✅ Uploaded successfully: tatebayashi_stones_1337_1749833522739_o41hm
💾 Progress saved (1317/2577 completed)

📤 Uploading [1331/2577]: images/996/IMG_9095.jpg
   📁 File size: 6093KB, Attempt: 1/3
✅ Uploaded successfully: tatebayashi_stones_1338_1749833528047_j2a90v7

📤 Uploading [1332/2577]: images/996/IMG_9096.jpg
   📁 File size: 4440KB, Attempt: 1/3
✅ Uploaded successfully: tatebayashi_stones_1339_1749833533264_9n1opx

📤 Uploading [1333/2577]: images/1003/IMG_9098.jpg
   📁 File size: 6076KB, Attempt: 1/3
✅ Uploaded successfully: tatebayashi_stones_1340_1749833538237_2v3kja

📤 Uploading [1334/2577]: images/1004/IMG_9100.jpg
   📁 File size: 5115KB, Attempt: 1/3
✅ Uploaded successfully: tatebayashi_stones_1341_1749833544157_w68i9m

📤 Uploading [1335/2577]: images/1005/IMG_9102.jpg
   📁 File size: 6550KB, Attempt: 1/3
✅ Uploaded successfully: tatebayashi_stones_1342_1749833549356_aghcr9
💾 Progress saved (1322/2577 completed)

📤 Uploading [1336/2577]: images/1005/IMG_9103.jpg
   📁 File size: 6360KB, Attempt: 1/3
✅ Uploaded successfully: tatebayashi_stones_1343_1749833555037_kz1t8e

📤 Uploading [1337/2577]: images/1007/IMG_9107.jpg
   📁 File size: 5386KB, Attempt: 1/3
✅ Uploaded successfully: tatebayashi_stones_1344_1749833563350_eviub

📤 Uploading [1338/2577]: images/1008/IMG_9105.jpg
   📁 File size: 5683KB, Attempt: 1/3
✅ Uploaded successfully: tatebayashi_stones_1345_1749833568984_2zqr1

📤 Uploading [1339/2577]: images/1785/IMG_9076.jpg
   📁 File size: 4282KB, Attempt: 1/3
✅ Uploaded successfully: tatebayashi_stones_1346_1749833576636_6wwjf

📤 Uploading [1340/2577]: images/1783/IMG_9075.jpg
   📁 File size: 5239KB, Attempt: 1/3
✅ Uploaded successfully: tatebayashi_stones_1347_1749833580836_co4v7r
💾 Progress saved (1327/2577 completed)

📤 Uploading [1341/2577]: images/914/IMG_9065.jpg
   📁 File size: 3187KB, Attempt: 1/3
✅ Uploaded successfully: tatebayashi_stones_1348_1749833585591_tgaci

📤 Uploading [1342/2577]: images/914/IMG_9066.jpg
   📁 File size: 4401KB, Attempt: 1/3
✅ Uploaded successfully: tatebayashi_stones_1349_1749833590037_zam6h

📤 Uploading [1343/2577]: images/914/IMG_9073.jpg
   📁 File size: 4399KB, Attempt: 1/3
✅ Uploaded successfully: tatebayashi_stones_1350_1749833595951_8ya8re

📤 Uploading [1344/2577]: images/921/IMG_9059.jpg
   📁 File size: 3799KB, Attempt: 1/3
✅ Uploaded successfully: tatebayashi_stones_1351_1749833601273_dzsyp

📤 Uploading [1345/2577]: images/921/IMG_9060.jpg
   📁 File size: 3703KB, Attempt: 1/3
✅ Uploaded successfully: tatebayashi_stones_1352_1749833606152_f5sipn
💾 Progress saved (1332/2577 completed)

📤 Uploading [1346/2577]: images/920/IMG_9061.jpg
   📁 File size: 3300KB, Attempt: 1/3
✅ Uploaded successfully: tatebayashi_stones_1353_1749833611908_7o67ks

📤 Uploading [1347/2577]: images/920/IMG_9062.jpg
   📁 File size: 4124KB, Attempt: 1/3
✅ Uploaded successfully: tatebayashi_stones_1354_1749833618238_583k1

📤 Uploading [1348/2577]: images/915/IMG_9063.jpg
   📁 File size: 3269KB, Attempt: 1/3
✅ Uploaded successfully: tatebayashi_stones_1355_1749833624446_n7830g

📤 Uploading [1349/2577]: images/915/IMG_9064.jpg
   📁 File size: 3800KB, Attempt: 1/3
✅ Uploaded successfully: tatebayashi_stones_1356_1749833628971_uwa53

📤 Uploading [1350/2577]: images/922/IMG_9067.jpg
   📁 File size: 3200KB, Attempt: 1/3
✅ Uploaded successfully: tatebayashi_stones_1357_1749833634012_bmeuw
💾 Progress saved (1337/2577 completed)

📤 Uploading [1351/2577]: images/922/IMG_9068.jpg
   📁 File size: 3897KB, Attempt: 1/3
✅ Uploaded successfully: tatebayashi_stones_1358_1749833639724_72u5w

📤 Uploading [1352/2577]: images/913/IMG_9069.jpg
   📁 File size: 3090KB, Attempt: 1/3
✅ Uploaded successfully: tatebayashi_stones_1359_1749833644150_d83dhm

📤 Uploading [1353/2577]: images/913/IMG_9070.jpg
   📁 File size: 3561KB, Attempt: 1/3
✅ Uploaded successfully: tatebayashi_stones_1360_1749833650071_np25f7

📤 Uploading [1354/2577]: images/923/IMG_9071.jpg
   📁 File size: 3310KB, Attempt: 1/3
✅ Uploaded successfully: tatebayashi_stones_1361_1749833657076_qrqd19

📤 Uploading [1355/2577]: images/923/IMG_9072.jpg
   📁 File size: 3954KB, Attempt: 1/3
✅ Uploaded successfully: tatebayashi_stones_1362_1749833663383_vyg2lp
💾 Progress saved (1342/2577 completed)

📤 Uploading [1356/2577]: images/915/IMG_9074.jpg
   📁 File size: 3754KB, Attempt: 1/3
✅ Uploaded successfully: tatebayashi_stones_1363_1749833670741_zq311d

📤 Uploading [1357/2577]: images/918/IMG_9057.jpg
   📁 File size: 4332KB, Attempt: 1/3
✅ Uploaded successfully: tatebayashi_stones_1364_1749833677159_s04glq

📤 Uploading [1358/2577]: images/1021/IMG_9026.jpg
   📁 File size: 4604KB, Attempt: 1/3
✅ Uploaded successfully: tatebayashi_stones_1365_1749833684063_o06a22

📤 Uploading [1359/2577]: images/1021/IMG_9027.jpg
   📁 File size: 4937KB, Attempt: 1/3
✅ Uploaded successfully: tatebayashi_stones_1366_1749833692893_dth75w

📤 Uploading [1360/2577]: images/1022/IMG_9028.jpg
   📁 File size: 5336KB, Attempt: 1/3
✅ Uploaded successfully: tatebayashi_stones_1367_1749833699805_0lv6c
💾 Progress saved (1347/2577 completed)

📤 Uploading [1361/2577]: images/1022/IMG_9029.jpg
   📁 File size: 3688KB, Attempt: 1/3
✅ Uploaded successfully: tatebayashi_stones_1368_1749833710517_l4cnk

📤 Uploading [1362/2577]: images/1780/IMG_9024.jpg
   📁 File size: 4873KB, Attempt: 1/3
✅ Uploaded successfully: tatebayashi_stones_1369_1749833717644_16l3n

📤 Uploading [1363/2577]: images/1780/IMG_9025.jpg
   📁 File size: 3294KB, Attempt: 1/3
✅ Uploaded successfully: tatebayashi_stones_1370_1749833724523_zbiimw

📤 Uploading [1364/2577]: images/990/IMG_9021.jpg
   📁 File size: 4639KB, Attempt: 1/3
✅ Uploaded successfully: tatebayashi_stones_1371_1749833732185_uc2bi

📤 Uploading [1365/2577]: images/990/IMG_9022.jpg
   📁 File size: 3602KB, Attempt: 1/3
✅ Uploaded successfully: tatebayashi_stones_1372_1749833741761_lwfxj9
💾 Progress saved (1352/2577 completed)

📤 Uploading [1366/2577]: images/990/IMG_9023.jpg
   📁 File size: 3320KB, Attempt: 1/3
✅ Uploaded successfully: tatebayashi_stones_1373_1749833748982_xhxnr

📤 Uploading [1367/2577]: images/782/IMG_9012.jpg
   📁 File size: 5262KB, Attempt: 1/3
✅ Uploaded successfully: tatebayashi_stones_1374_1749833755437_wvekza

📤 Uploading [1368/2577]: images/1903/IMG_8969.jpg
   📁 File size: 6406KB, Attempt: 1/3
✅ Uploaded successfully: tatebayashi_stones_1375_1749833763950_lr6tki

📤 Uploading [1369/2577]: images/933/IMG_9047.jpg
   📁 File size: 4314KB, Attempt: 1/3
✅ Uploaded successfully: tatebayashi_stones_1376_1749833773896_1a5tja

📤 Uploading [1370/2577]: images/936/IMG_9036.jpg
   📁 File size: 4416KB, Attempt: 1/3
✅ Uploaded successfully: tatebayashi_stones_1377_1749833783398_j2u1rj
💾 Progress saved (1357/2577 completed)

📤 Uploading [1371/2577]: images/936/IMG_9037.jpg
   📁 File size: 4708KB, Attempt: 1/3
✅ Uploaded successfully: tatebayashi_stones_1378_1749833790642_e29eq

📤 Uploading [1372/2577]: images/936/IMG_9038.jpg
   📁 File size: 4170KB, Attempt: 1/3
✅ Uploaded successfully: tatebayashi_stones_1379_1749833801013_lk0sis

📤 Uploading [1373/2577]: images/967/IMG_9056.jpg
   📁 File size: 5446KB, Attempt: 1/3
✅ Uploaded successfully: tatebayashi_stones_1380_1749833808560_07hgr

📤 Uploading [1374/2577]: images/971/IMG_9041.jpg
   📁 File size: 4349KB, Attempt: 1/3
✅ Uploaded successfully: tatebayashi_stones_1381_1749833815478_xujb8

📤 Uploading [1375/2577]: images/971/IMG_9042.jpg
   📁 File size: 4057KB, Attempt: 1/3
✅ Uploaded successfully: tatebayashi_stones_1382_1749833823659_7auw4
💾 Progress saved (1362/2577 completed)

📤 Uploading [1376/2577]: images/948/IMG_9053.jpg
   📁 File size: 6200KB, Attempt: 1/3
✅ Uploaded successfully: tatebayashi_stones_1383_1749833832892_z37phs

📤 Uploading [1377/2577]: images/956/IMG_9044.jpg
   📁 File size: 5462KB, Attempt: 1/3
✅ Uploaded successfully: tatebayashi_stones_1384_1749833841797_ohqc68

📤 Uploading [1378/2577]: images/957/IMG_9045.jpg
   📁 File size: 5595KB, Attempt: 1/3
✅ Uploaded successfully: tatebayashi_stones_1385_1749833850179_vuifs

📤 Uploading [1379/2577]: images/942/IMG_9046.jpg
   📁 File size: 5188KB, Attempt: 1/3
✅ Uploaded successfully: tatebayashi_stones_1386_1749833857540_63vx0b

📤 Uploading [1380/2577]: images/946/IMG_9054.jpg
   📁 File size: 5839KB, Attempt: 1/3
✅ Uploaded successfully: tatebayashi_stones_1387_1749833865541_qxmmrj
💾 Progress saved (1367/2577 completed)

📤 Uploading [1381/2577]: images/949/IMG_9055.jpg
   📁 File size: 5617KB, Attempt: 1/3
✅ Uploaded successfully: tatebayashi_stones_1388_1749833873698_vrnrv

📤 Uploading [1382/2577]: images/1904/IMG_9048.jpg
   📁 File size: 4025KB, Attempt: 1/3
✅ Uploaded successfully: tatebayashi_stones_1389_1749833884771_js3l9g

📤 Uploading [1383/2577]: images/1904/IMG_9049.jpg
   📁 File size: 5221KB, Attempt: 1/3
✅ Uploaded successfully: tatebayashi_stones_1390_1749833889937_tfjmem

📤 Uploading [1384/2577]: images/1791/IMG_9031.jpg
   📁 File size: 4077KB, Attempt: 1/3
✅ Uploaded successfully: tatebayashi_stones_1391_1749833896074_ds6kqp

📤 Uploading [1385/2577]: images/1791/IMG_9033.jpg
   📁 File size: 4554KB, Attempt: 1/3
✅ Uploaded successfully: tatebayashi_stones_1392_1749833901749_8ig4sl
💾 Progress saved (1372/2577 completed)

📤 Uploading [1386/2577]: images/1905/IMG_9032.jpg
   📁 File size: 3867KB, Attempt: 1/3
✅ Uploaded successfully: tatebayashi_stones_1393_1749833907014_xnla8g

📤 Uploading [1387/2577]: images/1905/IMG_9034.jpg
   📁 File size: 4417KB, Attempt: 1/3
✅ Uploaded successfully: tatebayashi_stones_1394_1749833912143_kgkko

📤 Uploading [1388/2577]: images/1906/IMG_9035.jpg
   📁 File size: 4989KB, Attempt: 1/3
✅ Uploaded successfully: tatebayashi_stones_1395_1749833917368_2nlk7r

📤 Uploading [1389/2577]: images/1907/IMG_9050.jpg
   📁 File size: 4089KB, Attempt: 1/3
✅ Uploaded successfully: tatebayashi_stones_1396_1749833923586_cgczy9

📤 Uploading [1390/2577]: images/1907/IMG_9051.jpg
   📁 File size: 5434KB, Attempt: 1/3
✅ Uploaded successfully: tatebayashi_stones_1397_1749833930608_jbswy5
💾 Progress saved (1377/2577 completed)

📤 Uploading [1391/2577]: images/1068/IMG_7422.jpg
   📁 File size: 3828KB, Attempt: 1/3
✅ Uploaded successfully: tatebayashi_stones_1398_1749833936171_uykvf8

📤 Uploading [1392/2577]: images/1068/IMG_7423.jpg
   📁 File size: 4015KB, Attempt: 1/3
✅ Uploaded successfully: tatebayashi_stones_1399_1749833941477_axl1y

📤 Uploading [1393/2577]: images/1068/IMG_7424.jpg
   📁 File size: 3824KB, Attempt: 1/3
✅ Uploaded successfully: tatebayashi_stones_1400_1749833946208_9xsuaj

📤 Uploading [1394/2577]: images/1068/IMG_7425.jpg
   📁 File size: 5705KB, Attempt: 1/3
✅ Uploaded successfully: tatebayashi_stones_1401_1749833953524_kbeiu

📤 Uploading [1395/2577]: images/1068/IMG_7426.jpg
   📁 File size: 5219KB, Attempt: 1/3
✅ Uploaded successfully: tatebayashi_stones_1402_1749833961864_s1ol6m
💾 Progress saved (1382/2577 completed)

📤 Uploading [1396/2577]: images/1126/IMG_7433.jpg
   📁 File size: 4027KB, Attempt: 1/3
✅ Uploaded successfully: tatebayashi_stones_1403_1749833968237_8tx9as

📤 Uploading [1397/2577]: images/1148/IMG_7434.jpg
   📁 File size: 4397KB, Attempt: 1/3
✅ Uploaded successfully: tatebayashi_stones_1404_1749833973165_jpsp7f

📤 Uploading [1398/2577]: images/1148/IMG_7435.jpg
   📁 File size: 4190KB, Attempt: 1/3
✅ Uploaded successfully: tatebayashi_stones_1405_1749833978236_0de3s

📤 Uploading [1399/2577]: images/1148/IMG_7436.jpg
   📁 File size: 4490KB, Attempt: 1/3
✅ Uploaded successfully: tatebayashi_stones_1406_1749833984262_sypfoe

📤 Uploading [1400/2577]: images/1086/IMG_7437.jpg
   📁 File size: 5576KB, Attempt: 1/3
✅ Uploaded successfully: tatebayashi_stones_1407_1749833991680_2dion
💾 Progress saved (1387/2577 completed)

📤 Uploading [1401/2577]: images/1086/IMG_7439.jpg
   📁 File size: 5512KB, Attempt: 1/3
✅ Uploaded successfully: tatebayashi_stones_1408_1749833998801_jozjy

📤 Uploading [1402/2577]: images/1086/IMG_7440.jpg
   📁 File size: 6508KB, Attempt: 1/3
✅ Uploaded successfully: tatebayashi_stones_1409_1749834004487_d4pnw

📤 Uploading [1403/2577]: images/1908/IMG_7441.jpg
   📁 File size: 5109KB, Attempt: 1/3
✅ Uploaded successfully: tatebayashi_stones_1410_1749834010788_bswlx

📤 Uploading [1404/2577]: images/1909/IMG_7442.jpg
   📁 File size: 4267KB, Attempt: 1/3
✅ Uploaded successfully: tatebayashi_stones_1411_1749834017642_50ac9k

📤 Uploading [1405/2577]: images/1909/IMG_7443.jpg
   📁 File size: 4793KB, Attempt: 1/3
✅ Uploaded successfully: tatebayashi_stones_1412_1749834022733_wvpblb
💾 Progress saved (1392/2577 completed)

📤 Uploading [1406/2577]: images/1909/IMG_7444.jpg
   📁 File size: 5164KB, Attempt: 1/3
✅ Uploaded successfully: tatebayashi_stones_1413_1749834029462_wij057

📤 Uploading [1407/2577]: images/1910/IMG_7445.jpg
   📁 File size: 5378KB, Attempt: 1/3
✅ Uploaded successfully: tatebayashi_stones_1414_1749834034771_fai6k

📤 Uploading [1408/2577]: images/1911/IMG_7446.jpg
   📁 File size: 5638KB, Attempt: 1/3
✅ Uploaded successfully: tatebayashi_stones_1415_1749834042007_opg9l

📤 Uploading [1409/2577]: images/1911/IMG_7447.jpg
   📁 File size: 6909KB, Attempt: 1/3
✅ Uploaded successfully: tatebayashi_stones_1416_1749834049055_zf91bi

📤 Uploading [1410/2577]: images/1911/IMG_7448.jpg
   📁 File size: 6293KB, Attempt: 1/3
✅ Uploaded successfully: tatebayashi_stones_1417_1749834056022_2hm2wc
💾 Progress saved (1397/2577 completed)

📤 Uploading [1411/2577]: images/1113/IMG_7449.jpg
   📁 File size: 5896KB, Attempt: 1/3
✅ Uploaded successfully: tatebayashi_stones_1418_1749834063178_9yt93

📤 Uploading [1412/2577]: images/1113/IMG_7450.jpg
   📁 File size: 6061KB, Attempt: 1/3
✅ Uploaded successfully: tatebayashi_stones_1419_1749834069530_ps86x9

📤 Uploading [1413/2577]: images/1912/IMG_7456.jpg
   📁 File size: 4145KB, Attempt: 1/3
✅ Uploaded successfully: tatebayashi_stones_1420_1749834078284_0foqjb

📤 Uploading [1414/2577]: images/1913/IMG_7457.jpg
   📁 File size: 5302KB, Attempt: 1/3
✅ Uploaded successfully: tatebayashi_stones_1421_1749834084314_vzl0u

📤 Uploading [1415/2577]: images/1914/IMG_7460.jpg
   📁 File size: 4806KB, Attempt: 1/3
✅ Uploaded successfully: tatebayashi_stones_1422_1749834089268_vxvlzp
💾 Progress saved (1402/2577 completed)

📤 Uploading [1416/2577]: images/1914/IMG_7463.jpg
   📁 File size: 6191KB, Attempt: 1/3
✅ Uploaded successfully: tatebayashi_stones_1423_1749834094201_q1fd05

📤 Uploading [1417/2577]: images/1914/IMG_7464.jpg
   📁 File size: 6145KB, Attempt: 1/3
✅ Uploaded successfully: tatebayashi_stones_1424_1749834100173_72xn0p

📤 Uploading [1418/2577]: images/1914/IMG_7465.jpg
   📁 File size: 6438KB, Attempt: 1/3
✅ Uploaded successfully: tatebayashi_stones_1425_1749834105324_n3f6r

📤 Uploading [1419/2577]: images/1915/IMG_7459.jpg
   📁 File size: 4856KB, Attempt: 1/3
✅ Uploaded successfully: tatebayashi_stones_1426_1749834111139_g2jqgc

📤 Uploading [1420/2577]: images/1916/IMG_7458.jpg
   📁 File size: 4941KB, Attempt: 1/3
✅ Uploaded successfully: tatebayashi_stones_1427_1749834116381_b6ui8
💾 Progress saved (1407/2577 completed)

📤 Uploading [1421/2577]: images/1916/IMG_7461.jpg
   📁 File size: 5495KB, Attempt: 1/3
✅ Uploaded successfully: tatebayashi_stones_1428_1749834122816_ixthh

📤 Uploading [1422/2577]: images/1916/IMG_7462.jpg
   📁 File size: 5099KB, Attempt: 1/3
✅ Uploaded successfully: tatebayashi_stones_1429_1749834129663_yvtvuw

📤 Uploading [1423/2577]: images/1917/IMG_7431.jpg
   📁 File size: 5212KB, Attempt: 1/3
✅ Uploaded successfully: tatebayashi_stones_1430_1749834134759_zruks

📤 Uploading [1424/2577]: images/1918/IMG_7418.jpg
   📁 File size: 5460KB, Attempt: 1/3
✅ Uploaded successfully: tatebayashi_stones_1431_1749834140081_fasczq

📤 Uploading [1425/2577]: images/1918/IMG_7421.jpg
   📁 File size: 4673KB, Attempt: 1/3
✅ Uploaded successfully: tatebayashi_stones_1432_1749834145100_d0f1wk
💾 Progress saved (1412/2577 completed)

📤 Uploading [1426/2577]: images/1918/IMG_7429.jpg
   📁 File size: 4981KB, Attempt: 1/3
✅ Uploaded successfully: tatebayashi_stones_1433_1749834149837_yz8b9o

📤 Uploading [1427/2577]: images/1918/IMG_7430.jpg
   📁 File size: 4826KB, Attempt: 1/3
✅ Uploaded successfully: tatebayashi_stones_1434_1749834154326_j2cv1g

📤 Uploading [1428/2577]: images/1919/IMG_7419.jpg
   📁 File size: 5511KB, Attempt: 1/3
✅ Uploaded successfully: tatebayashi_stones_1435_1749834160122_0wrh2s

📤 Uploading [1429/2577]: images/1919/IMG_7420.jpg
   📁 File size: 4460KB, Attempt: 1/3
✅ Uploaded successfully: tatebayashi_stones_1436_1749834165218_991i

📤 Uploading [1430/2577]: images/1921/IMG_2949.jpg
   📁 File size: 5995KB, Attempt: 1/3
✅ Uploaded successfully: tatebayashi_stones_1437_1749834170142_tdx2o
💾 Progress saved (1417/2577 completed)

📤 Uploading [1431/2577]: images/1921/IMG_2950.jpg
   📁 File size: 4864KB, Attempt: 1/3
✅ Uploaded successfully: tatebayashi_stones_1438_1749834175887_rkgmrw

📤 Uploading [1432/2577]: images/1921/IMG_2951.jpg
   📁 File size: 5147KB, Attempt: 1/3
✅ Uploaded successfully: tatebayashi_stones_1439_1749834182203_vpzzdw

📤 Uploading [1433/2577]: images/1922/IMG_2945.jpg
   📁 File size: 5116KB, Attempt: 1/3
✅ Uploaded successfully: tatebayashi_stones_1440_1749834188929_u50vta

📤 Uploading [1434/2577]: images/1922/IMG_2946.jpg
   📁 File size: 4512KB, Attempt: 1/3
✅ Uploaded successfully: tatebayashi_stones_1441_1749834195820_ep6uxs

📤 Uploading [1435/2577]: images/1923/IMG_2942.jpg
   📁 File size: 5449KB, Attempt: 1/3
✅ Uploaded successfully: tatebayashi_stones_1442_1749834200930_73rcbq
💾 Progress saved (1422/2577 completed)

📤 Uploading [1436/2577]: images/1923/IMG_2943.jpg
   📁 File size: 5035KB, Attempt: 1/3
✅ Uploaded successfully: tatebayashi_stones_1443_1749834206197_b39wwa

📤 Uploading [1437/2577]: images/1923/IMG_2944.jpg
   📁 File size: 5324KB, Attempt: 1/3
✅ Uploaded successfully: tatebayashi_stones_1444_1749834212394_ctklqm

📤 Uploading [1438/2577]: images/1924/IMG_2941.jpg
   📁 File size: 5422KB, Attempt: 1/3
✅ Uploaded successfully: tatebayashi_stones_1445_1749834219487_vny0a

📤 Uploading [1439/2577]: images/381/IMG_2902.jpg
   📁 File size: 3834KB, Attempt: 1/3
✅ Uploaded successfully: tatebayashi_stones_1446_1749834225081_dt00lm

📤 Uploading [1440/2577]: images/1224/IMG_7474.jpg
   📁 File size: 5890KB, Attempt: 1/3
✅ Uploaded successfully: tatebayashi_stones_1447_1749834233193_mpuvf6
💾 Progress saved (1427/2577 completed)

📤 Uploading [1441/2577]: images/1224/IMG_7475.jpg
   📁 File size: 5372KB, Attempt: 1/3
✅ Uploaded successfully: tatebayashi_stones_1448_1749834240437_83ugr

📤 Uploading [1442/2577]: images/1224/IMG_7476.jpg
   📁 File size: 4800KB, Attempt: 1/3
✅ Uploaded successfully: tatebayashi_stones_1449_1749834247416_m2v2dd

📤 Uploading [1443/2577]: images/1223/IMG_7478.jpg
   📁 File size: 5271KB, Attempt: 1/3
✅ Uploaded successfully: tatebayashi_stones_1450_1749834253236_qvza8p

📤 Uploading [1444/2577]: images/1223/IMG_7479.jpg
   📁 File size: 5708KB, Attempt: 1/3
✅ Uploaded successfully: tatebayashi_stones_1451_1749834262028_ojf22

📤 Uploading [1445/2577]: images/1223/IMG_7480.jpg
   📁 File size: 5728KB, Attempt: 1/3
✅ Uploaded successfully: tatebayashi_stones_1452_1749834267543_b81ks
💾 Progress saved (1432/2577 completed)

📤 Uploading [1446/2577]: images/1313/IMG_7482.jpg
   📁 File size: 3709KB, Attempt: 1/3
✅ Uploaded successfully: tatebayashi_stones_1453_1749834274274_aezvnv

📤 Uploading [1447/2577]: images/1313/IMG_7483.jpg
   📁 File size: 3722KB, Attempt: 1/3
✅ Uploaded successfully: tatebayashi_stones_1454_1749834280585_r24dpb

📤 Uploading [1448/2577]: images/1313/IMG_7484.jpg
   📁 File size: 4342KB, Attempt: 1/3
✅ Uploaded successfully: tatebayashi_stones_1455_1749834287290_xuvv42

📤 Uploading [1449/2577]: images/1313/IMG_7485.jpg
   📁 File size: 3576KB, Attempt: 1/3
✅ Uploaded successfully: tatebayashi_stones_1456_1749834292516_4l2eud

📤 Uploading [1450/2577]: images/1389/IMG_7487.jpg
   📁 File size: 5923KB, Attempt: 1/3
✅ Uploaded successfully: tatebayashi_stones_1457_1749834297831_diar
💾 Progress saved (1437/2577 completed)

📤 Uploading [1451/2577]: images/1389/IMG_7488.jpg
   📁 File size: 4990KB, Attempt: 1/3
✅ Uploaded successfully: tatebayashi_stones_1458_1749834308011_bxvrf

📤 Uploading [1452/2577]: images/1389/IMG_7489.jpg
   📁 File size: 5124KB, Attempt: 1/3
✅ Uploaded successfully: tatebayashi_stones_1459_1749834313553_mr97kt

📤 Uploading [1453/2577]: images/1388/IMG_7491.jpg
   📁 File size: 5503KB, Attempt: 1/3
✅ Uploaded successfully: tatebayashi_stones_1460_1749834319464_y9oo1q

📤 Uploading [1454/2577]: images/1388/IMG_7492.jpg
   📁 File size: 4449KB, Attempt: 1/3
✅ Uploaded successfully: tatebayashi_stones_1461_1749834325237_kh2o7

📤 Uploading [1455/2577]: images/1388/IMG_7493.jpg
   📁 File size: 4556KB, Attempt: 1/3
✅ Uploaded successfully: tatebayashi_stones_1462_1749834330389_2l3tm
💾 Progress saved (1442/2577 completed)

📤 Uploading [1456/2577]: images/1386/IMG_7495.jpg
   📁 File size: 4959KB, Attempt: 1/3
✅ Uploaded successfully: tatebayashi_stones_1463_1749834343853_6g2xfh

📤 Uploading [1457/2577]: images/1386/IMG_7496.jpg
   📁 File size: 5361KB, Attempt: 1/3
✅ Uploaded successfully: tatebayashi_stones_1464_1749834349188_0b9pl

📤 Uploading [1458/2577]: images/1386/IMG_7497.jpg
   📁 File size: 4157KB, Attempt: 1/3
✅ Uploaded successfully: tatebayashi_stones_1465_1749834354545_ch8w

📤 Uploading [1459/2577]: images/1925/IMG_7499.jpg
   📁 File size: 5120KB, Attempt: 1/3
✅ Uploaded successfully: tatebayashi_stones_1466_1749834359707_kd962c

📤 Uploading [1460/2577]: images/1925/IMG_7500.jpg
   📁 File size: 4580KB, Attempt: 1/3
✅ Uploaded successfully: tatebayashi_stones_1467_1749834364509_kjf5dw
💾 Progress saved (1447/2577 completed)

📤 Uploading [1461/2577]: images/1925/IMG_7501.jpg
   📁 File size: 4248KB, Attempt: 1/3
✅ Uploaded successfully: tatebayashi_stones_1468_1749834372133_1ad89

📤 Uploading [1462/2577]: images/1183/IMG_7502.jpg
   📁 File size: 3364KB, Attempt: 1/3
✅ Uploaded successfully: tatebayashi_stones_1469_1749834379316_82numd

📤 Uploading [1463/2577]: images/1183/IMG_7503.jpg
   📁 File size: 5084KB, Attempt: 1/3
✅ Uploaded successfully: tatebayashi_stones_1470_1749834384557_0m1glh

📤 Uploading [1464/2577]: images/1275/IMG_7506.jpg
   📁 File size: 4643KB, Attempt: 1/3
✅ Uploaded successfully: tatebayashi_stones_1471_1749834391481_jeo3vm

📤 Uploading [1465/2577]: images/1275/IMG_7507.jpg
   📁 File size: 4317KB, Attempt: 1/3
✅ Uploaded successfully: tatebayashi_stones_1472_1749834398017_60hi79
💾 Progress saved (1452/2577 completed)

📤 Uploading [1466/2577]: images/1275/IMG_7508.jpg
   📁 File size: 4083KB, Attempt: 1/3
✅ Uploaded successfully: tatebayashi_stones_1473_1749834405159_3v0c06

📤 Uploading [1467/2577]: images/1926/IMG_7510.jpg
   📁 File size: 4141KB, Attempt: 1/3
✅ Uploaded successfully: tatebayashi_stones_1474_1749834411256_ov47zo

📤 Uploading [1468/2577]: images/1401/IMG_7511.jpg
   📁 File size: 5329KB, Attempt: 1/3
✅ Uploaded successfully: tatebayashi_stones_1475_1749834417142_2mmsp

📤 Uploading [1469/2577]: images/1927/IMG_2771.jpg
   📁 File size: 3579KB, Attempt: 1/3
✅ Uploaded successfully: tatebayashi_stones_1476_1749834423620_2f2pcf

📤 Uploading [1470/2577]: images/1928/IMG_2856.jpg
   📁 File size: 6535KB, Attempt: 1/3
✅ Uploaded successfully: tatebayashi_stones_1477_1749834429717_0liu8o
💾 Progress saved (1457/2577 completed)

📤 Uploading [1471/2577]: images/1928/IMG_2857.jpg
   📁 File size: 6383KB, Attempt: 1/3
✅ Uploaded successfully: tatebayashi_stones_1478_1749834437704_j63bny

📤 Uploading [1472/2577]: images/1929/IMG_2850.jpg
   📁 File size: 4501KB, Attempt: 1/3
✅ Uploaded successfully: tatebayashi_stones_1479_1749834442952_9drq7

📤 Uploading [1473/2577]: images/1929/IMG_2851.jpg
   📁 File size: 4797KB, Attempt: 1/3
✅ Uploaded successfully: tatebayashi_stones_1480_1749834447690_ggu5nb

📤 Uploading [1474/2577]: images/1930/IMG_2852.jpg
   📁 File size: 4307KB, Attempt: 1/3
✅ Uploaded successfully: tatebayashi_stones_1481_1749834453245_dhoupt

📤 Uploading [1475/2577]: images/1930/IMG_2853.jpg
   📁 File size: 3642KB, Attempt: 1/3
✅ Uploaded successfully: tatebayashi_stones_1482_1749834457960_0utsup
💾 Progress saved (1462/2577 completed)

📤 Uploading [1476/2577]: images/1931/IMG_2854.jpg
   📁 File size: 4504KB, Attempt: 1/3
✅ Uploaded successfully: tatebayashi_stones_1483_1749834463001_ycdm8x

📤 Uploading [1477/2577]: images/1411/IMG_2826.jpg
   📁 File size: 4826KB, Attempt: 1/3
✅ Uploaded successfully: tatebayashi_stones_1484_1749834467028_q1erhl

📤 Uploading [1478/2577]: images/1932/IMG_2831.jpg
   📁 File size: 4957KB, Attempt: 1/3
✅ Uploaded successfully: tatebayashi_stones_1485_1749834471600_8qjnua

📤 Uploading [1479/2577]: images/1596/IMG_2832.jpg
   📁 File size: 5164KB, Attempt: 1/3
✅ Uploaded successfully: tatebayashi_stones_1486_1749834477031_48po2q

📤 Uploading [1480/2577]: images/1597/IMG_2833.jpg
   📁 File size: 5115KB, Attempt: 1/3
✅ Uploaded successfully: tatebayashi_stones_1487_1749834481885_6i8sbm
💾 Progress saved (1467/2577 completed)

📤 Uploading [1481/2577]: images/1933/IMG_2835.jpg
   📁 File size: 5183KB, Attempt: 1/3
✅ Uploaded successfully: tatebayashi_stones_1488_1749834486360_akmpfi

📤 Uploading [1482/2577]: images/1934/IMG_2837.jpg
   📁 File size: 5695KB, Attempt: 1/3
✅ Uploaded successfully: tatebayashi_stones_1489_1749834491921_8bnro

📤 Uploading [1483/2577]: images/1935/IMG_2834.jpg
   📁 File size: 6034KB, Attempt: 1/3
✅ Uploaded successfully: tatebayashi_stones_1490_1749834497091_ntcdee

📤 Uploading [1484/2577]: images/1936/IMG_2777.jpg
   📁 File size: 4882KB, Attempt: 1/3
✅ Uploaded successfully: tatebayashi_stones_1491_1749834501813_fj9r2

📤 Uploading [1485/2577]: images/1936/IMG_2779.jpg
   📁 File size: 4628KB, Attempt: 1/3
✅ Uploaded successfully: tatebayashi_stones_1492_1749834506685_8nkpl2
💾 Progress saved (1472/2577 completed)

📤 Uploading [1486/2577]: images/1936/IMG_2780.jpg
   📁 File size: 4448KB, Attempt: 1/3
✅ Uploaded successfully: tatebayashi_stones_1493_1749834514063_h3ymhm

📤 Uploading [1487/2577]: images/1598/IMG_2869.jpg
   📁 File size: 6230KB, Attempt: 1/3
✅ Uploaded successfully: tatebayashi_stones_1494_1749834519573_ph12qd

📤 Uploading [1488/2577]: images/1937/IMG_2872.jpg
   📁 File size: 5496KB, Attempt: 1/3
✅ Uploaded successfully: tatebayashi_stones_1495_1749834526663_2all7

📤 Uploading [1489/2577]: images/1938/IMG_2877.jpg
   📁 File size: 4303KB, Attempt: 1/3
✅ Uploaded successfully: tatebayashi_stones_1496_1749834532514_xtsopf

📤 Uploading [1490/2577]: images/1938/IMG_2878.jpg
   📁 File size: 2974KB, Attempt: 1/3
✅ Uploaded successfully: tatebayashi_stones_1497_1749834537425_kizu28
💾 Progress saved (1477/2577 completed)

📤 Uploading [1491/2577]: images/1938/IMG_2879.jpg
   📁 File size: 4665KB, Attempt: 1/3
✅ Uploaded successfully: tatebayashi_stones_1498_1749834542574_5lqu6

📤 Uploading [1492/2577]: images/1939/IMG_2881.jpg
   📁 File size: 4959KB, Attempt: 1/3
✅ Uploaded successfully: tatebayashi_stones_1499_1749834547782_r3v0c

📤 Uploading [1493/2577]: images/1939/IMG_2882.jpg
   📁 File size: 3644KB, Attempt: 1/3
✅ Uploaded successfully: tatebayashi_stones_1500_1749834553421_z2hrf

📤 Uploading [1494/2577]: images/1939/IMG_2883.jpg
   📁 File size: 3774KB, Attempt: 1/3
✅ Uploaded successfully: tatebayashi_stones_1501_1749834557903_nnubb

📤 Uploading [1495/2577]: images/1939/IMG_2884.jpg
   📁 File size: 4048KB, Attempt: 1/3
✅ Uploaded successfully: tatebayashi_stones_1502_1749834562901_dr92nl
💾 Progress saved (1482/2577 completed)

📤 Uploading [1496/2577]: images/1074/IMG_2732.jpg
   📁 File size: 5806KB, Attempt: 1/3
✅ Uploaded successfully: tatebayashi_stones_1503_1749834567401_tvtx2f

📤 Uploading [1497/2577]: images/1121/IMG_2741.jpg
   📁 File size: 6259KB, Attempt: 1/3
✅ Uploaded successfully: tatebayashi_stones_1504_1749834573683_mjpgt

📤 Uploading [1498/2577]: images/1940/IMG_2740.jpg
   📁 File size: 5428KB, Attempt: 1/3
✅ Uploaded successfully: tatebayashi_stones_1505_1749834579630_zt5tst

📤 Uploading [1499/2577]: images/1940/IMG_2742.jpg
   📁 File size: 6257KB, Attempt: 1/3
✅ Uploaded successfully: tatebayashi_stones_1506_1749834585295_gq8wz4

📤 Uploading [1500/2577]: images/1941/IMG_2738.jpg
   📁 File size: 5096KB, Attempt: 1/3
✅ Uploaded successfully: tatebayashi_stones_1507_1749834590815_lypp0b
💾 Progress saved (1487/2577 completed)

📤 Uploading [1501/2577]: images/1941/IMG_2739.jpg
   📁 File size: 5211KB, Attempt: 1/3
✅ Uploaded successfully: tatebayashi_stones_1508_1749834596337_iowju5

📤 Uploading [1502/2577]: images/1942/IMG_2735.jpg
   📁 File size: 5316KB, Attempt: 1/3
✅ Uploaded successfully: tatebayashi_stones_1509_1749834602096_2vu1gg

📤 Uploading [1503/2577]: images/1942/IMG_2736.jpg
   📁 File size: 5435KB, Attempt: 1/3
✅ Uploaded successfully: tatebayashi_stones_1510_1749834608991_e2eh8b

📤 Uploading [1504/2577]: images/1943/IMG_2746.jpg
   📁 File size: 4046KB, Attempt: 1/3
✅ Uploaded successfully: tatebayashi_stones_1511_1749834614488_q4v8dc

📤 Uploading [1505/2577]: images/1943/IMG_2747.jpg
   📁 File size: 5948KB, Attempt: 1/3
✅ Uploaded successfully: tatebayashi_stones_1512_1749834619010_0koa19
💾 Progress saved (1492/2577 completed)

📤 Uploading [1506/2577]: images/1943/IMG_2748.jpg
   📁 File size: 6639KB, Attempt: 1/3
✅ Uploaded successfully: tatebayashi_stones_1513_1749834625078_nhcx77

📤 Uploading [1507/2577]: images/1943/IMG_2749.jpg
   📁 File size: 5285KB, Attempt: 1/3
✅ Uploaded successfully: tatebayashi_stones_1514_1749834630691_ggxnvh

📤 Uploading [1508/2577]: images/1943/IMG_2750.jpg
   📁 File size: 5279KB, Attempt: 1/3
✅ Uploaded successfully: tatebayashi_stones_1515_1749834636427_pvsjp

📤 Uploading [1509/2577]: images/1943/IMG_2751.jpg
   📁 File size: 4464KB, Attempt: 1/3
✅ Uploaded successfully: tatebayashi_stones_1516_1749834641577_qyibw

📤 Uploading [1510/2577]: images/1943/IMG_2752.jpg
   📁 File size: 5337KB, Attempt: 1/3
✅ Uploaded successfully: tatebayashi_stones_1517_1749834646536_sl9s
💾 Progress saved (1497/2577 completed)

📤 Uploading [1511/2577]: images/1943/IMG_2753.jpg
   📁 File size: 4979KB, Attempt: 1/3
✅ Uploaded successfully: tatebayashi_stones_1518_1749834652269_rwgz6k

📤 Uploading [1512/2577]: images/1943/IMG_2754.jpg
   📁 File size: 4947KB, Attempt: 1/3
✅ Uploaded successfully: tatebayashi_stones_1519_1749834659195_5ab16m

📤 Uploading [1513/2577]: images/1943/IMG_2755.jpg
   📁 File size: 3641KB, Attempt: 1/3
✅ Uploaded successfully: tatebayashi_stones_1520_1749834666421_9m2746o

📤 Uploading [1514/2577]: images/1944/IMG_2761.jpg
   📁 File size: 4962KB, Attempt: 1/3
✅ Uploaded successfully: tatebayashi_stones_1521_1749834672521_c6bh6o

📤 Uploading [1515/2577]: images/1945/IMG_2764.jpg
   📁 File size: 5775KB, Attempt: 1/3
✅ Uploaded successfully: tatebayashi_stones_1522_1749834678326_pm234n
💾 Progress saved (1502/2577 completed)

📤 Uploading [1516/2577]: images/1945/IMG_2765.jpg
   📁 File size: 4353KB, Attempt: 1/3
✅ Uploaded successfully: tatebayashi_stones_1523_1749834684738_1ur8t

📤 Uploading [1517/2577]: images/1945/IMG_2766.jpg
   📁 File size: 3890KB, Attempt: 1/3
✅ Uploaded successfully: tatebayashi_stones_1524_1749834689840_mq7zig

📤 Uploading [1518/2577]: images/1744/IMG_3764.jpg
   📁 File size: 3797KB, Attempt: 1/3
✅ Uploaded successfully: tatebayashi_stones_1525_1749834695742_784i8o

📤 Uploading [1519/2577]: images/1745/IMG_3781.jpg
   📁 File size: 5483KB, Attempt: 1/3
✅ Uploaded successfully: tatebayashi_stones_1526_1749834701407_t2nci

📤 Uploading [1520/2577]: images/802/IMG_3778.jpg
   📁 File size: 2230KB, Attempt: 1/3
✅ Uploaded successfully: tatebayashi_stones_1527_1749834708330_2hbmlf
💾 Progress saved (1507/2577 completed)

📤 Uploading [1521/2577]: images/1747/IMG_3770.jpg
   📁 File size: 4831KB, Attempt: 1/3
✅ Uploaded successfully: tatebayashi_stones_1528_1749834713060_rxkobe

📤 Uploading [1522/2577]: images/1748/IMG_3769.jpg
   📁 File size: 5361KB, Attempt: 1/3
✅ Uploaded successfully: tatebayashi_stones_1529_1749834718021_942pmi

📤 Uploading [1523/2577]: images/1749/IMG_3768.jpg
   📁 File size: 5989KB, Attempt: 1/3
✅ Uploaded successfully: tatebayashi_stones_1530_1749834724235_v3l4mu

📤 Uploading [1524/2577]: images/1750/IMG_3767.jpg
   📁 File size: 6437KB, Attempt: 1/3
✅ Uploaded successfully: tatebayashi_stones_1531_1749834730642_cxge44

📤 Uploading [1525/2577]: images/1946/IMG_3766.jpg
   📁 File size: 6195KB, Attempt: 1/3
✅ Uploaded successfully: tatebayashi_stones_1532_1749834736647_p7k6k
💾 Progress saved (1512/2577 completed)

📤 Uploading [1526/2577]: images/1725/IMG_6596.jpg
   📁 File size: 3477KB, Attempt: 1/3
✅ Uploaded successfully: tatebayashi_stones_1533_1749834743881_h0p15mh

📤 Uploading [1527/2577]: images/1725/IMG_6597.jpg
   📁 File size: 4429KB, Attempt: 1/3
✅ Uploaded successfully: tatebayashi_stones_1534_1749834749701_9xww4h

📤 Uploading [1528/2577]: images/1604/IMG_2982.jpg
   📁 File size: 4892KB, Attempt: 1/3
✅ Uploaded successfully: tatebayashi_stones_1535_1749834755308_k24ez

📤 Uploading [1529/2577]: images/1122/IMG_9873.jpg
   📁 File size: 5236KB, Attempt: 1/3
✅ Uploaded successfully: tatebayashi_stones_1536_1749834762601_x18dx5

📤 Uploading [1530/2577]: images/1122/IMG_9874.jpg
   📁 File size: 3327KB, Attempt: 1/3
✅ Uploaded successfully: tatebayashi_stones_1537_1749834768295_yh8vdl
💾 Progress saved (1517/2577 completed)

📤 Uploading [1531/2577]: images/1122/IMG_9875.jpg
   📁 File size: 4431KB, Attempt: 1/3
✅ Uploaded successfully: tatebayashi_stones_1538_1749834774558_pqgt8

📤 Uploading [1532/2577]: images/1122/IMG_9876.jpg
   📁 File size: 4402KB, Attempt: 1/3
✅ Uploaded successfully: tatebayashi_stones_1539_1749834780147_eoz6pm

📤 Uploading [1533/2577]: images/1947/IMG_9877.jpg
   📁 File size: 5769KB, Attempt: 1/3
✅ Uploaded successfully: tatebayashi_stones_1540_1749834786144_h1jln

📤 Uploading [1534/2577]: images/1947/IMG_9878.jpg
   📁 File size: 5346KB, Attempt: 1/3
✅ Uploaded successfully: tatebayashi_stones_1541_1749834792552_bq7k1f

📤 Uploading [1535/2577]: images/1947/IMG_9879.jpg
   📁 File size: 5383KB, Attempt: 1/3
✅ Uploaded successfully: tatebayashi_stones_1542_1749834798837_t8yx0k
💾 Progress saved (1522/2577 completed)

📤 Uploading [1536/2577]: images/1947/IMG_9880.jpg
   📁 File size: 6050KB, Attempt: 1/3
✅ Uploaded successfully: tatebayashi_stones_1543_1749834804865_m4u0m

📤 Uploading [1537/2577]: images/1947/IMG_9881.jpg
   📁 File size: 5191KB, Attempt: 1/3
✅ Uploaded successfully: tatebayashi_stones_1544_1749834810317_rm4i0e

📤 Uploading [1538/2577]: images/1947/IMG_9882.jpg
   📁 File size: 5809KB, Attempt: 1/3
✅ Uploaded successfully: tatebayashi_stones_1545_1749834816548_535gv

📤 Uploading [1539/2577]: images/1947/IMG_9883.jpg
   📁 File size: 5019KB, Attempt: 1/3
✅ Uploaded successfully: tatebayashi_stones_1546_1749834823829_729x8

📤 Uploading [1540/2577]: images/1947/IMG_9884.jpg
   📁 File size: 3692KB, Attempt: 1/3
✅ Uploaded successfully: tatebayashi_stones_1547_1749834828536_zhqtli
💾 Progress saved (1527/2577 completed)

📤 Uploading [1541/2577]: images/1948/IMG_9885.jpg
   📁 File size: 4317KB, Attempt: 1/3
✅ Uploaded successfully: tatebayashi_stones_1548_1749834833548_tjhiv

📤 Uploading [1542/2577]: images/1948/IMG_9886.jpg
   📁 File size: 4301KB, Attempt: 1/3
✅ Uploaded successfully: tatebayashi_stones_1549_1749834838599_skplq

📤 Uploading [1543/2577]: images/1153/IMG_9933.jpg
   📁 File size: 6183KB, Attempt: 1/3
✅ Uploaded successfully: tatebayashi_stones_1550_1749834844034_gll2wh

📤 Uploading [1544/2577]: images/1153/IMG_9934.jpg
   📁 File size: 6767KB, Attempt: 1/3
✅ Uploaded successfully: tatebayashi_stones_1551_1749834852323_jwmv3

📤 Uploading [1545/2577]: images/1153/IMG_9935.jpg
   📁 File size: 6342KB, Attempt: 1/3
✅ Uploaded successfully: tatebayashi_stones_1552_1749834859353_xtug9q
💾 Progress saved (1532/2577 completed)

📤 Uploading [1546/2577]: images/1153/IMG_9936.jpg
   📁 File size: 4876KB, Attempt: 1/3
✅ Uploaded successfully: tatebayashi_stones_1553_1749834866626_xf3knn

📤 Uploading [1547/2577]: images/1085/IMG_9931.jpg
   📁 File size: 5334KB, Attempt: 1/3
✅ Uploaded successfully: tatebayashi_stones_1554_1749834872348_619kg

📤 Uploading [1548/2577]: images/1947/IMG_9890.jpg
   📁 File size: 6264KB, Attempt: 1/3
✅ Uploaded successfully: tatebayashi_stones_1555_1749834879670_cfovld

📤 Uploading [1549/2577]: images/1949/IMG_9896.jpg
   📁 File size: 6279KB, Attempt: 1/3
✅ Uploaded successfully: tatebayashi_stones_1556_1749834886094_k8tws

📤 Uploading [1550/2577]: images/1950/IMG_9897.jpg
   📁 File size: 6356KB, Attempt: 1/3
✅ Uploaded successfully: tatebayashi_stones_1557_1749834894579_rjsy3h
💾 Progress saved (1537/2577 completed)

📤 Uploading [1551/2577]: images/1951/IMG_9898.jpg
   📁 File size: 5618KB, Attempt: 1/3
✅ Uploaded successfully: tatebayashi_stones_1558_1749834899930_bct8a

📤 Uploading [1552/2577]: images/1952/IMG_9899.jpg
   📁 File size: 6642KB, Attempt: 1/3
✅ Uploaded successfully: tatebayashi_stones_1559_1749834907355_t3ih68

📤 Uploading [1553/2577]: images/1953/IMG_9901.jpg
   📁 File size: 5824KB, Attempt: 1/3
✅ Uploaded successfully: tatebayashi_stones_1560_1749834914272_jazdy

📤 Uploading [1554/2577]: images/1954/IMG_9902.jpg
   📁 File size: 5356KB, Attempt: 1/3
✅ Uploaded successfully: tatebayashi_stones_1561_1749834921467_s0ij8a

📤 Uploading [1555/2577]: images/1955/IMG_9903.jpg
   📁 File size: 4918KB, Attempt: 1/3
✅ Uploaded successfully: tatebayashi_stones_1562_1749834926537_0ti95
💾 Progress saved (1542/2577 completed)

📤 Uploading [1556/2577]: images/1956/IMG_9904.jpg
   📁 File size: 5871KB, Attempt: 1/3
✅ Uploaded successfully: tatebayashi_stones_1563_1749834931141_fczay7

📤 Uploading [1557/2577]: images/1957/IMG_9905.jpg
   📁 File size: 5207KB, Attempt: 1/3
✅ Uploaded successfully: tatebayashi_stones_1564_1749834935952_dw9vuq

📤 Uploading [1558/2577]: images/1958/IMG_9906.jpg
   📁 File size: 5334KB, Attempt: 1/3
✅ Uploaded successfully: tatebayashi_stones_1565_1749834940880_w4pd8p

📤 Uploading [1559/2577]: images/1959/IMG_9907.jpg
   📁 File size: 5418KB, Attempt: 1/3
✅ Uploaded successfully: tatebayashi_stones_1566_1749834947326_257af

📤 Uploading [1560/2577]: images/1960/IMG_9908.jpg
   📁 File size: 5659KB, Attempt: 1/3
✅ Uploaded successfully: tatebayashi_stones_1567_1749834952954_mh0ts1
💾 Progress saved (1547/2577 completed)

📤 Uploading [1561/2577]: images/1961/IMG_9909.jpg
   📁 File size: 5704KB, Attempt: 1/3
✅ Uploaded successfully: tatebayashi_stones_1568_1749834959450_3a4t2

📤 Uploading [1562/2577]: images/1962/IMG_9910.jpg
   📁 File size: 5811KB, Attempt: 1/3
✅ Uploaded successfully: tatebayashi_stones_1569_1749834967260_zj4177

📤 Uploading [1563/2577]: images/1963/IMG_9911.jpg
   📁 File size: 5723KB, Attempt: 1/3
✅ Uploaded successfully: tatebayashi_stones_1570_1749834972627_c1qvi

📤 Uploading [1564/2577]: images/1963/IMG_9912.jpg
   📁 File size: 5424KB, Attempt: 1/3
✅ Uploaded successfully: tatebayashi_stones_1571_1749834978387_mnbhe

📤 Uploading [1565/2577]: images/1964/IMG_9914.jpg
   📁 File size: 6307KB, Attempt: 1/3
✅ Uploaded successfully: tatebayashi_stones_1572_1749834987724_yj6o8zk
💾 Progress saved (1552/2577 completed)

📤 Uploading [1566/2577]: images/1075/IMG_9892.jpg
   📁 File size: 5563KB, Attempt: 1/3
✅ Uploaded successfully: tatebayashi_stones_1573_1749834993524_7u3tck

📤 Uploading [1567/2577]: images/1075/IMG_9893.jpg
   📁 File size: 6209KB, Attempt: 1/3
✅ Uploaded successfully: tatebayashi_stones_1574_1749834999024_oihtqp

📤 Uploading [1568/2577]: images/1965/IMG_9915.jpg
   📁 File size: 6157KB, Attempt: 1/3
✅ Uploaded successfully: tatebayashi_stones_1575_1749835003928_s20uw

📤 Uploading [1569/2577]: images/1966/IMG_9916.jpg
   📁 File size: 5940KB, Attempt: 1/3
✅ Uploaded successfully: tatebayashi_stones_1576_1749835009462_1fh7a

📤 Uploading [1570/2577]: images/1967/IMG_9925.jpg
   📁 File size: 5391KB, Attempt: 1/3
✅ Uploaded successfully: tatebayashi_stones_1577_1749835014983_c3z5i
💾 Progress saved (1557/2577 completed)

📤 Uploading [1571/2577]: images/1968/IMG_9926.jpg
   📁 File size: 5320KB, Attempt: 1/3
✅ Uploaded successfully: tatebayashi_stones_1578_1749835021485_28bftb

📤 Uploading [1572/2577]: images/1969/IMG_9921.jpg
   📁 File size: 5990KB, Attempt: 1/3
✅ Uploaded successfully: tatebayashi_stones_1579_1749835027288_919qj

📤 Uploading [1573/2577]: images/1969/IMG_9922.jpg
   📁 File size: 5762KB, Attempt: 1/3
✅ Uploaded successfully: tatebayashi_stones_1580_1749835034421_f31fsw

📤 Uploading [1574/2577]: images/1970/IMG_9918.jpg
   📁 File size: 5874KB, Attempt: 1/3
✅ Uploaded successfully: tatebayashi_stones_1581_1749835042621_3yvbd7

📤 Uploading [1575/2577]: images/1970/IMG_9919.jpg
   📁 File size: 6365KB, Attempt: 1/3
✅ Uploaded successfully: tatebayashi_stones_1582_1749835048021_0y09b9
💾 Progress saved (1562/2577 completed)

📤 Uploading [1576/2577]: images/1970/IMG_9924.jpg
   📁 File size: 5509KB, Attempt: 1/3
✅ Uploaded successfully: tatebayashi_stones_1583_1749835054744_tazv6t

📤 Uploading [1577/2577]: images/1971/IMG_9917.jpg
   📁 File size: 6064KB, Attempt: 1/3
✅ Uploaded successfully: tatebayashi_stones_1584_1749835061064_argy1k

📤 Uploading [1578/2577]: images/1972/IMG_9930.jpg
   📁 File size: 4132KB, Attempt: 1/3
✅ Uploaded successfully: tatebayashi_stones_1585_1749835066846_m17qai

📤 Uploading [1579/2577]: images/1973/IMG_9938.jpg
   📁 File size: 5585KB, Attempt: 1/3
✅ Uploaded successfully: tatebayashi_stones_1586_1749835072438_yo6x8

📤 Uploading [1580/2577]: images/1076/IMG_9941.jpg
   📁 File size: 5097KB, Attempt: 1/3
✅ Uploaded successfully: tatebayashi_stones_1587_1749835077563_lkth5i
💾 Progress saved (1567/2577 completed)

📤 Uploading [1581/2577]: images/1936/IMG_9940.jpg
   📁 File size: 4925KB, Attempt: 1/3
✅ Uploaded successfully: tatebayashi_stones_1588_1749835083583_k18mht

📤 Uploading [1582/2577]: images/1936/IMG_9942.jpg
   📁 File size: 4866KB, Attempt: 1/3
✅ Uploaded successfully: tatebayashi_stones_1589_1749835089700_uuvevq

📤 Uploading [1583/2577]: images/1936/IMG_9943.jpg
   📁 File size: 4672KB, Attempt: 1/3
✅ Uploaded successfully: tatebayashi_stones_1590_1749835094867_lzvv9h

📤 Uploading [1584/2577]: images/1154/IMG_9945.jpg
   📁 File size: 5795KB, Attempt: 1/3
✅ Uploaded successfully: tatebayashi_stones_1591_1749835099905_wnhh8b

📤 Uploading [1585/2577]: images/1154/IMG_9946.jpg
   📁 File size: 6186KB, Attempt: 1/3
✅ Uploaded successfully: tatebayashi_stones_1592_1749835105432_6f6hvf
💾 Progress saved (1572/2577 completed)

📤 Uploading [1586/2577]: images/1154/IMG_9944.jpg
   📁 File size: 6041KB, Attempt: 1/3
✅ Uploaded successfully: tatebayashi_stones_1593_1749835111077_ja4yld

📤 Uploading [1587/2577]: images/1974/IMG_2813.jpg
   📁 File size: 3722KB, Attempt: 1/3
✅ Uploaded successfully: tatebayashi_stones_1594_1749835118364_nm7yfm

📤 Uploading [1588/2577]: images/1974/IMG_2814.jpg
   📁 File size: 3304KB, Attempt: 1/3
✅ Uploaded successfully: tatebayashi_stones_1595_1749835123925_628074n

📤 Uploading [1589/2577]: images/1974/IMG_2815.jpg
   📁 File size: 3977KB, Attempt: 1/3
✅ Uploaded successfully: tatebayashi_stones_1596_1749835129170_lnbfv9

📤 Uploading [1590/2577]: images/1974/IMG_2844.jpg
   📁 File size: 3190KB, Attempt: 1/3
✅ Uploaded successfully: tatebayashi_stones_1597_1749835133622_ovtrdk
💾 Progress saved (1577/2577 completed)

📤 Uploading [1591/2577]: images/1974/IMG_9948.jpg
   📁 File size: 2937KB, Attempt: 1/3
✅ Uploaded successfully: tatebayashi_stones_1598_1749835139452_lichzj

📤 Uploading [1592/2577]: images/1975/IMG_2816.jpg
   📁 File size: 2631KB, Attempt: 1/3
✅ Uploaded successfully: tatebayashi_stones_1599_1749835144836_6qo1ka

📤 Uploading [1593/2577]: images/1975/IMG_9947.jpg
   📁 File size: 3539KB, Attempt: 1/3
✅ Uploaded successfully: tatebayashi_stones_1600_1749835149534_ww8ytk7

📤 Uploading [1594/2577]: images/1976/IMG_9967.jpg
   📁 File size: 3301KB, Attempt: 1/3
✅ Uploaded successfully: tatebayashi_stones_1601_1749835154427_wnura8

📤 Uploading [1595/2577]: images/1976/IMG_9969.jpg
   📁 File size: 3023KB, Attempt: 1/3
✅ Uploaded successfully: tatebayashi_stones_1602_1749835159763_5udcy5
💾 Progress saved (1582/2577 completed)

📤 Uploading [1596/2577]: images/1107/IMG_9953.jpg
   📁 File size: 7003KB, Attempt: 1/3
✅ Uploaded successfully: tatebayashi_stones_1603_1749835164190_t1jszi

📤 Uploading [1597/2577]: images/1107/IMG_9954.jpg
   📁 File size: 4437KB, Attempt: 1/3
✅ Uploaded successfully: tatebayashi_stones_1604_1749835170010_ft5rsy

📤 Uploading [1598/2577]: images/1107/IMG_9955.jpg
   📁 File size: 4969KB, Attempt: 1/3
✅ Uploaded successfully: tatebayashi_stones_1605_1749835174426_sdb6x

📤 Uploading [1599/2577]: images/1977/IMG_9957.jpg
   📁 File size: 5529KB, Attempt: 1/3
✅ Uploaded successfully: tatebayashi_stones_1606_1749835180618_jt8yu9

📤 Uploading [1600/2577]: images/1977/IMG_9958.jpg
   📁 File size: 3888KB, Attempt: 1/3
✅ Uploaded successfully: tatebayashi_stones_1607_1749835185661_lbkrf
💾 Progress saved (1587/2577 completed)

📤 Uploading [1601/2577]: images/1977/IMG_9959.jpg
   📁 File size: 4902KB, Attempt: 1/3
✅ Uploaded successfully: tatebayashi_stones_1608_1749835190320_mhcqac

📤 Uploading [1602/2577]: images/1110/IMG_9961.jpg
   📁 File size: 4555KB, Attempt: 1/3
✅ Uploaded successfully: tatebayashi_stones_1609_1749835195288_xzfq09

📤 Uploading [1603/2577]: images/1083/IMG_9965.jpg
   📁 File size: 5997KB, Attempt: 1/3
✅ Uploaded successfully: tatebayashi_stones_1610_1749835201097_mwu1hii

📤 Uploading [1604/2577]: images/1978/IMG_0010.jpg
   📁 File size: 5802KB, Attempt: 1/3
✅ Uploaded successfully: tatebayashi_stones_1611_1749835208456_9rcgtk

📤 Uploading [1605/2577]: images/1601/IMG_9970.jpg
   📁 File size: 5452KB, Attempt: 1/3
✅ Uploaded successfully: tatebayashi_stones_1612_1749835216115_duvhig
💾 Progress saved (1592/2577 completed)

📤 Uploading [1606/2577]: images/1979/IMG_2890.jpg
   📁 File size: 4738KB, Attempt: 1/3
✅ Uploaded successfully: tatebayashi_stones_1613_1749835221880_u8uikn

📤 Uploading [1607/2577]: images/1979/IMG_9972.jpg
   📁 File size: 4833KB, Attempt: 1/3
✅ Uploaded successfully: tatebayashi_stones_1614_1749835227388_u4vi6k

📤 Uploading [1608/2577]: images/1061/IMG_9984.jpg
   📁 File size: 4648KB, Attempt: 1/3
✅ Uploaded successfully: tatebayashi_stones_1615_1749835231951_bqf1qh

📤 Uploading [1609/2577]: images/1061/IMG_9985.jpg
   📁 File size: 4419KB, Attempt: 1/3
✅ Uploaded successfully: tatebayashi_stones_1616_1749835237048_z1y1bp

📤 Uploading [1610/2577]: images/1980/IMG_9975.jpg
   📁 File size: 4806KB, Attempt: 1/3
✅ Uploaded successfully: tatebayashi_stones_1617_1749835241833_gddqzg
💾 Progress saved (1597/2577 completed)

📤 Uploading [1611/2577]: images/1980/IMG_9976.jpg
   📁 File size: 4096KB, Attempt: 1/3
✅ Uploaded successfully: tatebayashi_stones_1618_1749835246845_w823rg

📤 Uploading [1612/2577]: images/1980/IMG_9977.jpg
   📁 File size: 4206KB, Attempt: 1/3
✅ Uploaded successfully: tatebayashi_stones_1619_1749835252925_2zu14o

📤 Uploading [1613/2577]: images/1981/IMG_9978.jpg
   📁 File size: 4140KB, Attempt: 1/3
✅ Uploaded successfully: tatebayashi_stones_1620_1749835258000_k9fmuf

📤 Uploading [1614/2577]: images/1981/IMG_9979.jpg
   📁 File size: 4571KB, Attempt: 1/3
✅ Uploaded successfully: tatebayashi_stones_1621_1749835263631_7fny8

📤 Uploading [1615/2577]: images/1982/IMG_9980.jpg
   📁 File size: 3952KB, Attempt: 1/3
✅ Uploaded successfully: tatebayashi_stones_1622_1749835268966_vhlwz1
💾 Progress saved (1602/2577 completed)

📤 Uploading [1616/2577]: images/1982/IMG_9981.jpg
   📁 File size: 5237KB, Attempt: 1/3
✅ Uploaded successfully: tatebayashi_stones_1623_1749835274651_ev86w

📤 Uploading [1617/2577]: images/1983/IMG_9982.jpg
   📁 File size: 3842KB, Attempt: 1/3
✅ Uploaded successfully: tatebayashi_stones_1624_1749835281008_001zxm

📤 Uploading [1618/2577]: images/1984/IMG_9983.jpg
   📁 File size: 4670KB, Attempt: 1/3
✅ Uploaded successfully: tatebayashi_stones_1625_1749835287320_qfr3m

📤 Uploading [1619/2577]: images/1082/IMG_9990.jpg
   📁 File size: 4128KB, Attempt: 1/3
✅ Uploaded successfully: tatebayashi_stones_1626_1749835293709_u2xx2e

📤 Uploading [1620/2577]: images/1082/IMG_9991.jpg
   📁 File size: 5270KB, Attempt: 1/3
✅ Uploaded successfully: tatebayashi_stones_1627_1749835298943_g62gxq
💾 Progress saved (1607/2577 completed)

📤 Uploading [1621/2577]: images/1599/IMG_9988.jpg
   📁 File size: 4593KB, Attempt: 1/3
✅ Uploaded successfully: tatebayashi_stones_1628_1749835304781_v2tefc

📤 Uploading [1622/2577]: images/1599/IMG_9989.jpg
   📁 File size: 5462KB, Attempt: 1/3
✅ Uploaded successfully: tatebayashi_stones_1629_1749835310296_i1ytp5

📤 Uploading [1623/2577]: images/1600/IMG_0006.jpg
   📁 File size: 6166KB, Attempt: 1/3
✅ Uploaded successfully: tatebayashi_stones_1630_1749835317304_f33tor

📤 Uploading [1624/2577]: images/1985/IMG_9992.jpg
   📁 File size: 5537KB, Attempt: 1/3
✅ Uploaded successfully: tatebayashi_stones_1631_1749835323475_ydf3hc

📤 Uploading [1625/2577]: images/1985/IMG_9993.jpg
   📁 File size: 4206KB, Attempt: 1/3
✅ Uploaded successfully: tatebayashi_stones_1632_1749835328914_3l1lnu
💾 Progress saved (1612/2577 completed)

📤 Uploading [1626/2577]: images/1985/IMG_9994.jpg
   📁 File size: 4634KB, Attempt: 1/3
✅ Uploaded successfully: tatebayashi_stones_1633_1749835334759_iekbl9

📤 Uploading [1627/2577]: images/1985/IMG_9995.jpg
   📁 File size: 5331KB, Attempt: 1/3
✅ Uploaded successfully: tatebayashi_stones_1634_1749835339802_no5vr

📤 Uploading [1628/2577]: images/1986/IMG_9996.jpg
   📁 File size: 5624KB, Attempt: 1/3
✅ Uploaded successfully: tatebayashi_stones_1635_1749835345150_4nlsdd

📤 Uploading [1629/2577]: images/1986/IMG_9997.jpg
   📁 File size: 5084KB, Attempt: 1/3
✅ Uploaded successfully: tatebayashi_stones_1636_1749835351162_gen2bm

📤 Uploading [1630/2577]: images/1987/IMG_9998.jpg
   📁 File size: 4569KB, Attempt: 1/3
✅ Uploaded successfully: tatebayashi_stones_1637_1749835356135_h3bty
💾 Progress saved (1617/2577 completed)

📤 Uploading [1631/2577]: images/1987/IMG_9999.jpg
   📁 File size: 5339KB, Attempt: 1/3
✅ Uploaded successfully: tatebayashi_stones_1638_1749835361113_zqlrkq

📤 Uploading [1632/2577]: images/1988/IMG_0001.jpg
   📁 File size: 4358KB, Attempt: 1/3
✅ Uploaded successfully: tatebayashi_stones_1639_1749835366622_au9ja2

📤 Uploading [1633/2577]: images/1988/IMG_0002.jpg
   📁 File size: 4433KB, Attempt: 1/3
✅ Uploaded successfully: tatebayashi_stones_1640_1749835374141_eul8uc

📤 Uploading [1634/2577]: images/1988/IMG_0003.jpg
   📁 File size: 5381KB, Attempt: 1/3
✅ Uploaded successfully: tatebayashi_stones_1641_1749835380643_km4bk

📤 Uploading [1635/2577]: images/1988/IMG_0004.jpg
   📁 File size: 5783KB, Attempt: 1/3
✅ Uploaded successfully: tatebayashi_stones_1642_1749835388029_t98wgb
💾 Progress saved (1622/2577 completed)

📤 Uploading [1636/2577]: images/1988/IMG_0005.jpg
   📁 File size: 4217KB, Attempt: 1/3
✅ Uploaded successfully: tatebayashi_stones_1643_1749835394425_yo4urda

📤 Uploading [1637/2577]: images/1988/IMG_0007.jpg
   📁 File size: 4004KB, Attempt: 1/3
✅ Uploaded successfully: tatebayashi_stones_1645_1749835399668_eugpp

📤 Uploading [1638/2577]: images/1989/IMG_0012.jpg
   📁 File size: 5141KB, Attempt: 1/3
✅ Uploaded successfully: tatebayashi_stones_1646_1749835404604_c10jke

📤 Uploading [1639/2577]: images/1989/IMG_0013.jpg
   📁 File size: 4475KB, Attempt: 1/3
✅ Uploaded successfully: tatebayashi_stones_1647_1749835409879_f04kxt

📤 Uploading [1640/2577]: images/1088/IMG_0016.jpg
   📁 File size: 6654KB, Attempt: 1/3
✅ Uploaded successfully: tatebayashi_stones_1648_1749835416767_yxmog6
💾 Progress saved (1627/2577 completed)

📤 Uploading [1641/2577]: images/1114/IMG_0015.jpg
   📁 File size: 6312KB, Attempt: 1/3
✅ Uploaded successfully: tatebayashi_stones_1649_1749835424378_7mkfqo

📤 Uploading [1642/2577]: images/262/IMG_0028.jpg
   📁 File size: 3524KB, Attempt: 1/3
✅ Uploaded successfully: tatebayashi_stones_1650_1749835430982_a9bs4p

📤 Uploading [1643/2577]: images/262/IMG_0029.jpg
   📁 File size: 5062KB, Attempt: 1/3
✅ Uploaded successfully: tatebayashi_stones_1651_1749835435221_1u57q5

📤 Uploading [1644/2577]: images/262/IMG_0030.jpg
   📁 File size: 5328KB, Attempt: 1/3
✅ Uploaded successfully: tatebayashi_stones_1652_1749835440712_i5itoo

📤 Uploading [1645/2577]: images/262/IMG_0031.jpg
   📁 File size: 4381KB, Attempt: 1/3
✅ Uploaded successfully: tatebayashi_stones_1653_1749835447311_sf4tyr
💾 Progress saved (1632/2577 completed)

📤 Uploading [1646/2577]: images/326/IMG_0033.jpg
   📁 File size: 6099KB, Attempt: 1/3
✅ Uploaded successfully: tatebayashi_stones_1654_1749835453132_t4ifpq

📤 Uploading [1647/2577]: images/326/IMG_0034.jpg
   📁 File size: 5804KB, Attempt: 1/3
✅ Uploaded successfully: tatebayashi_stones_1655_1749835458555_etp2br

📤 Uploading [1648/2577]: images/326/IMG_0035.jpg
   📁 File size: 4775KB, Attempt: 1/3
✅ Uploaded successfully: tatebayashi_stones_1656_1749835465166_r5rt7fh

📤 Uploading [1649/2577]: images/297/IMG_0037.jpg
   📁 File size: 5258KB, Attempt: 1/3
✅ Uploaded successfully: tatebayashi_stones_1657_1749835470833_wp3pnt

📤 Uploading [1650/2577]: images/1587/IMG_0039.jpg
   📁 File size: 3923KB, Attempt: 1/3
✅ Uploaded successfully: tatebayashi_stones_1658_1749835478016_jrkppk
💾 Progress saved (1637/2577 completed)

📤 Uploading [1651/2577]: images/1990/IMG_7468.jpg
   📁 File size: 3929KB, Attempt: 1/3
✅ Uploaded successfully: tatebayashi_stones_1659_1749835483049_re0vm5

📤 Uploading [1652/2577]: images/1991/IMG_7469.jpg
   📁 File size: 4950KB, Attempt: 1/3
✅ Uploaded successfully: tatebayashi_stones_1660_1749835487984_667gmf

📤 Uploading [1653/2577]: images/1992/IMG_7470.jpg
   📁 File size: 5771KB, Attempt: 1/3
✅ Uploaded successfully: tatebayashi_stones_1661_1749835493321_3c5jvm

📤 Uploading [1654/2577]: images/1992/IMG_7471.jpg
   📁 File size: 4417KB, Attempt: 1/3
✅ Uploaded successfully: tatebayashi_stones_1662_1749835498463_n9bdpn

📤 Uploading [1655/2577]: images/1112/IMG_0040.jpg
   📁 File size: 6010KB, Attempt: 1/3
✅ Uploaded successfully: tatebayashi_stones_1663_1749835504548_4l8jue
💾 Progress saved (1642/2577 completed)

📤 Uploading [1656/2577]: images/1112/IMG_0042.jpg
   📁 File size: 5229KB, Attempt: 1/3
✅ Uploaded successfully: tatebayashi_stones_1664_1749835511481_zlfg8o

📤 Uploading [1657/2577]: images/1112/IMG_0043.jpg
   📁 File size: 5455KB, Attempt: 1/3
✅ Uploaded successfully: tatebayashi_stones_1665_1749835516784_ugta36

📤 Uploading [1658/2577]: images/274/IMG_0041.jpg
   📁 File size: 5014KB, Attempt: 1/3
✅ Uploaded successfully: tatebayashi_stones_1666_1749835522748_u1g7vr

📤 Uploading [1659/2577]: images/1920/DSCF1630.jpg
   📁 File size: 764KB, Attempt: 1/3
✅ Uploaded successfully: tatebayashi_stones_1667_1749835527359_vkdlp

📤 Uploading [1660/2577]: images/1920/DSCF1631.jpg
   📁 File size: 1574KB, Attempt: 1/3
✅ Uploaded successfully: tatebayashi_stones_1668_1749835530250_kajs99
💾 Progress saved (1647/2577 completed)

📤 Uploading [1661/2577]: images/1920/DSCF1634.jpg
   📁 File size: 821KB, Attempt: 1/3
✅ Uploaded successfully: tatebayashi_stones_1669_1749835534234_0h3p4

📤 Uploading [1662/2577]: images/312/IMG_0063.jpg
   📁 File size: 5165KB, Attempt: 1/3
✅ Uploaded successfully: tatebayashi_stones_1670_1749835537662_20g6kl

📤 Uploading [1663/2577]: images/312/IMG_0064.jpg
   📁 File size: 5286KB, Attempt: 1/3
✅ Uploaded successfully: tatebayashi_stones_1671_1749835542268_m01xlg

📤 Uploading [1664/2577]: images/312/IMG_0065.jpg
   📁 File size: 5364KB, Attempt: 1/3
✅ Uploaded successfully: tatebayashi_stones_1672_1749835547612_qffi2

📤 Uploading [1665/2577]: images/329/IMG_0066.jpg
   📁 File size: 5531KB, Attempt: 1/3
✅ Uploaded successfully: tatebayashi_stones_1673_1749835552853_k6p3b
💾 Progress saved (1652/2577 completed)

📤 Uploading [1666/2577]: images/1593/IMG_0071.jpg
   📁 File size: 5805KB, Attempt: 1/3
✅ Uploaded successfully: tatebayashi_stones_1674_1749835558998_mzkh2q

📤 Uploading [1667/2577]: images/1593/IMG_8323.jpg
   📁 File size: 5482KB, Attempt: 1/3
✅ Uploaded successfully: tatebayashi_stones_1675_1749835564915_3zh0vm

📤 Uploading [1668/2577]: images/1993/IMG_0072.jpg
   📁 File size: 6219KB, Attempt: 1/3
✅ Uploaded successfully: tatebayashi_stones_1676_1749835570116_lh9twh

📤 Uploading [1669/2577]: images/1993/IMG_8324.jpg
   📁 File size: 5470KB, Attempt: 1/3
✅ Uploaded successfully: tatebayashi_stones_1677_1749835575352_uvym79

📤 Uploading [1670/2577]: images/1588/IMG_0051.jpg
   📁 File size: 6822KB, Attempt: 1/3
✅ Uploaded successfully: tatebayashi_stones_1678_1749835580406_mxekks
💾 Progress saved (1657/2577 completed)

📤 Uploading [1671/2577]: images/1994/IMG_0054.jpg
   📁 File size: 5906KB, Attempt: 1/3
✅ Uploaded successfully: tatebayashi_stones_1679_1749835588281_1nym0h

📤 Uploading [1672/2577]: images/1591/IMG_0058.jpg
   📁 File size: 7416KB, Attempt: 1/3
✅ Uploaded successfully: tatebayashi_stones_1680_1749835593339_9yokl

📤 Uploading [1673/2577]: images/1591/IMG_0060.jpg
   📁 File size: 5912KB, Attempt: 1/3
✅ Uploaded successfully: tatebayashi_stones_1681_1749835598985_tulj7

📤 Uploading [1674/2577]: images/1592/IMG_0057.jpg
   📁 File size: 4426KB, Attempt: 1/3
✅ Uploaded successfully: tatebayashi_stones_1682_1749835605241_5gydd

📤 Uploading [1675/2577]: images/1995/IMG_0055.jpg
   📁 File size: 6020KB, Attempt: 1/3
✅ Uploaded successfully: tatebayashi_stones_1683_1749835611627_broli
💾 Progress saved (1662/2577 completed)

📤 Uploading [1676/2577]: images/1995/IMG_0056.jpg
   📁 File size: 3755KB, Attempt: 1/3
✅ Uploaded successfully: tatebayashi_stones_1684_1749835617662_0v6cix

📤 Uploading [1677/2577]: images/265/IMG_0079.jpg
   📁 File size: 3394KB, Attempt: 1/3
✅ Uploaded successfully: tatebayashi_stones_1685_1749835623211_z6xbjb

📤 Uploading [1678/2577]: images/265/IMG_0080.jpg
   📁 File size: 5330KB, Attempt: 1/3
✅ Uploaded successfully: tatebayashi_stones_1686_1749835627414_kchtf

📤 Uploading [1679/2577]: images/268/IMG_0081.jpg
   📁 File size: 4650KB, Attempt: 1/3
✅ Uploaded successfully: tatebayashi_stones_1687_1749835634769_wqewer

📤 Uploading [1680/2577]: images/269/IMG_0082.jpg
   📁 File size: 4139KB, Attempt: 1/3
✅ Uploaded successfully: tatebayashi_stones_1688_1749835639873_yxnsr9
💾 Progress saved (1667/2577 completed)

📤 Uploading [1681/2577]: images/270/IMG_0083.jpg
   📁 File size: 3577KB, Attempt: 1/3
✅ Uploaded successfully: tatebayashi_stones_1689_1749835644382_1uaesk

📤 Uploading [1682/2577]: images/272/IMG_0084.jpg
   📁 File size: 4511KB, Attempt: 1/3
✅ Uploaded successfully: tatebayashi_stones_1690_1749835648746_tku3oe

📤 Uploading [1683/2577]: images/1996/IMG_0074.jpg
   📁 File size: 4337KB, Attempt: 1/3
✅ Uploaded successfully: tatebayashi_stones_1691_1749835653397_ybl4q9

📤 Uploading [1684/2577]: images/1996/IMG_0075.jpg
   📁 File size: 4790KB, Attempt: 1/3
✅ Uploaded successfully: tatebayashi_stones_1692_1749835658246_uld4qa

📤 Uploading [1685/2577]: images/1996/IMG_8321.jpg
   📁 File size: 3330KB, Attempt: 1/3
✅ Uploaded successfully: tatebayashi_stones_1693_1749835664851_xhxag8
💾 Progress saved (1672/2577 completed)

📤 Uploading [1686/2577]: images/1996/IMG_8322.jpg
   📁 File size: 2777KB, Attempt: 1/3
✅ Uploaded successfully: tatebayashi_stones_1694_1749835669191_i9oql

📤 Uploading [1687/2577]: images/1594/IMG_0095.jpg
   📁 File size: 3437KB, Attempt: 1/3
✅ Uploaded successfully: tatebayashi_stones_1695_1749835673431_jwxda

📤 Uploading [1688/2577]: images/345/IMG_0085.jpg
   📁 File size: 3078KB, Attempt: 1/3
✅ Uploaded successfully: tatebayashi_stones_1696_1749835679912_50bkmf

📤 Uploading [1689/2577]: images/345/IMG_0088.jpg
   📁 File size: 4109KB, Attempt: 1/3
✅ Uploaded successfully: tatebayashi_stones_1697_1749835684494_z51jc

📤 Uploading [1690/2577]: images/345/IMG_0089.jpg
   📁 File size: 3753KB, Attempt: 1/3
✅ Uploaded successfully: tatebayashi_stones_1698_1749835690670_wo1mbp
💾 Progress saved (1677/2577 completed)

📤 Uploading [1691/2577]: images/323/IMG_0117.jpg
   📁 File size: 5167KB, Attempt: 1/3
✅ Uploaded successfully: tatebayashi_stones_1699_1749835695328_nvinbg

📤 Uploading [1692/2577]: images/1997/IMG_0115.jpg
   📁 File size: 4841KB, Attempt: 1/3
✅ Uploaded successfully: tatebayashi_stones_1700_1749835700568_be5zd

📤 Uploading [1693/2577]: images/1997/IMG_0116.jpg
   📁 File size: 4097KB, Attempt: 1/3
✅ Uploaded successfully: tatebayashi_stones_1701_1749835706839_ttrenw

📤 Uploading [1694/2577]: images/1998/IMG_0114.jpg
   📁 File size: 3319KB, Attempt: 1/3
✅ Uploaded successfully: tatebayashi_stones_1702_1749835711517_0hc1v

📤 Uploading [1695/2577]: images/1999/IMG_0111.jpg
   📁 File size: 4854KB, Attempt: 1/3
✅ Uploaded successfully: tatebayashi_stones_1703_1749835716176_myycft
💾 Progress saved (1682/2577 completed)

📤 Uploading [1696/2577]: images/2000/IMG_0104.jpg
   📁 File size: 5907KB, Attempt: 1/3
✅ Uploaded successfully: tatebayashi_stones_1704_1749835721484_2w59za

📤 Uploading [1697/2577]: images/2000/IMG_0105.jpg
   📁 File size: 5852KB, Attempt: 1/3
✅ Uploaded successfully: tatebayashi_stones_1705_1749835726466_rmwt4gm

📤 Uploading [1698/2577]: images/2000/IMG_0106.jpg
   📁 File size: 5517KB, Attempt: 1/3
✅ Uploaded successfully: tatebayashi_stones_1706_1749835733051_jv9et

📤 Uploading [1699/2577]: images/2001/IMG_0107.jpg
   📁 File size: 6282KB, Attempt: 1/3
✅ Uploaded successfully: tatebayashi_stones_1707_1749835738253_yu6uln

📤 Uploading [1700/2577]: images/2001/IMG_0108.jpg
   📁 File size: 5641KB, Attempt: 1/3
✅ Uploaded successfully: tatebayashi_stones_1708_1749838382701_i4q3ml
💾 Progress saved (1687/2577 completed)

📤 Uploading [1701/2577]: images/2001/IMG_0109.jpg
   📁 File size: 5833KB, Attempt: 1/3
✅ Uploaded successfully: tatebayashi_stones_1709_1749838395271_y4xrms

📤 Uploading [1702/2577]: images/2001/IMG_0110.jpg
   📁 File size: 4911KB, Attempt: 1/3
✅ Uploaded successfully: tatebayashi_stones_1710_1749838400588_la9lnf

📤 Uploading [1703/2577]: images/2002/IMG_0119.jpg
   📁 File size: 3912KB, Attempt: 1/3
✅ Uploaded successfully: tatebayashi_stones_1711_1749838405611_b4c08r

📤 Uploading [1704/2577]: images/2002/IMG_0120.jpg
   📁 File size: 3069KB, Attempt: 1/3
✅ Uploaded successfully: tatebayashi_stones_1712_1749838410157_ls32wu

📤 Uploading [1705/2577]: images/2002/IMG_0121.jpg
   📁 File size: 3064KB, Attempt: 1/3
✅ Uploaded successfully: tatebayashi_stones_1713_1749838414415_4e8zqc
💾 Progress saved (1692/2577 completed)

📤 Uploading [1706/2577]: images/1098/IMG_0122.jpg
   📁 File size: 5986KB, Attempt: 1/3
✅ Uploaded successfully: tatebayashi_stones_1714_1749838419203_vpvud9

📤 Uploading [1707/2577]: images/1098/IMG_0123.jpg
   📁 File size: 5543KB, Attempt: 1/3
   ⚠️  Attempt 1 failed: timeout of 120000ms exceeded
   ⏳ Retrying in 2 seconds...
   📁 File size: 5543KB, Attempt: 2/3
✅ Uploaded successfully: tatebayashi_stones_1715_1749839150762_mn4v2

📤 Uploading [1708/2577]: images/1097/IMG_0126.jpg
   📁 File size: 7081KB, Attempt: 1/3
✅ Uploaded successfully: tatebayashi_stones_1716_1749839279693_oeznxl

📤 Uploading [1709/2577]: images/1097/IMG_0127.jpg
   📁 File size: 6580KB, Attempt: 1/3
✅ Uploaded successfully: tatebayashi_stones_1717_1749839285857_bxvt5c

📤 Uploading [1710/2577]: images/1603/IMG_0187.jpg
   📁 File size: 3787KB, Attempt: 1/3
✅ Uploaded successfully: tatebayashi_stones_1718_1749839292131_d15ww6
💾 Progress saved (1697/2577 completed)

📤 Uploading [1711/2577]: images/1605/IMG_0185.jpg
   📁 File size: 4960KB, Attempt: 1/3
✅ Uploaded successfully: tatebayashi_stones_1719_1749839296841_r7l55r

📤 Uploading [1712/2577]: images/2003/IMG_2978.jpg
   📁 File size: 5082KB, Attempt: 1/3
✅ Uploaded successfully: tatebayashi_stones_1720_1749839301082_v0ckid

📤 Uploading [1713/2577]: images/2004/IMG_2979.jpg
   📁 File size: 5397KB, Attempt: 1/3
✅ Uploaded successfully: tatebayashi_stones_1721_1749839306833_dw7pt

📤 Uploading [1714/2577]: images/2004/IMG_2980.jpg
   📁 File size: 4578KB, Attempt: 1/3
✅ Uploaded successfully: tatebayashi_stones_1722_1749839312913_euma6m

📤 Uploading [1715/2577]: images/2004/IMG_2981.jpg
   📁 File size: 4757KB, Attempt: 1/3
✅ Uploaded successfully: tatebayashi_stones_1723_1749839317404_w5lzri
💾 Progress saved (1702/2577 completed)

📤 Uploading [1716/2577]: images/1094/IMG_0129.jpg
   📁 File size: 6061KB, Attempt: 1/3
✅ Uploaded successfully: tatebayashi_stones_1724_1749839322555_ffsaz

📤 Uploading [1717/2577]: images/1606/IMG_0152.jpg
   📁 File size: 5395KB, Attempt: 1/3
✅ Uploaded successfully: tatebayashi_stones_1725_1749839328110_5216ue

📤 Uploading [1718/2577]: images/1095/IMG_0182.jpg
   📁 File size: 4683KB, Attempt: 1/3
✅ Uploaded successfully: tatebayashi_stones_1726_1749839333778_1c4sq

📤 Uploading [1719/2577]: images/1099/IMG_0183.jpg
   📁 File size: 4934KB, Attempt: 1/3
✅ Uploaded successfully: tatebayashi_stones_1727_1749839338775_gr30dm

📤 Uploading [1720/2577]: images/1071/IMG_0174.jpg
   📁 File size: 5913KB, Attempt: 1/3
✅ Uploaded successfully: tatebayashi_stones_1728_1749839344862_gauhwf
💾 Progress saved (1707/2577 completed)

📤 Uploading [1721/2577]: images/1071/IMG_0175.jpg
   📁 File size: 5671KB, Attempt: 1/3
✅ Uploaded successfully: tatebayashi_stones_1729_1749839351004_htet7g

📤 Uploading [1722/2577]: images/1072/IMG_0173.jpg
   📁 File size: 3669KB, Attempt: 1/3
✅ Uploaded successfully: tatebayashi_stones_1730_1749839356240_3p6sop

📤 Uploading [1723/2577]: images/2005/IMG_0130.jpg
   📁 File size: 3981KB, Attempt: 1/3
✅ Uploaded successfully: tatebayashi_stones_1731_1749839360523_e0jif

📤 Uploading [1724/2577]: images/2005/IMG_0131.jpg
   📁 File size: 4823KB, Attempt: 1/3
✅ Uploaded successfully: tatebayashi_stones_1732_1749839364384_mx4vl

📤 Uploading [1725/2577]: images/2005/IMG_0132.jpg
   📁 File size: 4579KB, Attempt: 1/3
✅ Uploaded successfully: tatebayashi_stones_1733_1749839368538_8mog5e
💾 Progress saved (1712/2577 completed)

📤 Uploading [1726/2577]: images/2005/IMG_0133.jpg
   📁 File size: 5037KB, Attempt: 1/3
✅ Uploaded successfully: tatebayashi_stones_1734_1749839373130_csta5vc

📤 Uploading [1727/2577]: images/2005/IMG_0134.jpg
   📁 File size: 5707KB, Attempt: 1/3
✅ Uploaded successfully: tatebayashi_stones_1735_1749839378891_s4te

📤 Uploading [1728/2577]: images/2005/IMG_0135.jpg
   📁 File size: 4840KB, Attempt: 1/3
✅ Uploaded successfully: tatebayashi_stones_1736_1749839384722_pcdauu

📤 Uploading [1729/2577]: images/2005/IMG_0136.jpg
   📁 File size: 3938KB, Attempt: 1/3
✅ Uploaded successfully: tatebayashi_stones_1737_1749839389359_u8h7in

📤 Uploading [1730/2577]: images/2006/IMG_0176.jpg
   📁 File size: 5648KB, Attempt: 1/3
✅ Uploaded successfully: tatebayashi_stones_1738_1749839394727_fl5xmj
💾 Progress saved (1717/2577 completed)

📤 Uploading [1731/2577]: images/2007/IMG_0172.jpg
   📁 File size: 5081KB, Attempt: 1/3
✅ Uploaded successfully: tatebayashi_stones_1739_1749839401036_l2pkh6

📤 Uploading [1732/2577]: images/2008/IMG_0171.jpg
   📁 File size: 5649KB, Attempt: 1/3
✅ Uploaded successfully: tatebayashi_stones_1740_1749839408853_9he74

📤 Uploading [1733/2577]: images/2009/IMG_0155.jpg
   📁 File size: 4072KB, Attempt: 1/3
✅ Uploaded successfully: tatebayashi_stones_1741_1749839414218_mrbw6n

📤 Uploading [1734/2577]: images/2010/IMG_0156.jpg
   📁 File size: 4917KB, Attempt: 1/3
✅ Uploaded successfully: tatebayashi_stones_1742_1749839419327_l0zra6

📤 Uploading [1735/2577]: images/2011/IMG_0159.jpg
   📁 File size: 5313KB, Attempt: 1/3
✅ Uploaded successfully: tatebayashi_stones_1743_1749839424196_16c3g
💾 Progress saved (1722/2577 completed)

📤 Uploading [1736/2577]: images/2012/IMG_0160.jpg
   📁 File size: 5341KB, Attempt: 1/3
✅ Uploaded successfully: tatebayashi_stones_1744_1749839428592_ei9xk

📤 Uploading [1737/2577]: images/2013/IMG_0161.jpg
   📁 File size: 5487KB, Attempt: 1/3
✅ Uploaded successfully: tatebayashi_stones_1745_1749839434028_0n7o5b

📤 Uploading [1738/2577]: images/2014/IMG_0162.jpg
   📁 File size: 5696KB, Attempt: 1/3
✅ Uploaded successfully: tatebayashi_stones_1746_1749839438676_r5jjs8

📤 Uploading [1739/2577]: images/2015/IMG_0163.jpg
   📁 File size: 5685KB, Attempt: 1/3
✅ Uploaded successfully: tatebayashi_stones_1747_1749839443310_niou6f

📤 Uploading [1740/2577]: images/2016/IMG_0164.jpg
   📁 File size: 5337KB, Attempt: 1/3
✅ Uploaded successfully: tatebayashi_stones_1748_1749839448184_kkmy6q
💾 Progress saved (1727/2577 completed)

📤 Uploading [1741/2577]: images/2017/IMG_0165.jpg
   📁 File size: 5257KB, Attempt: 1/3
✅ Uploaded successfully: tatebayashi_stones_1749_1749839453782_g7135b

📤 Uploading [1742/2577]: images/2018/IMG_0166.jpg
   📁 File size: 5284KB, Attempt: 1/3
✅ Uploaded successfully: tatebayashi_stones_1750_1749839458160_f1opqo

📤 Uploading [1743/2577]: images/2019/IMG_0167.jpg
   📁 File size: 5506KB, Attempt: 1/3
✅ Uploaded successfully: tatebayashi_stones_1751_1749839462906_ol23it

📤 Uploading [1744/2577]: images/2020/IMG_0168.jpg
   📁 File size: 5229KB, Attempt: 1/3
✅ Uploaded successfully: tatebayashi_stones_1752_1749839467826_zb8mkj

📤 Uploading [1745/2577]: images/2021/IMG_0169.jpg
   📁 File size: 4972KB, Attempt: 1/3
✅ Uploaded successfully: tatebayashi_stones_1753_1749839472677_3297vp
💾 Progress saved (1732/2577 completed)

📤 Uploading [1746/2577]: images/2022/IMG_0170.jpg
   📁 File size: 4912KB, Attempt: 1/3
✅ Uploaded successfully: tatebayashi_stones_1754_1749839477016_k27wn

📤 Uploading [1747/2577]: images/2023/IMG_0154.jpg
   📁 File size: 5683KB, Attempt: 1/3
✅ Uploaded successfully: tatebayashi_stones_1755_1749839482500_8mitmn

📤 Uploading [1748/2577]: images/2024/IMG_0177.jpg
   📁 File size: 4724KB, Attempt: 1/3
✅ Uploaded successfully: tatebayashi_stones_1756_1749839488327_ty4r5k

📤 Uploading [1749/2577]: images/2024/IMG_0178.jpg
   📁 File size: 2327KB, Attempt: 1/3
✅ Uploaded successfully: tatebayashi_stones_1757_1749839492560_qqda93

📤 Uploading [1750/2577]: images/2025/IMG_0179.jpg
   📁 File size: 4891KB, Attempt: 1/3
✅ Uploaded successfully: tatebayashi_stones_1758_1749839496316_n25bl
💾 Progress saved (1737/2577 completed)

📤 Uploading [1751/2577]: images/2025/IMG_0180.jpg
   📁 File size: 4194KB, Attempt: 1/3
✅ Uploaded successfully: tatebayashi_stones_1759_1749839501126_wx13dk

📤 Uploading [1752/2577]: images/2026/IMG_0184.jpg
   📁 File size: 5534KB, Attempt: 1/3
✅ Uploaded successfully: tatebayashi_stones_1760_1749839505671_uoaqc

📤 Uploading [1753/2577]: images/2027/IMG_0150.jpg
   📁 File size: 4316KB, Attempt: 1/3
✅ Uploaded successfully: tatebayashi_stones_1761_1749839510068_w9ta6d

📤 Uploading [1754/2577]: images/2027/IMG_0151.jpg
   📁 File size: 4895KB, Attempt: 1/3
✅ Uploaded successfully: tatebayashi_stones_1762_1749839514059_42xtlp

📤 Uploading [1755/2577]: images/2028/IMG_0139.jpg
   📁 File size: 3226KB, Attempt: 1/3
✅ Uploaded successfully: tatebayashi_stones_1763_1749839518583_77eqrf
💾 Progress saved (1742/2577 completed)

📤 Uploading [1756/2577]: images/2028/IMG_0140.jpg
   📁 File size: 4623KB, Attempt: 1/3
✅ Uploaded successfully: tatebayashi_stones_1764_1749839522326_okn4mp

📤 Uploading [1757/2577]: images/2029/IMG_0141.jpg
   📁 File size: 5737KB, Attempt: 1/3
✅ Uploaded successfully: tatebayashi_stones_1765_1749839526906_kj1n8t

📤 Uploading [1758/2577]: images/2029/IMG_0142.jpg
   📁 File size: 5951KB, Attempt: 1/3
✅ Uploaded successfully: tatebayashi_stones_1766_1749839533094_xqatow

📤 Uploading [1759/2577]: images/2029/IMG_0143.jpg
   📁 File size: 3996KB, Attempt: 1/3
✅ Uploaded successfully: tatebayashi_stones_1767_1749839538136_yxwqg

📤 Uploading [1760/2577]: images/2030/IMG_0144.jpg
   📁 File size: 4460KB, Attempt: 1/3
✅ Uploaded successfully: tatebayashi_stones_1768_1749839542473_9yiqp3
💾 Progress saved (1747/2577 completed)

📤 Uploading [1761/2577]: images/2030/IMG_0145.jpg
   📁 File size: 4087KB, Attempt: 1/3
✅ Uploaded successfully: tatebayashi_stones_1769_1749839547720_oawxo

📤 Uploading [1762/2577]: images/2030/IMG_0146.jpg
   📁 File size: 4096KB, Attempt: 1/3
✅ Uploaded successfully: tatebayashi_stones_1770_1749839552378_fhr3ok

📤 Uploading [1763/2577]: images/2031/IMG_0148.jpg
   📁 File size: 6363KB, Attempt: 1/3
✅ Uploaded successfully: tatebayashi_stones_1771_1749839556693_ghqaf

📤 Uploading [1764/2577]: images/2048/IMG_3328.jpg
   📁 File size: 5407KB, Attempt: 1/3
✅ Uploaded successfully: tatebayashi_stones_1772_1749839561601_141x5vs

📤 Uploading [1765/2577]: images/2048/IMG_3329.jpg
   📁 File size: 4803KB, Attempt: 1/3
✅ Uploaded successfully: tatebayashi_stones_1773_1749839566150_81q53c
💾 Progress saved (1752/2577 completed)

📤 Uploading [1766/2577]: images/2048/IMG_3330.jpg
   📁 File size: 5727KB, Attempt: 1/3
✅ Uploaded successfully: tatebayashi_stones_1774_1749839571116_vn96cj

📤 Uploading [1767/2577]: images/980/IMG_3331.jpg
   📁 File size: 5713KB, Attempt: 1/3
✅ Uploaded successfully: tatebayashi_stones_1775_1749839575830_dsy2oj

📤 Uploading [1768/2577]: images/980/IMG_3332.jpg
   📁 File size: 4755KB, Attempt: 1/3
✅ Uploaded successfully: tatebayashi_stones_1776_1749839580845_4qd3a

📤 Uploading [1769/2577]: images/105/IMG_2006.jpg
   📁 File size: 4837KB, Attempt: 1/3
✅ Uploaded successfully: tatebayashi_stones_1777_1749839585334_h26mwk

📤 Uploading [1770/2577]: images/105/IMG_2007.jpg
   📁 File size: 6116KB, Attempt: 1/3
✅ Uploaded successfully: tatebayashi_stones_1778_1749839589546_mzelgh
💾 Progress saved (1757/2577 completed)

📤 Uploading [1771/2577]: images/105/IMG_2008.jpg
   📁 File size: 5892KB, Attempt: 1/3
✅ Uploaded successfully: tatebayashi_stones_1779_1749839594851_f6arvd

📤 Uploading [1772/2577]: images/105/IMG_2009.jpg
   📁 File size: 3893KB, Attempt: 1/3
✅ Uploaded successfully: tatebayashi_stones_1780_1749839599837_e66ue

📤 Uploading [1773/2577]: images/2049/IMG_2017.jpg
   📁 File size: 5220KB, Attempt: 1/3
✅ Uploaded successfully: tatebayashi_stones_1781_1749839604502_zy7smd

📤 Uploading [1774/2577]: images/2049/IMG_2018.jpg
   📁 File size: 4561KB, Attempt: 1/3
✅ Uploaded successfully: tatebayashi_stones_1782_1749839608839_oibgpd

📤 Uploading [1775/2577]: images/2049/IMG_2019.jpg
   📁 File size: 4549KB, Attempt: 1/3
✅ Uploaded successfully: tatebayashi_stones_1783_1749839613543_04c8us
💾 Progress saved (1762/2577 completed)

📤 Uploading [1776/2577]: images/79/IMG_2010.jpg
   📁 File size: 4919KB, Attempt: 1/3
✅ Uploaded successfully: tatebayashi_stones_1784_1749839618137_0j2ll4

📤 Uploading [1777/2577]: images/79/IMG_2011.jpg
   📁 File size: 3939KB, Attempt: 1/3
✅ Uploaded successfully: tatebayashi_stones_1785_1749839622421_9mbsxl

📤 Uploading [1778/2577]: images/108/IMG_2012.jpg
   📁 File size: 4477KB, Attempt: 1/3
✅ Uploaded successfully: tatebayashi_stones_1786_1749839627369_go5kpe

📤 Uploading [1779/2577]: images/108/IMG_2013.jpg
   📁 File size: 4578KB, Attempt: 1/3
✅ Uploaded successfully: tatebayashi_stones_1787_1749839632525_4uvvqu

📤 Uploading [1780/2577]: images/2050/IMG_2014.jpg
   📁 File size: 5290KB, Attempt: 1/3
✅ Uploaded successfully: tatebayashi_stones_1788_1749839637467_igd0z
💾 Progress saved (1767/2577 completed)

📤 Uploading [1781/2577]: images/118/IMG_2015.jpg
   📁 File size: 5040KB, Attempt: 1/3
✅ Uploaded successfully: tatebayashi_stones_1789_1749839642182_yj7u4h

📤 Uploading [1782/2577]: images/128/IMG_2016.jpg
   📁 File size: 5079KB, Attempt: 1/3
✅ Uploaded successfully: tatebayashi_stones_1790_1749839646441_29qgxa

📤 Uploading [1783/2577]: images/133/IMG_2020.jpg
   📁 File size: 4922KB, Attempt: 1/3
✅ Uploaded successfully: tatebayashi_stones_1791_1749839651530_dd3m8b

📤 Uploading [1784/2577]: images/133/IMG_2021.jpg
   📁 File size: 4010KB, Attempt: 1/3
✅ Uploaded successfully: tatebayashi_stones_1792_1749839656365_g8c1j6l

📤 Uploading [1785/2577]: images/133/IMG_2022.jpg
   📁 File size: 6583KB, Attempt: 1/3
✅ Uploaded successfully: tatebayashi_stones_1793_1749839661737_w3ugwu
💾 Progress saved (1772/2577 completed)

📤 Uploading [1786/2577]: images/2051/IMG_2026.jpg
   📁 File size: 3607KB, Attempt: 1/3
✅ Uploaded successfully: tatebayashi_stones_1794_1749839666834_1dv7k

📤 Uploading [1787/2577]: images/2051/IMG_2027.jpg
   📁 File size: 3828KB, Attempt: 1/3
✅ Uploaded successfully: tatebayashi_stones_1795_1749839671366_ol56k9

📤 Uploading [1788/2577]: images/2052/IMG_2028.jpg
   📁 File size: 3004KB, Attempt: 1/3
✅ Uploaded successfully: tatebayashi_stones_1796_1749839675211_pu807

📤 Uploading [1789/2577]: images/2052/IMG_2029.jpg
   📁 File size: 6080KB, Attempt: 1/3
✅ Uploaded successfully: tatebayashi_stones_1797_1749839679286_d7j9kk

📤 Uploading [1790/2577]: images/2052/IMG_2030.jpg
   📁 File size: 2853KB, Attempt: 1/3
✅ Uploaded successfully: tatebayashi_stones_1798_1749839683984_3md62u
💾 Progress saved (1777/2577 completed)

📤 Uploading [1791/2577]: images/2053/IMG_2032.jpg
   📁 File size: 4200KB, Attempt: 1/3
✅ Uploaded successfully: tatebayashi_stones_1799_1749839687801_1qmvq3

📤 Uploading [1792/2577]: images/2053/IMG_2033.jpg
   📁 File size: 4460KB, Attempt: 1/3
✅ Uploaded successfully: tatebayashi_stones_1800_1749839692331_h3etfg

📤 Uploading [1793/2577]: images/2053/IMG_2034.jpg
   📁 File size: 4803KB, Attempt: 1/3
✅ Uploaded successfully: tatebayashi_stones_1801_1749839696858_bmq6e8

📤 Uploading [1794/2577]: images/2053/IMG_2035.jpg
   📁 File size: 4386KB, Attempt: 1/3
✅ Uploaded successfully: tatebayashi_stones_1802_1749839701459_2qvens

📤 Uploading [1795/2577]: images/2054/IMG_2036.jpg
   📁 File size: 5406KB, Attempt: 1/3
✅ Uploaded successfully: tatebayashi_stones_1803_1749839707515_7gdyo
💾 Progress saved (1782/2577 completed)

📤 Uploading [1796/2577]: images/2054/IMG_2037.jpg
   📁 File size: 5653KB, Attempt: 1/3
✅ Uploaded successfully: tatebayashi_stones_1804_1749839712826_dcc9uf

📤 Uploading [1797/2577]: images/2055/IMG_2039.jpg
   📁 File size: 3371KB, Attempt: 1/3
✅ Uploaded successfully: tatebayashi_stones_1805_1749839717186_xxt0fi

📤 Uploading [1798/2577]: images/2055/IMG_2040.jpg
   📁 File size: 2981KB, Attempt: 1/3
✅ Uploaded successfully: tatebayashi_stones_1806_1749839721634_kjcnsn

📤 Uploading [1799/2577]: images/2056/IMG_2042.jpg
   📁 File size: 3788KB, Attempt: 1/3
✅ Uploaded successfully: tatebayashi_stones_1807_1749839726206_mva5dj

📤 Uploading [1800/2577]: images/2056/IMG_2043.jpg
   📁 File size: 4361KB, Attempt: 1/3
✅ Uploaded successfully: tatebayashi_stones_1808_1749839730508_ohaifn
💾 Progress saved (1787/2577 completed)

📤 Uploading [1801/2577]: images/2057/IMG_2048.jpg
   📁 File size: 5721KB, Attempt: 1/3
✅ Uploaded successfully: tatebayashi_stones_1809_1749839735099_6zjalq

📤 Uploading [1802/2577]: images/2057/IMG_2049.jpg
   📁 File size: 5258KB, Attempt: 1/3
✅ Uploaded successfully: tatebayashi_stones_1810_1749839740138_o5wte8

📤 Uploading [1803/2577]: images/2057/IMG_2050.jpg
   📁 File size: 4616KB, Attempt: 1/3
✅ Uploaded successfully: tatebayashi_stones_1811_1749839745513_klk47d

📤 Uploading [1804/2577]: images/2058/IMG_2055.jpg
   📁 File size: 4970KB, Attempt: 1/3
✅ Uploaded successfully: tatebayashi_stones_1812_1749839750017_cbyp7r

📤 Uploading [1805/2577]: images/110/IMG_2057.jpg
   📁 File size: 3941KB, Attempt: 1/3
✅ Uploaded successfully: tatebayashi_stones_1813_1749839756164_mwycdd
💾 Progress saved (1792/2577 completed)

📤 Uploading [1806/2577]: images/110/IMG_2058.jpg
   📁 File size: 3982KB, Attempt: 1/3
✅ Uploaded successfully: tatebayashi_stones_1814_1749839760530_x2j0t

📤 Uploading [1807/2577]: images/2059/IMG_2060.jpg
   📁 File size: 5095KB, Attempt: 1/3
✅ Uploaded successfully: tatebayashi_stones_1815_1749839764193_eb6xzym

📤 Uploading [1808/2577]: images/2059/IMG_2061.jpg
   📁 File size: 5155KB, Attempt: 1/3
✅ Uploaded successfully: tatebayashi_stones_1816_1749839768340_5x6ms6

📤 Uploading [1809/2577]: images/2060/IMG_2064.jpg
   📁 File size: 5042KB, Attempt: 1/3
✅ Uploaded successfully: tatebayashi_stones_1817_1749839773092_vtavh4

📤 Uploading [1810/2577]: images/2060/IMG_2071.jpg
   📁 File size: 4810KB, Attempt: 1/3
✅ Uploaded successfully: tatebayashi_stones_1818_1749839777821_f0kgk
💾 Progress saved (1797/2577 completed)

📤 Uploading [1811/2577]: images/2060/IMG_2072.jpg
   📁 File size: 5242KB, Attempt: 1/3
✅ Uploaded successfully: tatebayashi_stones_1819_1749839782137_0qz0vs

📤 Uploading [1812/2577]: images/2060/IMG_2073.jpg
   📁 File size: 6105KB, Attempt: 1/3
✅ Uploaded successfully: tatebayashi_stones_1820_1749839786346_wx9x1h

📤 Uploading [1813/2577]: images/2061/IMG_2065.jpg
   📁 File size: 3312KB, Attempt: 1/3
✅ Uploaded successfully: tatebayashi_stones_1821_1749839791334_crrrcj

📤 Uploading [1814/2577]: images/2061/IMG_2068.jpg
   📁 File size: 3701KB, Attempt: 1/3
✅ Uploaded successfully: tatebayashi_stones_1822_1749839795334_yl4wm

📤 Uploading [1815/2577]: images/2061/IMG_2069.jpg
   📁 File size: 3660KB, Attempt: 1/3
✅ Uploaded successfully: tatebayashi_stones_1823_1749839799822_58wcfm
💾 Progress saved (1802/2577 completed)

📤 Uploading [1816/2577]: images/2061/IMG_2070.jpg
   📁 File size: 3148KB, Attempt: 1/3
✅ Uploaded successfully: tatebayashi_stones_1824_1749839804701_bmsslh

📤 Uploading [1817/2577]: images/2062/IMG_2066.jpg
   📁 File size: 4890KB, Attempt: 1/3
✅ Uploaded successfully: tatebayashi_stones_1825_1749839808299_75jiw

📤 Uploading [1818/2577]: images/2062/IMG_2067.jpg
   📁 File size: 4910KB, Attempt: 1/3
✅ Uploaded successfully: tatebayashi_stones_1826_1749839813316_i44njl

📤 Uploading [1819/2577]: images/2063/IMG_2077.jpg
   📁 File size: 5613KB, Attempt: 1/3
✅ Uploaded successfully: tatebayashi_stones_1827_1749839818319_ieyxf

📤 Uploading [1820/2577]: images/2063/IMG_2079.jpg
   📁 File size: 4781KB, Attempt: 1/3
✅ Uploaded successfully: tatebayashi_stones_1828_1749839823666_tgvwb
💾 Progress saved (1807/2577 completed)

📤 Uploading [1821/2577]: images/10/IMG_2080.jpg
   📁 File size: 4150KB, Attempt: 1/3
✅ Uploaded successfully: tatebayashi_stones_1829_1749839828680_7ecly

📤 Uploading [1822/2577]: images/45/IMG_2094.jpg
   📁 File size: 5370KB, Attempt: 1/3
✅ Uploaded successfully: tatebayashi_stones_1830_1749839833123_659tjp

📤 Uploading [1823/2577]: images/45/IMG_2095.jpg
   📁 File size: 3285KB, Attempt: 1/3
✅ Uploaded successfully: tatebayashi_stones_1831_1749839837720_fwx3x

📤 Uploading [1824/2577]: images/241/IMG_2082.jpg
   📁 File size: 5364KB, Attempt: 1/3
✅ Uploaded successfully: tatebayashi_stones_1832_1749839842492_mlyzie

📤 Uploading [1825/2577]: images/241/IMG_2083.jpg
   📁 File size: 5059KB, Attempt: 1/3
✅ Uploaded successfully: tatebayashi_stones_1833_1749839847505_9r32u3
💾 Progress saved (1812/2577 completed)

📤 Uploading [1826/2577]: images/241/IMG_2084.jpg
   📁 File size: 5659KB, Attempt: 1/3
✅ Uploaded successfully: tatebayashi_stones_1834_1749839852619_g9wia

📤 Uploading [1827/2577]: images/241/IMG_2085.jpg
   📁 File size: 5481KB, Attempt: 1/3
✅ Uploaded successfully: tatebayashi_stones_1835_1749839858482_bj9a6q

📤 Uploading [1828/2577]: images/241/IMG_2086.jpg
   📁 File size: 4875KB, Attempt: 1/3
✅ Uploaded successfully: tatebayashi_stones_1836_1749839863948_mgdgp

📤 Uploading [1829/2577]: images/241/IMG_2087.jpg
   📁 File size: 4497KB, Attempt: 1/3
✅ Uploaded successfully: tatebayashi_stones_1837_1749839868725_bjcogg

📤 Uploading [1830/2577]: images/241/IMG_2088.jpg
   📁 File size: 5639KB, Attempt: 1/3
✅ Uploaded successfully: tatebayashi_stones_1838_1749839873239_cj9h0h
💾 Progress saved (1817/2577 completed)

📤 Uploading [1831/2577]: images/243/IMG_2089.jpg
   📁 File size: 4824KB, Attempt: 1/3
✅ Uploaded successfully: tatebayashi_stones_1839_1749839879422_wb6bkq

📤 Uploading [1832/2577]: images/243/IMG_2090.jpg
   📁 File size: 4237KB, Attempt: 1/3
✅ Uploaded successfully: tatebayashi_stones_1840_1749839886423_dmjmwi

📤 Uploading [1833/2577]: images/243/IMG_2091.jpg
   📁 File size: 4083KB, Attempt: 1/3
✅ Uploaded successfully: tatebayashi_stones_1841_1749839894072_c7pprk

📤 Uploading [1834/2577]: images/44/IMG_2092.jpg
   📁 File size: 4211KB, Attempt: 1/3
✅ Uploaded successfully: tatebayashi_stones_1842_1749839900110_7anb2

📤 Uploading [1835/2577]: images/44/IMG_2093.jpg
   📁 File size: 4304KB, Attempt: 1/3
✅ Uploaded successfully: tatebayashi_stones_1843_1749839905922_gxuwh
💾 Progress saved (1822/2577 completed)

📤 Uploading [1836/2577]: images/253/IMG_2096.jpg
   📁 File size: 3631KB, Attempt: 1/3
✅ Uploaded successfully: tatebayashi_stones_1844_1749839910769_nkf318

📤 Uploading [1837/2577]: images/253/IMG_2097.jpg
   📁 File size: 3741KB, Attempt: 1/3
✅ Uploaded successfully: tatebayashi_stones_1845_1749839915109_8dpdbh

📤 Uploading [1838/2577]: images/253/IMG_2098.jpg
   📁 File size: 3474KB, Attempt: 1/3
✅ Uploaded successfully: tatebayashi_stones_1846_1749839921405_3220r9

📤 Uploading [1839/2577]: images/2064/IMG_2100.jpg
   📁 File size: 5137KB, Attempt: 1/3
✅ Uploaded successfully: tatebayashi_stones_1847_1749839926307_xn8vh

📤 Uploading [1840/2577]: images/2064/IMG_2103.jpg
   📁 File size: 5618KB, Attempt: 1/3
✅ Uploaded successfully: tatebayashi_stones_1848_1749839931444_8d6ip
💾 Progress saved (1827/2577 completed)

📤 Uploading [1841/2577]: images/2064/IMG_2104.jpg
   📁 File size: 5247KB, Attempt: 1/3
✅ Uploaded successfully: tatebayashi_stones_1849_1749839936920_665gr8

📤 Uploading [1842/2577]: images/2065/IMG_2339.jpg
   📁 File size: 5024KB, Attempt: 1/3
✅ Uploaded successfully: tatebayashi_stones_1850_1749839944298_07d8nh

📤 Uploading [1843/2577]: images/2065/IMG_2340.jpg
   📁 File size: 5316KB, Attempt: 1/3
✅ Uploaded successfully: tatebayashi_stones_1851_1749839949162_vdrape

📤 Uploading [1844/2577]: images/2065/IMG_2341.jpg
   📁 File size: 5640KB, Attempt: 1/3
✅ Uploaded successfully: tatebayashi_stones_1852_1749839954012_lc2gq9

📤 Uploading [1845/2577]: images/92/IMG_2342.jpg
   📁 File size: 4627KB, Attempt: 1/3
✅ Uploaded successfully: tatebayashi_stones_1853_1749839958782_u38yy
💾 Progress saved (1832/2577 completed)

📤 Uploading [1846/2577]: images/93/IMG_2342.jpg
   📁 File size: 4627KB, Attempt: 1/3
✅ Uploaded successfully: tatebayashi_stones_1854_1749839963462_xq38ck

📤 Uploading [1847/2577]: images/137/IMG_2358.jpg
   📁 File size: 2408KB, Attempt: 1/3
✅ Uploaded successfully: tatebayashi_stones_1855_1749839968387_hxejdk

📤 Uploading [1848/2577]: images/137/IMG_2360.jpg
   📁 File size: 3643KB, Attempt: 1/3
✅ Uploaded successfully: tatebayashi_stones_1856_1749839972338_n425i

📤 Uploading [1849/2577]: images/46/IMG_2355.jpg
   📁 File size: 4443KB, Attempt: 1/3
✅ Uploaded successfully: tatebayashi_stones_1857_1749839977356_je4dof

📤 Uploading [1850/2577]: images/2066/IMG_2361.jpg
   📁 File size: 1832KB, Attempt: 1/3
✅ Uploaded successfully: tatebayashi_stones_1858_1749839982709_13fdou
💾 Progress saved (1837/2577 completed)

📤 Uploading [1851/2577]: images/47/IMG_2347.jpg
   📁 File size: 4831KB, Attempt: 1/3
✅ Uploaded successfully: tatebayashi_stones_1859_1749839986420_h4f5h

📤 Uploading [1852/2577]: images/47/IMG_2349.jpg
   📁 File size: 5288KB, Attempt: 1/3
✅ Uploaded successfully: tatebayashi_stones_1860_1749839991229_odz70i

📤 Uploading [1853/2577]: images/2067/IMG_2348.jpg
   📁 File size: 5768KB, Attempt: 1/3
✅ Uploaded successfully: tatebayashi_stones_1861_1749839995952_2uq0tr

📤 Uploading [1854/2577]: images/2068/IMG_2350.jpg
   📁 File size: 6662KB, Attempt: 1/3
✅ Uploaded successfully: tatebayashi_stones_1862_1749840000798_0g2mku

📤 Uploading [1855/2577]: images/2068/IMG_2354.jpg
   📁 File size: 6601KB, Attempt: 1/3
✅ Uploaded successfully: tatebayashi_stones_1863_1749840008255_a7hep
💾 Progress saved (1842/2577 completed)

📤 Uploading [1856/2577]: images/2069/IMG_2365.jpg
   📁 File size: 3994KB, Attempt: 1/3
✅ Uploaded successfully: tatebayashi_stones_1864_1749840013262_q6l6m8

📤 Uploading [1857/2577]: images/2069/IMG_2367.jpg
   📁 File size: 4031KB, Attempt: 1/3
✅ Uploaded successfully: tatebayashi_stones_1865_1749840018093_lzy02a

📤 Uploading [1858/2577]: images/145/IMG_2368.jpg
   📁 File size: 2849KB, Attempt: 1/3
✅ Uploaded successfully: tatebayashi_stones_1866_1749840022481_m0w2un

📤 Uploading [1859/2577]: images/2070/IMG_2376.jpg
   📁 File size: 4704KB, Attempt: 1/3
✅ Uploaded successfully: tatebayashi_stones_1867_1749840026839_lm9l3l

📤 Uploading [1860/2577]: images/2070/IMG_2377.jpg
   📁 File size: 6952KB, Attempt: 1/3
✅ Uploaded successfully: tatebayashi_stones_1868_1749840031262_kl09fa
💾 Progress saved (1847/2577 completed)

📤 Uploading [1861/2577]: images/67/IMG_2379.jpg
   📁 File size: 2859KB, Attempt: 1/3
✅ Uploaded successfully: tatebayashi_stones_1869_1749840037922_ad4b2p

📤 Uploading [1862/2577]: images/67/IMG_2380.jpg
   📁 File size: 6072KB, Attempt: 1/3
✅ Uploaded successfully: tatebayashi_stones_1870_1749840042703_2m722

📤 Uploading [1863/2577]: images/67/IMG_2382.jpg
   📁 File size: 3079KB, Attempt: 1/3
✅ Uploaded successfully: tatebayashi_stones_1871_1749840047904_r88h5c

📤 Uploading [1864/2577]: images/70/IMG_2384.jpg
   📁 File size: 5085KB, Attempt: 1/3
✅ Uploaded successfully: tatebayashi_stones_1872_1749840051811_ynno1f

📤 Uploading [1865/2577]: images/70/IMG_2385.jpg
   📁 File size: 5340KB, Attempt: 1/3
✅ Uploaded successfully: tatebayashi_stones_1873_1749840056660_sh9ji8
💾 Progress saved (1852/2577 completed)

📤 Uploading [1866/2577]: images/2071/IMG_2386.jpg
   📁 File size: 4497KB, Attempt: 1/3
✅ Uploaded successfully: tatebayashi_stones_1874_1749840061397_7vqr9

📤 Uploading [1867/2577]: images/2071/IMG_2387.jpg
   📁 File size: 4617KB, Attempt: 1/3
✅ Uploaded successfully: tatebayashi_stones_1875_1749840065442_3ueeru

📤 Uploading [1868/2577]: images/2071/IMG_2388.jpg
   📁 File size: 3787KB, Attempt: 1/3
✅ Uploaded successfully: tatebayashi_stones_1876_1749840069619_gfev98

📤 Uploading [1869/2577]: images/18/IMG_2389.jpg
   📁 File size: 4672KB, Attempt: 1/3
✅ Uploaded successfully: tatebayashi_stones_1877_1749840074133_dlzibo

📤 Uploading [1870/2577]: images/18/IMG_2392.jpg
   📁 File size: 4051KB, Attempt: 1/3
✅ Uploaded successfully: tatebayashi_stones_1878_1749840080266_kpsov
💾 Progress saved (1857/2577 completed)

📤 Uploading [1871/2577]: images/17/IMG_2390.jpg
   📁 File size: 4836KB, Attempt: 1/3
✅ Uploaded successfully: tatebayashi_stones_1879_1749840085094_t52eyb

📤 Uploading [1872/2577]: images/17/IMG_2391.jpg
   📁 File size: 4119KB, Attempt: 1/3
✅ Uploaded successfully: tatebayashi_stones_1880_1749840089929_x97enb

📤 Uploading [1873/2577]: images/2072/IMG_2393.jpg
   📁 File size: 4375KB, Attempt: 1/3
✅ Uploaded successfully: tatebayashi_stones_1881_1749840094220_ydsk4a

📤 Uploading [1874/2577]: images/2072/IMG_2394.jpg
   📁 File size: 5759KB, Attempt: 1/3
✅ Uploaded successfully: tatebayashi_stones_1882_1749840099248_bkdio

📤 Uploading [1875/2577]: images/2072/IMG_2395.jpg
   📁 File size: 5670KB, Attempt: 1/3
✅ Uploaded successfully: tatebayashi_stones_1883_1749840105463_o4thrp
💾 Progress saved (1862/2577 completed)

📤 Uploading [1876/2577]: images/16/IMG_2399.jpg
   📁 File size: 3498KB, Attempt: 1/3
✅ Uploaded successfully: tatebayashi_stones_1884_1749840110546_vcwlz9

📤 Uploading [1877/2577]: images/2073/IMG_2400.jpg
   📁 File size: 4053KB, Attempt: 1/3
✅ Uploaded successfully: tatebayashi_stones_1885_1749840115694_anai9

📤 Uploading [1878/2577]: images/2073/IMG_2401.jpg
   📁 File size: 4941KB, Attempt: 1/3
✅ Uploaded successfully: tatebayashi_stones_1886_1749840120030_bjvoqp

📤 Uploading [1879/2577]: images/2074/IMG_2405.jpg
   📁 File size: 3974KB, Attempt: 1/3
✅ Uploaded successfully: tatebayashi_stones_1887_1749840124530_46nf0up

📤 Uploading [1880/2577]: images/2074/IMG_2406.jpg
   📁 File size: 4059KB, Attempt: 1/3
✅ Uploaded successfully: tatebayashi_stones_1888_1749840128867_37g33o
💾 Progress saved (1867/2577 completed)

📤 Uploading [1881/2577]: images/255/IMG_2407.jpg
   📁 File size: 3611KB, Attempt: 1/3
✅ Uploaded successfully: tatebayashi_stones_1889_1749840133427_lsk2c9

📤 Uploading [1882/2577]: images/255/IMG_2408.jpg
   📁 File size: 4231KB, Attempt: 1/3
✅ Uploaded successfully: tatebayashi_stones_1890_1749840139374_tbuygi

📤 Uploading [1883/2577]: images/255/IMG_2409.jpg
   📁 File size: 3850KB, Attempt: 1/3
✅ Uploaded successfully: tatebayashi_stones_1891_1749840144176_emi4gc

📤 Uploading [1884/2577]: images/255/IMG_2410.jpg
   📁 File size: 4964KB, Attempt: 1/3
✅ Uploaded successfully: tatebayashi_stones_1892_1749840149034_hi5nu3

📤 Uploading [1885/2577]: images/257/IMG_2412.jpg
   📁 File size: 3754KB, Attempt: 1/3
✅ Uploaded successfully: tatebayashi_stones_1893_1749840153851_zxssn
💾 Progress saved (1872/2577 completed)

📤 Uploading [1886/2577]: images/257/IMG_2413.jpg
   📁 File size: 4096KB, Attempt: 1/3
✅ Uploaded successfully: tatebayashi_stones_1894_1749840157876_aklsv

📤 Uploading [1887/2577]: images/106/IMG_2416.jpg
   📁 File size: 4100KB, Attempt: 1/3
✅ Uploaded successfully: tatebayashi_stones_1895_1749840162166_hww6jw

📤 Uploading [1888/2577]: images/106/IMG_2417.jpg
   📁 File size: 5731KB, Attempt: 1/3
✅ Uploaded successfully: tatebayashi_stones_1896_1749840168264_tqava

📤 Uploading [1889/2577]: images/106/IMG_2418.jpg
   📁 File size: 4837KB, Attempt: 1/3
✅ Uploaded successfully: tatebayashi_stones_1897_1749840173240_7i4zqn

📤 Uploading [1890/2577]: images/106/IMG_2419.jpg
   📁 File size: 4607KB, Attempt: 1/3
✅ Uploaded successfully: tatebayashi_stones_1898_1749840177809_0u6tnn
💾 Progress saved (1877/2577 completed)

📤 Uploading [1891/2577]: images/15/IMG_2425.jpg
   📁 File size: 2766KB, Attempt: 1/3
✅ Uploaded successfully: tatebayashi_stones_1899_1749840182179_gqzgjd

📤 Uploading [1892/2577]: images/15/IMG_2426.jpg
   📁 File size: 4329KB, Attempt: 1/3
✅ Uploaded successfully: tatebayashi_stones_1900_1749840185958_2660q

📤 Uploading [1893/2577]: images/2075/IMG_2421.jpg
   📁 File size: 5902KB, Attempt: 1/3
✅ Uploaded successfully: tatebayashi_stones_1901_1749840191368_1m35kk

📤 Uploading [1894/2577]: images/2075/IMG_2422.jpg
   📁 File size: 6521KB, Attempt: 1/3
✅ Uploaded successfully: tatebayashi_stones_1902_1749840196528_eiw4io

📤 Uploading [1895/2577]: images/2075/IMG_2423.jpg
   📁 File size: 6629KB, Attempt: 1/3
✅ Uploaded successfully: tatebayashi_stones_1903_1749840201150_rw90mr
💾 Progress saved (1882/2577 completed)

📤 Uploading [1896/2577]: images/2076/IMG_2427.jpg
   📁 File size: 4683KB, Attempt: 1/3
✅ Uploaded successfully: tatebayashi_stones_1904_1749840206534_q264j7

📤 Uploading [1897/2577]: images/2076/IMG_2428.jpg
   📁 File size: 4541KB, Attempt: 1/3
✅ Uploaded successfully: tatebayashi_stones_1905_1749840212879_0y5l6

📤 Uploading [1898/2577]: images/2077/IMG_2429.jpg
   📁 File size: 4395KB, Attempt: 1/3
✅ Uploaded successfully: tatebayashi_stones_1906_1749840217859_xu46zq

📤 Uploading [1899/2577]: images/2078/IMG_2430.jpg
   📁 File size: 3006KB, Attempt: 1/3
✅ Uploaded successfully: tatebayashi_stones_1907_1749840223511_soenv

📤 Uploading [1900/2577]: images/2078/IMG_2433.jpg
   📁 File size: 3644KB, Attempt: 1/3
✅ Uploaded successfully: tatebayashi_stones_1908_1749840228629_wn68pk
💾 Progress saved (1887/2577 completed)

📤 Uploading [1901/2577]: images/2079/IMG_2434.jpg
   📁 File size: 5011KB, Attempt: 1/3
✅ Uploaded successfully: tatebayashi_stones_1909_1749840233776_m7qhjf

📤 Uploading [1902/2577]: images/2079/IMG_2435.jpg
   📁 File size: 5314KB, Attempt: 1/3
✅ Uploaded successfully: tatebayashi_stones_1910_1749840239062_rrkc9h

📤 Uploading [1903/2577]: images/111/IMG_2439.jpg
   📁 File size: 5491KB, Attempt: 1/3
✅ Uploaded successfully: tatebayashi_stones_1911_1749840243283_hmu9fs

📤 Uploading [1904/2577]: images/114/IMG_2440.jpg
   📁 File size: 5905KB, Attempt: 1/3
✅ Uploaded successfully: tatebayashi_stones_1912_1749840248337_qsp8w

📤 Uploading [1905/2577]: images/119/IMG_2441.jpg
   📁 File size: 5257KB, Attempt: 1/3
✅ Uploaded successfully: tatebayashi_stones_1913_1749840252956_0hhlpa
💾 Progress saved (1892/2577 completed)

📤 Uploading [1906/2577]: images/90/IMG_2437.jpg
   📁 File size: 4587KB, Attempt: 1/3
✅ Uploaded successfully: tatebayashi_stones_1914_1749840258127_7tsfug

📤 Uploading [1907/2577]: images/91/IMG_2438.jpg
   📁 File size: 4835KB, Attempt: 1/3
✅ Uploaded successfully: tatebayashi_stones_1915_1749840263016_nt4eu

📤 Uploading [1908/2577]: images/90/IMG_2442.jpg
   📁 File size: 5372KB, Attempt: 1/3
✅ Uploaded successfully: tatebayashi_stones_1916_1749840267624_ekq0xa

📤 Uploading [1909/2577]: images/91/IMG_2443.jpg
   📁 File size: 4046KB, Attempt: 1/3
✅ Uploaded successfully: tatebayashi_stones_1917_1749840273244_0o4jf

📤 Uploading [1910/2577]: images/2080/IMG_2444.jpg
   📁 File size: 4872KB, Attempt: 1/3
✅ Uploaded successfully: tatebayashi_stones_1918_1749840278093_b8tdb
💾 Progress saved (1897/2577 completed)

📤 Uploading [1911/2577]: images/2080/IMG_2445.jpg
   📁 File size: 4603KB, Attempt: 1/3
✅ Uploaded successfully: tatebayashi_stones_1919_1749840283858_08nt4w

📤 Uploading [1912/2577]: images/2080/IMG_2446.jpg
   📁 File size: 4842KB, Attempt: 1/3
✅ Uploaded successfully: tatebayashi_stones_1920_1749840287785_1s4xk

📤 Uploading [1913/2577]: images/2080/IMG_2447.jpg
   📁 File size: 4679KB, Attempt: 1/3
✅ Uploaded successfully: tatebayashi_stones_1921_1749840292001_c2y5h

📤 Uploading [1914/2577]: images/2081/IMG_2451.jpg
   📁 File size: 6166KB, Attempt: 1/3
✅ Uploaded successfully: tatebayashi_stones_1922_1749840296358_cs3hre

📤 Uploading [1915/2577]: images/890/IMG_6043.jpg
   📁 File size: 4850KB, Attempt: 1/3
✅ Uploaded successfully: tatebayashi_stones_1923_1749840301045_a7x45d
💾 Progress saved (1902/2577 completed)

📤 Uploading [1916/2577]: images/890/IMG_6045.jpg
   📁 File size: 4252KB, Attempt: 1/3
✅ Uploaded successfully: tatebayashi_stones_1924_1749840307110_82w36

📤 Uploading [1917/2577]: images/890/IMG_6046.jpg
   📁 File size: 4344KB, Attempt: 1/3
✅ Uploaded successfully: tatebayashi_stones_1925_1749840312738_mvb1pv

📤 Uploading [1918/2577]: images/761/IMG_6044.jpg
   📁 File size: 4797KB, Attempt: 1/3
✅ Uploaded successfully: tatebayashi_stones_1926_1749840317569_3rwgav

📤 Uploading [1919/2577]: images/761/IMG_6047.jpg
   📁 File size: 5319KB, Attempt: 1/3
✅ Uploaded successfully: tatebayashi_stones_1927_1749840323005_0c7wcra

📤 Uploading [1920/2577]: images/761/IMG_6048.jpg
   📁 File size: 4500KB, Attempt: 1/3
✅ Uploaded successfully: tatebayashi_stones_1928_1749840327944_e7f8w9
💾 Progress saved (1907/2577 completed)

📤 Uploading [1921/2577]: images/814/IMG_6049.jpg
   📁 File size: 4148KB, Attempt: 1/3
✅ Uploaded successfully: tatebayashi_stones_1929_1749840332475_emr3gd

📤 Uploading [1922/2577]: images/823/IMG_6050.jpg
   📁 File size: 3715KB, Attempt: 1/3
✅ Uploaded successfully: tatebayashi_stones_1930_1749840337535_vwq1lc

📤 Uploading [1923/2577]: images/823/IMG_6051.jpg
   📁 File size: 5128KB, Attempt: 1/3
✅ Uploaded successfully: tatebayashi_stones_1931_1749840342086_uj22kxg

📤 Uploading [1924/2577]: images/787/IMG_6052.jpg
   📁 File size: 3493KB, Attempt: 1/3
✅ Uploaded successfully: tatebayashi_stones_1932_1749840347354_8ws9w

📤 Uploading [1925/2577]: images/787/IMG_6053.jpg
   📁 File size: 5375KB, Attempt: 1/3
✅ Uploaded successfully: tatebayashi_stones_1933_1749840351671_ywb0io
💾 Progress saved (1912/2577 completed)

📤 Uploading [1926/2577]: images/787/IMG_6054.jpg
   📁 File size: 4123KB, Attempt: 1/3
✅ Uploaded successfully: tatebayashi_stones_1934_1749840356133_bb5c95a

📤 Uploading [1927/2577]: images/787/IMG_6055.jpg
   📁 File size: 5296KB, Attempt: 1/3
✅ Uploaded successfully: tatebayashi_stones_1935_1749840361713_35ao9k

📤 Uploading [1928/2577]: images/884/IMG_6056.jpg
   📁 File size: 2901KB, Attempt: 1/3
✅ Uploaded successfully: tatebayashi_stones_1936_1749840367403_ssw99

📤 Uploading [1929/2577]: images/884/IMG_6057.jpg
   📁 File size: 3727KB, Attempt: 1/3
✅ Uploaded successfully: tatebayashi_stones_1937_1749840371559_ob6vd

📤 Uploading [1930/2577]: images/868/IMG_6058.jpg
   📁 File size: 3333KB, Attempt: 1/3
✅ Uploaded successfully: tatebayashi_stones_1938_1749840376101_5nxlhcr
💾 Progress saved (1917/2577 completed)

📤 Uploading [1931/2577]: images/868/IMG_6059.jpg
   📁 File size: 4267KB, Attempt: 1/3
✅ Uploaded successfully: tatebayashi_stones_1939_1749840380388_a712ss

📤 Uploading [1932/2577]: images/868/IMG_6060.jpg
   📁 File size: 4766KB, Attempt: 1/3
✅ Uploaded successfully: tatebayashi_stones_1940_1749840384760_94z8mo

📤 Uploading [1933/2577]: images/868/IMG_6061.jpg
   📁 File size: 5161KB, Attempt: 1/3
✅ Uploaded successfully: tatebayashi_stones_1941_1749840390155_e1esvn

📤 Uploading [1934/2577]: images/868/IMG_6062.jpg
   📁 File size: 4975KB, Attempt: 1/3
✅ Uploaded successfully: tatebayashi_stones_1942_1749840395177_mh7mrk

📤 Uploading [1935/2577]: images/800/IMG_6063.jpg
   📁 File size: 4528KB, Attempt: 1/3
✅ Uploaded successfully: tatebayashi_stones_1943_1749840401521_56f15d
💾 Progress saved (1922/2577 completed)

📤 Uploading [1936/2577]: images/800/IMG_6064.jpg
   📁 File size: 5703KB, Attempt: 1/3
✅ Uploaded successfully: tatebayashi_stones_1944_1749840406503_9j2a6j

📤 Uploading [1937/2577]: images/800/IMG_6065.jpg
   📁 File size: 5474KB, Attempt: 1/3
✅ Uploaded successfully: tatebayashi_stones_1945_1749840412163_q1xbo

📤 Uploading [1938/2577]: images/742/IMG_6066.jpg
   📁 File size: 4875KB, Attempt: 1/3
✅ Uploaded successfully: tatebayashi_stones_1946_1749840417266_lb8kb7

📤 Uploading [1939/2577]: images/742/IMG_6067.jpg
   📁 File size: 3483KB, Attempt: 1/3
✅ Uploaded successfully: tatebayashi_stones_1947_1749840423044_g6ttmq

📤 Uploading [1940/2577]: images/742/IMG_6068.jpg
   📁 File size: 4524KB, Attempt: 1/3
✅ Uploaded successfully: tatebayashi_stones_1948_1749840427150_gc8nu9
💾 Progress saved (1927/2577 completed)

📤 Uploading [1941/2577]: images/1751/IMG_6069.jpg
   📁 File size: 4372KB, Attempt: 1/3
✅ Uploaded successfully: tatebayashi_stones_1949_1749840431811_u5u7y

📤 Uploading [1942/2577]: images/1751/IMG_6070.jpg
   📁 File size: 5566KB, Attempt: 1/3
✅ Uploaded successfully: tatebayashi_stones_1950_1749840436270_9p5qwq

📤 Uploading [1943/2577]: images/827/IMG_6073.jpg
   📁 File size: 5010KB, Attempt: 1/3
✅ Uploaded successfully: tatebayashi_stones_1951_1749840440888_q7e6x

📤 Uploading [1944/2577]: images/827/IMG_6074.jpg
   📁 File size: 4062KB, Attempt: 1/3
✅ Uploaded successfully: tatebayashi_stones_1952_1749840446576_nmqkfr

📤 Uploading [1945/2577]: images/827/IMG_6075.jpg
   📁 File size: 4159KB, Attempt: 1/3
✅ Uploaded successfully: tatebayashi_stones_1953_1749840453777_3gslmj
💾 Progress saved (1932/2577 completed)

📤 Uploading [1946/2577]: images/751/IMG_6077.jpg
   📁 File size: 3751KB, Attempt: 1/3
✅ Uploaded successfully: tatebayashi_stones_1954_1749840459046_fbz9to

📤 Uploading [1947/2577]: images/751/IMG_6078.jpg
   📁 File size: 4033KB, Attempt: 1/3
✅ Uploaded successfully: tatebayashi_stones_1955_1749840464207_tb2rli

📤 Uploading [1948/2577]: images/751/IMG_6079.jpg
   📁 File size: 3250KB, Attempt: 1/3
✅ Uploaded successfully: tatebayashi_stones_1956_1749840469585_8iazvs

📤 Uploading [1949/2577]: images/821/IMG_6080.jpg
   📁 File size: 4119KB, Attempt: 1/3
✅ Uploaded successfully: tatebayashi_stones_1957_1749840474010_o4shw6

📤 Uploading [1950/2577]: images/821/IMG_6082.jpg
   📁 File size: 5014KB, Attempt: 1/3
✅ Uploaded successfully: tatebayashi_stones_1958_1749840478211_cv7oyk
💾 Progress saved (1937/2577 completed)

📤 Uploading [1951/2577]: images/1715/IMG_6090.jpg
   📁 File size: 4425KB, Attempt: 1/3
✅ Uploaded successfully: tatebayashi_stones_1959_1749840483173_htd3va

📤 Uploading [1952/2577]: images/1715/IMG_6091.jpg
   📁 File size: 3387KB, Attempt: 1/3
✅ Uploaded successfully: tatebayashi_stones_1960_1749840489334_o82oe

📤 Uploading [1953/2577]: images/1716/IMG_6088.jpg
   📁 File size: 3407KB, Attempt: 1/3
✅ Uploaded successfully: tatebayashi_stones_1961_1749840493246_yycjbn

📤 Uploading [1954/2577]: images/2082/IMG_6093.jpg
   📁 File size: 5319KB, Attempt: 1/3
✅ Uploaded successfully: tatebayashi_stones_1962_1749840497858_1h0psc

📤 Uploading [1955/2577]: images/627/IMG_6098.jpg
   📁 File size: 3397KB, Attempt: 1/3
✅ Uploaded successfully: tatebayashi_stones_1963_1749840503807_5qsz38
💾 Progress saved (1942/2577 completed)

📤 Uploading [1956/2577]: images/627/IMG_6099.jpg
   📁 File size: 2491KB, Attempt: 1/3
✅ Uploaded successfully: tatebayashi_stones_1964_1749840508146_24rpx7

📤 Uploading [1957/2577]: images/627/IMG_6101.jpg
   📁 File size: 2027KB, Attempt: 1/3
✅ Uploaded successfully: tatebayashi_stones_1965_1749840513351_wb6f8q

📤 Uploading [1958/2577]: images/557/IMG_6102.jpg
   📁 File size: 1985KB, Attempt: 1/3
✅ Uploaded successfully: tatebayashi_stones_1966_1749840517736_fdckm

📤 Uploading [1959/2577]: images/645/IMG_6100.jpg
   📁 File size: 1544KB, Attempt: 1/3
✅ Uploaded successfully: tatebayashi_stones_1967_1749840521578_9tu8ja

📤 Uploading [1960/2577]: images/663/IMG_6103.jpg
   📁 File size: 1658KB, Attempt: 1/3
✅ Uploaded successfully: tatebayashi_stones_1968_1749840525398_2br3hb
💾 Progress saved (1947/2577 completed)

📤 Uploading [1961/2577]: images/580/IMG_6104.jpg
   📁 File size: 1358KB, Attempt: 1/3
✅ Uploaded successfully: tatebayashi_stones_1969_1749840529244_1oz0pk

📤 Uploading [1962/2577]: images/586/IMG_6109.jpg
   📁 File size: 5963KB, Attempt: 1/3
✅ Uploaded successfully: tatebayashi_stones_1970_1749840533313_vvgrw

📤 Uploading [1963/2577]: images/586/IMG_6110.jpg
   📁 File size: 4510KB, Attempt: 1/3
✅ Uploaded successfully: tatebayashi_stones_1971_1749840539333_enll9b

📤 Uploading [1964/2577]: images/711/IMG_6112.jpg
   📁 File size: 3178KB, Attempt: 1/3
✅ Uploaded successfully: tatebayashi_stones_1972_1749840543811_tae4wi

📤 Uploading [1965/2577]: images/711/IMG_6113.jpg
   📁 File size: 2067KB, Attempt: 1/3
✅ Uploaded successfully: tatebayashi_stones_1973_1749840548762_9gwfj
💾 Progress saved (1952/2577 completed)

📤 Uploading [1966/2577]: images/609/IMG_6117.jpg
   📁 File size: 5652KB, Attempt: 1/3
✅ Uploaded successfully: tatebayashi_stones_1974_1749840553659_nipt3e

📤 Uploading [1967/2577]: images/609/IMG_6118.jpg
   📁 File size: 5335KB, Attempt: 1/3
✅ Uploaded successfully: tatebayashi_stones_1975_1749840561798_1yo9ri

📤 Uploading [1968/2577]: images/609/IMG_6119.jpg
   📁 File size: 5371KB, Attempt: 1/3
✅ Uploaded successfully: tatebayashi_stones_1976_1749840568130_79by5t

📤 Uploading [1969/2577]: images/2083/IMG_6124.jpg
   📁 File size: 5707KB, Attempt: 1/3
✅ Uploaded successfully: tatebayashi_stones_1977_1749840574372_ucqwgf

📤 Uploading [1970/2577]: images/2084/IMG_6123.jpg
   📁 File size: 4567KB, Attempt: 1/3
✅ Uploaded successfully: tatebayashi_stones_1978_1749840579415_w365xg
💾 Progress saved (1957/2577 completed)

📤 Uploading [1971/2577]: images/2084/IMG_6125.jpg
   📁 File size: 3646KB, Attempt: 1/3
✅ Uploaded successfully: tatebayashi_stones_1979_1749840584896_29hftn

📤 Uploading [1972/2577]: images/661/IMG_6128.jpg
   📁 File size: 5506KB, Attempt: 1/3
✅ Uploaded successfully: tatebayashi_stones_1980_1749840590537_dr6z9e

📤 Uploading [1973/2577]: images/2085/IMG_6131.jpg
   📁 File size: 3957KB, Attempt: 1/3
✅ Uploaded successfully: tatebayashi_stones_1981_1749840595683_h4sh8

📤 Uploading [1974/2577]: images/2085/IMG_6132.jpg
   📁 File size: 3247KB, Attempt: 1/3
✅ Uploaded successfully: tatebayashi_stones_1982_1749840600486_gi86b

📤 Uploading [1975/2577]: images/2085/IMG_6133.jpg
   📁 File size: 3495KB, Attempt: 1/3
✅ Uploaded successfully: tatebayashi_stones_1983_1749840607071_qaytr
💾 Progress saved (1962/2577 completed)

📤 Uploading [1976/2577]: images/618/IMG_6135.jpg
   📁 File size: 5312KB, Attempt: 1/3
✅ Uploaded successfully: tatebayashi_stones_1984_1749840615811_546fs

📤 Uploading [1977/2577]: images/618/IMG_6136.jpg
   📁 File size: 2985KB, Attempt: 1/3
✅ Uploaded successfully: tatebayashi_stones_1985_1749840623956_mp2zs

📤 Uploading [1978/2577]: images/611/IMG_6140.jpg
   📁 File size: 5807KB, Attempt: 1/3
✅ Uploaded successfully: tatebayashi_stones_1986_1749840629348_ptzu4l

📤 Uploading [1979/2577]: images/611/IMG_6141.jpg
   📁 File size: 4504KB, Attempt: 1/3
✅ Uploaded successfully: tatebayashi_stones_1987_1749840635353_u0r6vj

📤 Uploading [1980/2577]: images/611/IMG_6142.jpg
   📁 File size: 4127KB, Attempt: 1/3
✅ Uploaded successfully: tatebayashi_stones_1988_1749840641118_fyhscq
💾 Progress saved (1967/2577 completed)

📤 Uploading [1981/2577]: images/600/IMG_6148.jpg
   📁 File size: 6556KB, Attempt: 1/3
✅ Uploaded successfully: tatebayashi_stones_1989_1749840646336_7w2qao

📤 Uploading [1982/2577]: images/600/IMG_6149.jpg
   📁 File size: 3381KB, Attempt: 1/3
✅ Uploaded successfully: tatebayashi_stones_1990_1749840654155_t34wuu

📤 Uploading [1983/2577]: images/616/IMG_6145.jpg
   📁 File size: 5730KB, Attempt: 1/3
✅ Uploaded successfully: tatebayashi_stones_1991_1749840659329_4hf6x

📤 Uploading [1984/2577]: images/616/IMG_6146.jpg
   📁 File size: 5411KB, Attempt: 1/3
✅ Uploaded successfully: tatebayashi_stones_1992_1749840667307_dkzwgg

📤 Uploading [1985/2577]: images/616/IMG_6147.jpg
   📁 File size: 3816KB, Attempt: 1/3
✅ Uploaded successfully: tatebayashi_stones_1993_1749840673587_5uu4e
💾 Progress saved (1972/2577 completed)

📤 Uploading [1986/2577]: images/596/IMG_6153.jpg
   📁 File size: 5794KB, Attempt: 1/3
✅ Uploaded successfully: tatebayashi_stones_1994_1749840679895_ip1x6

📤 Uploading [1987/2577]: images/596/IMG_6154.jpg
   📁 File size: 5128KB, Attempt: 1/3
✅ Uploaded successfully: tatebayashi_stones_1995_1749840688279_j13a9

📤 Uploading [1988/2577]: images/660/IMG_6155.jpg
   📁 File size: 5781KB, Attempt: 1/3
✅ Uploaded successfully: tatebayashi_stones_1996_1749840694210_aise9

📤 Uploading [1989/2577]: images/2086/IMG_6166.jpg
   📁 File size: 4932KB, Attempt: 1/3
✅ Uploaded successfully: tatebayashi_stones_1997_1749840700305_nswgd0h

📤 Uploading [1990/2577]: images/2086/IMG_6167.jpg
   📁 File size: 5033KB, Attempt: 1/3
✅ Uploaded successfully: tatebayashi_stones_1998_1749840705718_44rlxo
💾 Progress saved (1977/2577 completed)

📤 Uploading [1991/2577]: images/2086/IMG_6168.jpg
   📁 File size: 4144KB, Attempt: 1/3
✅ Uploaded successfully: tatebayashi_stones_1999_1749840712019_5bj52v

📤 Uploading [1992/2577]: images/2087/IMG_6169.jpg
   📁 File size: 5018KB, Attempt: 1/3
✅ Uploaded successfully: tatebayashi_stones_2000_1749840717105_05p1f

📤 Uploading [1993/2577]: images/2087/IMG_6170.jpg
   📁 File size: 4491KB, Attempt: 1/3
✅ Uploaded successfully: tatebayashi_stones_2001_1749840722003_ipkgvb

📤 Uploading [1994/2577]: images/2087/IMG_6171.jpg
   📁 File size: 5192KB, Attempt: 1/3
✅ Uploaded successfully: tatebayashi_stones_2002_1749840727326_m77yo2

📤 Uploading [1995/2577]: images/556/IMG_6176.jpg
   📁 File size: 4526KB, Attempt: 1/3
✅ Uploaded successfully: tatebayashi_stones_2003_1749840734021_v3yop7
💾 Progress saved (1982/2577 completed)

📤 Uploading [1996/2577]: images/594/IMG_6178.jpg
   📁 File size: 5073KB, Attempt: 1/3
✅ Uploaded successfully: tatebayashi_stones_2004_1749840739348_zyu09o

📤 Uploading [1997/2577]: images/594/IMG_6179.jpg
   📁 File size: 5148KB, Attempt: 1/3
✅ Uploaded successfully: tatebayashi_stones_2005_1749840744834_h8awza

📤 Uploading [1998/2577]: images/2088/IMG_6194.jpg
   📁 File size: 3918KB, Attempt: 1/3
✅ Uploaded successfully: tatebayashi_stones_2006_1749840749779_aln8ib

📤 Uploading [1999/2577]: images/2088/IMG_6203.jpg
   📁 File size: 4689KB, Attempt: 1/3
✅ Uploaded successfully: tatebayashi_stones_2007_1749840754371_5jjg5d

📤 Uploading [2000/2577]: images/2089/IMG_6195.jpg
   📁 File size: 5656KB, Attempt: 1/3
✅ Uploaded successfully: tatebayashi_stones_2008_1749840759165_imnz7a
💾 Progress saved (1987/2577 completed)

📤 Uploading [2001/2577]: images/2090/IMG_6196.jpg
   📁 File size: 5359KB, Attempt: 1/3
✅ Uploaded successfully: tatebayashi_stones_2009_1749840764474_3vwyug

📤 Uploading [2002/2577]: images/2090/IMG_6201.jpg
   📁 File size: 3809KB, Attempt: 1/3
✅ Uploaded successfully: tatebayashi_stones_2010_1749840770506_o31e2k

📤 Uploading [2003/2577]: images/2090/IMG_6202.jpg
   📁 File size: 4955KB, Attempt: 1/3
✅ Uploaded successfully: tatebayashi_stones_2011_1749840777177_mkzzja

📤 Uploading [2004/2577]: images/2091/IMG_6197.jpg
   📁 File size: 6944KB, Attempt: 1/3
✅ Uploaded successfully: tatebayashi_stones_2012_1749840783178_cwioha

📤 Uploading [2005/2577]: images/2091/IMG_6199.jpg
   📁 File size: 5503KB, Attempt: 1/3
✅ Uploaded successfully: tatebayashi_stones_2013_1749840789409_9g0en
💾 Progress saved (1992/2577 completed)

📤 Uploading [2006/2577]: images/2091/IMG_6200.jpg
   📁 File size: 4314KB, Attempt: 1/3
✅ Uploaded successfully: tatebayashi_stones_2014_1749840794623_mxr7b5

📤 Uploading [2007/2577]: images/1704/IMG_6204.jpg
   📁 File size: 3225KB, Attempt: 1/3
✅ Uploaded successfully: tatebayashi_stones_2015_1749840799648_95enuw

📤 Uploading [2008/2577]: images/1704/IMG_6205.jpg
   📁 File size: 5144KB, Attempt: 1/3
✅ Uploaded successfully: tatebayashi_stones_2016_1749840804124_8g3sx

📤 Uploading [2009/2577]: images/1702/IMG_6206.jpg
   📁 File size: 3161KB, Attempt: 1/3
✅ Uploaded successfully: tatebayashi_stones_2017_1749840808987_20b84v

📤 Uploading [2010/2577]: images/1702/IMG_6211.jpg
   📁 File size: 3702KB, Attempt: 1/3
✅ Uploaded successfully: tatebayashi_stones_2018_1749840814165_2e3n9uv
💾 Progress saved (1997/2577 completed)

📤 Uploading [2011/2577]: images/1703/IMG_6207.jpg
   📁 File size: 4053KB, Attempt: 1/3
✅ Uploaded successfully: tatebayashi_stones_2019_1749840819690_uotl56

📤 Uploading [2012/2577]: images/1703/IMG_6209.jpg
   📁 File size: 3815KB, Attempt: 1/3
✅ Uploaded successfully: tatebayashi_stones_2020_1749840824554_jc3t1d

📤 Uploading [2013/2577]: images/1701/IMG_6208.jpg
   📁 File size: 4233KB, Attempt: 1/3
✅ Uploaded successfully: tatebayashi_stones_2021_1749840829245_793vvq

📤 Uploading [2014/2577]: images/1701/IMG_6210.jpg
   📁 File size: 4245KB, Attempt: 1/3
✅ Uploaded successfully: tatebayashi_stones_2022_1749840834063_0bhdx

📤 Uploading [2015/2577]: images/713/IMG_6214.jpg
   📁 File size: 4410KB, Attempt: 1/3
✅ Uploaded successfully: tatebayashi_stones_2023_1749840840273_f2nxwo
💾 Progress saved (2002/2577 completed)

📤 Uploading [2016/2577]: images/713/IMG_6215.jpg
   📁 File size: 4912KB, Attempt: 1/3
✅ Uploaded successfully: tatebayashi_stones_2024_1749840846360_s4qy1d

📤 Uploading [2017/2577]: images/713/IMG_6216.jpg
   📁 File size: 4805KB, Attempt: 1/3
✅ Uploaded successfully: tatebayashi_stones_2025_1749840854994_e8tko

📤 Uploading [2018/2577]: images/707/IMG_6217.jpg
   📁 File size: 5040KB, Attempt: 1/3
✅ Uploaded successfully: tatebayashi_stones_2026_1749840861717_bcb3wi

📤 Uploading [2019/2577]: images/707/IMG_6218.jpg
   📁 File size: 4627KB, Attempt: 1/3
✅ Uploaded successfully: tatebayashi_stones_2027_1749840866659_1fk97i

📤 Uploading [2020/2577]: images/707/IMG_6219.jpg
   📁 File size: 4300KB, Attempt: 1/3
✅ Uploaded successfully: tatebayashi_stones_2028_1749840872220_a5rcuk
💾 Progress saved (2007/2577 completed)

📤 Uploading [2021/2577]: images/2092/IMG_6221.jpg
   📁 File size: 4491KB, Attempt: 1/3
✅ Uploaded successfully: tatebayashi_stones_2029_1749840876886_p8uk97

📤 Uploading [2022/2577]: images/2092/IMG_6223.jpg
   📁 File size: 4896KB, Attempt: 1/3
✅ Uploaded successfully: tatebayashi_stones_2030_1749840881942_8903fh

📤 Uploading [2023/2577]: images/2093/IMG_6220.jpg
   📁 File size: 5602KB, Attempt: 1/3
✅ Uploaded successfully: tatebayashi_stones_2031_1749840887663_vlfluo

📤 Uploading [2024/2577]: images/732/IMG_6272.jpg
   📁 File size: 4966KB, Attempt: 1/3
✅ Uploaded successfully: tatebayashi_stones_2032_1749840892315_zrsgob

📤 Uploading [2025/2577]: images/732/IMG_6273.jpg
   📁 File size: 4978KB, Attempt: 1/3
✅ Uploaded successfully: tatebayashi_stones_2033_1749840897296_bra59k
💾 Progress saved (2012/2577 completed)

📤 Uploading [2026/2577]: images/732/IMG_6275.jpg
   📁 File size: 6146KB, Attempt: 1/3
✅ Uploaded successfully: tatebayashi_stones_2034_1749840901719_t00a8

📤 Uploading [2027/2577]: images/732/IMG_6276.jpg
   📁 File size: 5237KB, Attempt: 1/3
✅ Uploaded successfully: tatebayashi_stones_2035_1749840908330_sybarr

📤 Uploading [2028/2577]: images/1731/IMG_6278.jpg
   📁 File size: 4889KB, Attempt: 1/3
✅ Uploaded successfully: tatebayashi_stones_2036_1749840914305_oyujw

📤 Uploading [2029/2577]: images/1731/IMG_6279.jpg
   📁 File size: 4124KB, Attempt: 1/3
✅ Uploaded successfully: tatebayashi_stones_2037_1749840919928_csppi8

📤 Uploading [2030/2577]: images/1578/IMG_6283.jpg
   📁 File size: 5555KB, Attempt: 1/3
✅ Uploaded successfully: tatebayashi_stones_2038_1749840925044_xq5m1j
💾 Progress saved (2017/2577 completed)

📤 Uploading [2031/2577]: images/889/IMG_6295.jpg
   📁 File size: 5854KB, Attempt: 1/3
✅ Uploaded successfully: tatebayashi_stones_2039_1749840931628_i4ya1

📤 Uploading [2032/2577]: images/889/IMG_6296.jpg
   📁 File size: 4093KB, Attempt: 1/3
✅ Uploaded successfully: tatebayashi_stones_2040_1749840941263_1gx2ed

📤 Uploading [2033/2577]: images/889/IMG_6297.jpg
   📁 File size: 4251KB, Attempt: 1/3
✅ Uploaded successfully: tatebayashi_stones_2041_1749840946731_gr47a

📤 Uploading [2034/2577]: images/755/IMG_6309.jpg
   📁 File size: 5021KB, Attempt: 1/3
✅ Uploaded successfully: tatebayashi_stones_2042_1749840952511_g1fpr

📤 Uploading [2035/2577]: images/759/IMG_6304.jpg
   📁 File size: 4378KB, Attempt: 1/3
✅ Uploaded successfully: tatebayashi_stones_2043_1749840957695_g239lm
💾 Progress saved (2022/2577 completed)

📤 Uploading [2036/2577]: images/763/IMG_6300.jpg
   📁 File size: 4595KB, Attempt: 1/3
✅ Uploaded successfully: tatebayashi_stones_2044_1749840962693_wxl4t

📤 Uploading [2037/2577]: images/768/IMG_6302.jpg
   📁 File size: 4883KB, Attempt: 1/3
✅ Uploaded successfully: tatebayashi_stones_2045_1749840969337_tnp59m

📤 Uploading [2038/2577]: images/770/IMG_6306.jpg
   📁 File size: 4848KB, Attempt: 1/3
✅ Uploaded successfully: tatebayashi_stones_2046_1749840974338_z9vhgo

📤 Uploading [2039/2577]: images/764/IMG_6311.jpg
   📁 File size: 4169KB, Attempt: 1/3
✅ Uploaded successfully: tatebayashi_stones_2047_1749840979175_uwr1ya

📤 Uploading [2040/2577]: images/764/IMG_6312.jpg
   📁 File size: 3811KB, Attempt: 1/3
✅ Uploaded successfully: tatebayashi_stones_2048_1749840983893_291why
💾 Progress saved (2027/2577 completed)

📤 Uploading [2041/2577]: images/2095/IMG_6314.jpg
   📁 File size: 5389KB, Attempt: 1/3
✅ Uploaded successfully: tatebayashi_stones_2049_1749840988572_90nr8g

📤 Uploading [2042/2577]: images/771/IMG_6315.jpg
   📁 File size: 4210KB, Attempt: 1/3
✅ Uploaded successfully: tatebayashi_stones_2050_1749840993865_wz52z5

📤 Uploading [2043/2577]: images/771/IMG_6316.jpg
   📁 File size: 4171KB, Attempt: 1/3
✅ Uploaded successfully: tatebayashi_stones_2051_1749840997956_vun1t

📤 Uploading [2044/2577]: images/771/IMG_6317.jpg
   📁 File size: 4029KB, Attempt: 1/3
✅ Uploaded successfully: tatebayashi_stones_2052_1749841002281_umrg7

📤 Uploading [2045/2577]: images/779/IMG_6319.jpg
   📁 File size: 4211KB, Attempt: 1/3
✅ Uploaded successfully: tatebayashi_stones_2053_1749841006798_6xzrrd
💾 Progress saved (2032/2577 completed)

📤 Uploading [2046/2577]: images/779/IMG_6320.jpg
   📁 File size: 3923KB, Attempt: 1/3
✅ Uploaded successfully: tatebayashi_stones_2054_1749841012819_cyfkyc

📤 Uploading [2047/2577]: images/779/IMG_6321.jpg
   📁 File size: 4225KB, Attempt: 1/3
✅ Uploaded successfully: tatebayashi_stones_2055_1749841018803_kk8gr

📤 Uploading [2048/2577]: images/805/IMG_6325.jpg
   📁 File size: 3611KB, Attempt: 1/3
✅ Uploaded successfully: tatebayashi_stones_2056_1749841023206_lpjvk

📤 Uploading [2049/2577]: images/805/IMG_6326.jpg
   📁 File size: 2747KB, Attempt: 1/3
✅ Uploaded successfully: tatebayashi_stones_2057_1749841028114_zwbkc7

📤 Uploading [2050/2577]: images/818/IMG_6323.jpg
   📁 File size: 4948KB, Attempt: 1/3
✅ Uploaded successfully: tatebayashi_stones_2058_1749841033365_q03ra
💾 Progress saved (2037/2577 completed)

📤 Uploading [2051/2577]: images/749/IMG_6328.jpg
   📁 File size: 3342KB, Attempt: 1/3
✅ Uploaded successfully: tatebayashi_stones_2059_1749841038108_e0c8bp

📤 Uploading [2052/2577]: images/749/IMG_6329.jpg
   📁 File size: 3329KB, Attempt: 1/3
✅ Uploaded successfully: tatebayashi_stones_2060_1749841043579_k0qdh

📤 Uploading [2053/2577]: images/749/IMG_6330.jpg
   📁 File size: 3279KB, Attempt: 1/3
✅ Uploaded successfully: tatebayashi_stones_2061_1749841048892_p42q6r

📤 Uploading [2054/2577]: images/749/IMG_6331.jpg
   📁 File size: 3477KB, Attempt: 1/3
✅ Uploaded successfully: tatebayashi_stones_2062_1749841053781_st4xaa

📤 Uploading [2055/2577]: images/749/IMG_6332.jpg
   📁 File size: 3474KB, Attempt: 1/3
✅ Uploaded successfully: tatebayashi_stones_2063_1749841058625_edh0y7
💾 Progress saved (2042/2577 completed)

📤 Uploading [2056/2577]: images/749/IMG_6333.jpg
   📁 File size: 3660KB, Attempt: 1/3
✅ Uploaded successfully: tatebayashi_stones_2064_1749841063854_ag3c0k

📤 Uploading [2057/2577]: images/749/IMG_6334.jpg
   📁 File size: 3178KB, Attempt: 1/3
✅ Uploaded successfully: tatebayashi_stones_2065_1749841070057_webolp

📤 Uploading [2058/2577]: images/749/IMG_6335.jpg
   📁 File size: 4387KB, Attempt: 1/3
✅ Uploaded successfully: tatebayashi_stones_2066_1749841073959_c2lmnl

📤 Uploading [2059/2577]: images/2096/IMG_6337.jpg
   📁 File size: 3400KB, Attempt: 1/3
✅ Uploaded successfully: tatebayashi_stones_2067_1749841079952_fxewvc

📤 Uploading [2060/2577]: images/2096/IMG_6338.jpg
   📁 File size: 5081KB, Attempt: 1/3
✅ Uploaded successfully: tatebayashi_stones_2068_1749841085298_pptp2i
💾 Progress saved (2047/2577 completed)

📤 Uploading [2061/2577]: images/2096/IMG_6339.jpg
   📁 File size: 3875KB, Attempt: 1/3
✅ Uploaded successfully: tatebayashi_stones_2069_1749841091799_t834mj

📤 Uploading [2062/2577]: images/2096/IMG_6340.jpg
   📁 File size: 4254KB, Attempt: 1/3
✅ Uploaded successfully: tatebayashi_stones_2070_1749841099492_6pfnpj

📤 Uploading [2063/2577]: images/2097/IMG_6341.jpg
   📁 File size: 3981KB, Attempt: 1/3
✅ Uploaded successfully: tatebayashi_stones_2071_1749841104876_srqje

📤 Uploading [2064/2577]: images/2097/IMG_6342.jpg
   📁 File size: 4112KB, Attempt: 1/3
✅ Uploaded successfully: tatebayashi_stones_2072_1749841109421_rqwhxs

📤 Uploading [2065/2577]: images/2097/IMG_6343.jpg
   📁 File size: 5769KB, Attempt: 1/3
✅ Uploaded successfully: tatebayashi_stones_2073_1749841114707_k39w34
💾 Progress saved (2052/2577 completed)

📤 Uploading [2066/2577]: images/738/IMG_6349.jpg
   📁 File size: 3434KB, Attempt: 1/3
✅ Uploaded successfully: tatebayashi_stones_2074_1749841121505_a8ghig

📤 Uploading [2067/2577]: images/738/IMG_6350.jpg
   📁 File size: 4459KB, Attempt: 1/3
✅ Uploaded successfully: tatebayashi_stones_2075_1749841125873_oa1me

📤 Uploading [2068/2577]: images/738/IMG_6351.jpg
   📁 File size: 4375KB, Attempt: 1/3
✅ Uploaded successfully: tatebayashi_stones_2076_1749841130101_1yojx5

📤 Uploading [2069/2577]: images/738/IMG_6352.jpg
   📁 File size: 4038KB, Attempt: 1/3
✅ Uploaded successfully: tatebayashi_stones_2077_1749841133871_xe2t0p

📤 Uploading [2070/2577]: images/796/IMG_6346.jpg
   📁 File size: 3656KB, Attempt: 1/3
✅ Uploaded successfully: tatebayashi_stones_2078_1749841140120_f7ydpk
💾 Progress saved (2057/2577 completed)

📤 Uploading [2071/2577]: images/796/IMG_6347.jpg
   📁 File size: 3681KB, Attempt: 1/3
✅ Uploaded successfully: tatebayashi_stones_2079_1749841145991_gsc4

📤 Uploading [2072/2577]: images/796/IMG_6348.jpg
   📁 File size: 3847KB, Attempt: 1/3
✅ Uploaded successfully: tatebayashi_stones_2080_1749841153213_13zjl5

📤 Uploading [2073/2577]: images/743/IMG_6354.jpg
   📁 File size: 5435KB, Attempt: 1/3
✅ Uploaded successfully: tatebayashi_stones_2081_1749841160910_fiiiic

📤 Uploading [2074/2577]: images/743/IMG_6355.jpg
   📁 File size: 5463KB, Attempt: 1/3
✅ Uploaded successfully: tatebayashi_stones_2082_1749841166216_5dscqp

📤 Uploading [2075/2577]: images/743/IMG_6356.jpg
   📁 File size: 5301KB, Attempt: 1/3
✅ Uploaded successfully: tatebayashi_stones_2083_1749841171466_pn4ycm
💾 Progress saved (2062/2577 completed)

📤 Uploading [2076/2577]: images/2098/IMG_6357.jpg
   📁 File size: 5381KB, Attempt: 1/3
✅ Uploaded successfully: tatebayashi_stones_2084_1749841176734_z0lwyj

📤 Uploading [2077/2577]: images/2099/IMG_6358.jpg
   📁 File size: 6070KB, Attempt: 1/3
✅ Uploaded successfully: tatebayashi_stones_2085_1749841184098_6yn79e

📤 Uploading [2078/2577]: images/1730/IMG_6360.jpg
   📁 File size: 5943KB, Attempt: 1/3
✅ Uploaded successfully: tatebayashi_stones_2086_1749841189754_ldzifo

📤 Uploading [2079/2577]: images/2100/IMG_6359.jpg
   📁 File size: 5162KB, Attempt: 1/3
✅ Uploaded successfully: tatebayashi_stones_2087_1749841196197_pj9wzi

📤 Uploading [2080/2577]: images/2101/IMG_6365.jpg
   📁 File size: 5236KB, Attempt: 1/3
✅ Uploaded successfully: tatebayashi_stones_2088_1749841201894_6tl71q
💾 Progress saved (2067/2577 completed)

📤 Uploading [2081/2577]: images/2101/IMG_6366.jpg
   📁 File size: 4922KB, Attempt: 1/3
✅ Uploaded successfully: tatebayashi_stones_2089_1749841209278_ab2jf6

📤 Uploading [2082/2577]: images/2101/IMG_6367.jpg
   📁 File size: 5021KB, Attempt: 1/3
✅ Uploaded successfully: tatebayashi_stones_2090_1749841216840_xlufj8

📤 Uploading [2083/2577]: images/1720/IMG_6383.jpg
   📁 File size: 5556KB, Attempt: 1/3
✅ Uploaded successfully: tatebayashi_stones_2091_1749841221328_vteyt

📤 Uploading [2084/2577]: images/1720/IMG_6384.jpg
   📁 File size: 5242KB, Attempt: 1/3
✅ Uploaded successfully: tatebayashi_stones_2092_1749841226184_5649a

📤 Uploading [2085/2577]: images/1721/IMG_6379.jpg
   📁 File size: 4991KB, Attempt: 1/3
✅ Uploaded successfully: tatebayashi_stones_2093_1749841231263_cbp8cd
💾 Progress saved (2072/2577 completed)

📤 Uploading [2086/2577]: images/1721/IMG_6380.jpg
   📁 File size: 4701KB, Attempt: 1/3
✅ Uploaded successfully: tatebayashi_stones_2094_1749841237299_61jqwj

📤 Uploading [2087/2577]: images/834/IMG_6387.jpg
   📁 File size: 4594KB, Attempt: 1/3
✅ Uploaded successfully: tatebayashi_stones_2095_1749841243706_0zt52j

📤 Uploading [2088/2577]: images/2102/IMG_6386.jpg
   📁 File size: 4259KB, Attempt: 1/3
✅ Uploaded successfully: tatebayashi_stones_2096_1749841248370_2e8dfm

📤 Uploading [2089/2577]: images/2103/IMG_6388.jpg
   📁 File size: 5094KB, Attempt: 1/3
✅ Uploaded successfully: tatebayashi_stones_2097_1749841253195_k0513r

📤 Uploading [2090/2577]: images/2103/IMG_6392.jpg
   📁 File size: 6443KB, Attempt: 1/3
✅ Uploaded successfully: tatebayashi_stones_2098_1749841258778_h7juw
💾 Progress saved (2077/2577 completed)

📤 Uploading [2091/2577]: images/2104/IMG_6389.jpg
   📁 File size: 4263KB, Attempt: 1/3
✅ Uploaded successfully: tatebayashi_stones_2099_1749841267202_retj2b

📤 Uploading [2092/2577]: images/2104/IMG_6390.jpg
   📁 File size: 4572KB, Attempt: 1/3
✅ Uploaded successfully: tatebayashi_stones_2100_1749841274453_2a764t

📤 Uploading [2093/2577]: images/2104/IMG_6391.jpg
   📁 File size: 5045KB, Attempt: 1/3
✅ Uploaded successfully: tatebayashi_stones_2101_1749841280539_1vdzkr

📤 Uploading [2094/2577]: images/753/IMG_6399.jpg
   📁 File size: 3940KB, Attempt: 1/3
✅ Uploaded successfully: tatebayashi_stones_2102_1749841285220_lbnzva

📤 Uploading [2095/2577]: images/2105/IMG_6400.jpg
   📁 File size: 5274KB, Attempt: 1/3
✅ Uploaded successfully: tatebayashi_stones_2103_1749841290279_pjdjv
💾 Progress saved (2082/2577 completed)

📤 Uploading [2096/2577]: images/760/IMG_6406.jpg
   📁 File size: 4260KB, Attempt: 1/3
✅ Uploaded successfully: tatebayashi_stones_2104_1749841295524_23m05o

📤 Uploading [2097/2577]: images/1732/IMG_6525.jpg
   📁 File size: 3479KB, Attempt: 1/3
✅ Uploaded successfully: tatebayashi_stones_2105_1749841299990_ia73u6

📤 Uploading [2098/2577]: images/795/IMG_6500.jpg
   📁 File size: 4447KB, Attempt: 1/3
✅ Uploaded successfully: tatebayashi_stones_2106_1749841304540_bh9rl

📤 Uploading [2099/2577]: images/795/IMG_6501.jpg
   📁 File size: 3280KB, Attempt: 1/3
✅ Uploaded successfully: tatebayashi_stones_2107_1749841308772_7s3yvl

📤 Uploading [2100/2577]: images/798/IMG_6488.jpg
   📁 File size: 4376KB, Attempt: 1/3
✅ Uploaded successfully: tatebayashi_stones_2108_1749841313530_2ptefg
💾 Progress saved (2087/2577 completed)

📤 Uploading [2101/2577]: images/798/IMG_6489.jpg
   📁 File size: 5153KB, Attempt: 1/3
✅ Uploaded successfully: tatebayashi_stones_2109_1749841318572_od6cl

📤 Uploading [2102/2577]: images/798/IMG_6490.jpg
   📁 File size: 6324KB, Attempt: 1/3
✅ Uploaded successfully: tatebayashi_stones_2110_1749841325654_rrn81a

📤 Uploading [2103/2577]: images/798/IMG_6491.jpg
   📁 File size: 4318KB, Attempt: 1/3
✅ Uploaded successfully: tatebayashi_stones_2111_1749841332569_p9n9ui

📤 Uploading [2104/2577]: images/798/IMG_6492.jpg
   📁 File size: 6409KB, Attempt: 1/3
✅ Uploaded successfully: tatebayashi_stones_2112_1749841338903_cljdxb

📤 Uploading [2105/2577]: images/865/IMG_6504.jpg
   📁 File size: 4865KB, Attempt: 1/3
✅ Uploaded successfully: tatebayashi_stones_2113_1749841344599_gwun47
💾 Progress saved (2092/2577 completed)

📤 Uploading [2106/2577]: images/865/IMG_6505.jpg
   📁 File size: 4533KB, Attempt: 1/3
✅ Uploaded successfully: tatebayashi_stones_2114_1749841351423_ygnhlf

📤 Uploading [2107/2577]: images/865/IMG_6506.jpg
   📁 File size: 3938KB, Attempt: 1/3
✅ Uploaded successfully: tatebayashi_stones_2115_1749841355733_eulg1c

📤 Uploading [2108/2577]: images/865/IMG_6507.jpg
   📁 File size: 4097KB, Attempt: 1/3
✅ Uploaded successfully: tatebayashi_stones_2116_1749841360333_qstpvq

📤 Uploading [2109/2577]: images/865/IMG_6508.jpg
   📁 File size: 4895KB, Attempt: 1/3
✅ Uploaded successfully: tatebayashi_stones_2117_1749841364861_5uq3qo

📤 Uploading [2110/2577]: images/865/IMG_6509.jpg
   📁 File size: 4943KB, Attempt: 1/3
✅ Uploaded successfully: tatebayashi_stones_2118_1749841369497_jmi8t
💾 Progress saved (2097/2577 completed)

📤 Uploading [2111/2577]: images/865/IMG_6510.jpg
   📁 File size: 5438KB, Attempt: 1/3
✅ Uploaded successfully: tatebayashi_stones_2119_1749841375419_ml2mga

📤 Uploading [2112/2577]: images/865/IMG_6511.jpg
   📁 File size: 5138KB, Attempt: 1/3
✅ Uploaded successfully: tatebayashi_stones_2120_1749841383862_apdvx

📤 Uploading [2113/2577]: images/894/IMG_6514.jpg
   📁 File size: 4025KB, Attempt: 1/3
✅ Uploaded successfully: tatebayashi_stones_2121_1749841389987_nhey4

📤 Uploading [2114/2577]: images/894/IMG_6515.jpg
   📁 File size: 4677KB, Attempt: 1/3
✅ Uploaded successfully: tatebayashi_stones_2122_1749841395186_bv25yo

📤 Uploading [2115/2577]: images/894/IMG_6518.jpg
   📁 File size: 6511KB, Attempt: 1/3
✅ Uploaded successfully: tatebayashi_stones_2123_1749841400700_g2tnxa
💾 Progress saved (2102/2577 completed)

📤 Uploading [2116/2577]: images/84/IMG_2460.jpg
   📁 File size: 5492KB, Attempt: 1/3
✅ Uploaded successfully: tatebayashi_stones_2124_1749841406413_jl8b3a

📤 Uploading [2117/2577]: images/84/IMG_2461.jpg
   📁 File size: 5014KB, Attempt: 1/3
✅ Uploaded successfully: tatebayashi_stones_2125_1749841412305_5vdx5

📤 Uploading [2118/2577]: images/83/IMG_2462.jpg
   📁 File size: 5863KB, Attempt: 1/3
✅ Uploaded successfully: tatebayashi_stones_2126_1749841417682_xwrf6p

📤 Uploading [2119/2577]: images/83/IMG_2463.jpg
   📁 File size: 5200KB, Attempt: 1/3
✅ Uploaded successfully: tatebayashi_stones_2127_1749841423515_9kzdcd

📤 Uploading [2120/2577]: images/183/IMG_2465.jpg
   📁 File size: 5501KB, Attempt: 1/3
✅ Uploaded successfully: tatebayashi_stones_2128_1749841428233_2flvij
💾 Progress saved (2107/2577 completed)

📤 Uploading [2121/2577]: images/124/IMG_2468.jpg
   📁 File size: 6444KB, Attempt: 1/3
✅ Uploaded successfully: tatebayashi_stones_2129_1749841436729_m0yzf

📤 Uploading [2122/2577]: images/124/IMG_2469.jpg
   📁 File size: 5542KB, Attempt: 1/3
✅ Uploaded successfully: tatebayashi_stones_2130_1749841445647_04rtzu

📤 Uploading [2123/2577]: images/123/IMG_2470.jpg
   📁 File size: 5698KB, Attempt: 1/3
✅ Uploaded successfully: tatebayashi_stones_2131_1749841451476_sn7acc

📤 Uploading [2124/2577]: images/123/IMG_2471.jpg
   📁 File size: 5466KB, Attempt: 1/3
✅ Uploaded successfully: tatebayashi_stones_2132_1749841456805_0tzf47s

📤 Uploading [2125/2577]: images/2106/IMG_2475.jpg
   📁 File size: 5912KB, Attempt: 1/3
✅ Uploaded successfully: tatebayashi_stones_2133_1749841461704_da7no6
💾 Progress saved (2112/2577 completed)

📤 Uploading [2126/2577]: images/2106/IMG_2480.jpg
   📁 File size: 4156KB, Attempt: 1/3
✅ Uploaded successfully: tatebayashi_stones_2134_1749841466877_qaev4r

📤 Uploading [2127/2577]: images/2106/no261.jpg
   📁 File size: 4014KB, Attempt: 1/3
✅ Uploaded successfully: tatebayashi_stones_2135_1749841472362_nbftj

📤 Uploading [2128/2577]: images/261/IMG_2474.jpg
   📁 File size: 5401KB, Attempt: 1/3
✅ Uploaded successfully: tatebayashi_stones_2136_1749841476881_0ywhjw

📤 Uploading [2129/2577]: images/261/IMG_2479.jpg
   📁 File size: 5467KB, Attempt: 1/3
✅ Uploaded successfully: tatebayashi_stones_2137_1749841483323_m46jg5

📤 Uploading [2130/2577]: images/102/IMG_2476.jpg
   📁 File size: 6312KB, Attempt: 1/3
✅ Uploaded successfully: tatebayashi_stones_2138_1749841489090_kfgpth
💾 Progress saved (2117/2577 completed)

📤 Uploading [2131/2577]: images/81/IMG_2477.jpg
   📁 File size: 5576KB, Attempt: 1/3
✅ Uploaded successfully: tatebayashi_stones_2139_1749841494767_5mk1fi

📤 Uploading [2132/2577]: images/81/IMG_2478.jpg
   📁 File size: 5967KB, Attempt: 1/3
✅ Uploaded successfully: tatebayashi_stones_2140_1749841502417_hht3jw

📤 Uploading [2133/2577]: images/2107/IMG_2481.jpg
   📁 File size: 3543KB, Attempt: 1/3
✅ Uploaded successfully: tatebayashi_stones_2141_1749841508584_2n7rs

📤 Uploading [2134/2577]: images/2107/IMG_2482.jpg
   📁 File size: 3463KB, Attempt: 1/3
✅ Uploaded successfully: tatebayashi_stones_2142_1749841513535_u128w

📤 Uploading [2135/2577]: images/2107/no203.jpg
   📁 File size: 3308KB, Attempt: 1/3
✅ Uploaded successfully: tatebayashi_stones_2143_1749841518160_3rnugu
💾 Progress saved (2122/2577 completed)

📤 Uploading [2136/2577]: images/2108/no77.jpg
   📁 File size: 4406KB, Attempt: 1/3
✅ Uploaded successfully: tatebayashi_stones_2144_1749841523639_7w1aq7

📤 Uploading [2137/2577]: images/2108/IMG_2493.jpg
   📁 File size: 6006KB, Attempt: 1/3
✅ Uploaded successfully: tatebayashi_stones_2145_1749841529200_sy5nap

📤 Uploading [2138/2577]: images/77/IMG_2495.jpg
   📁 File size: 2198KB, Attempt: 1/3
✅ Uploaded successfully: tatebayashi_stones_2146_1749841534348_anvjw9

📤 Uploading [2139/2577]: images/77/IMG_2496.jpg
   📁 File size: 2293KB, Attempt: 1/3
✅ Uploaded successfully: tatebayashi_stones_2147_1749841538311_kodpzv

📤 Uploading [2140/2577]: images/2109/IMG_2497.jpg
   📁 File size: 5151KB, Attempt: 1/3
✅ Uploaded successfully: tatebayashi_stones_2148_1749841542961_2dlcjgn
💾 Progress saved (2127/2577 completed)

📤 Uploading [2141/2577]: images/2109/IMG_2498.jpg
   📁 File size: 3476KB, Attempt: 1/3
✅ Uploaded successfully: tatebayashi_stones_2149_1749841548848_dntehg

📤 Uploading [2142/2577]: images/2109/IMG_2499.jpg
   📁 File size: 3396KB, Attempt: 1/3
✅ Uploaded successfully: tatebayashi_stones_2150_1749841554658_ofcpn

📤 Uploading [2143/2577]: images/2109/IMG_2500.jpg
   📁 File size: 4207KB, Attempt: 1/3
✅ Uploaded successfully: tatebayashi_stones_2151_1749841558719_4i6u8h

📤 Uploading [2144/2577]: images/2109/IMG_2501.jpg
   📁 File size: 5113KB, Attempt: 1/3
✅ Uploaded successfully: tatebayashi_stones_2152_1749841563682_qxdnbi

📤 Uploading [2145/2577]: images/2110/IMG_2503.jpg
   📁 File size: 2987KB, Attempt: 1/3
✅ Uploaded successfully: tatebayashi_stones_2153_1749841568921_iytx2s
💾 Progress saved (2132/2577 completed)

📤 Uploading [2146/2577]: images/2110/IMG_2504.jpg
   📁 File size: 4785KB, Attempt: 1/3
✅ Uploaded successfully: tatebayashi_stones_2154_1749841574494_0c3yy06

📤 Uploading [2147/2577]: images/2110/IMG_2505.jpg
   📁 File size: 2501KB, Attempt: 1/3
✅ Uploaded successfully: tatebayashi_stones_2155_1749841581716_fo4n01

📤 Uploading [2148/2577]: images/2110/IMG_2506.jpg
   📁 File size: 4411KB, Attempt: 1/3
✅ Uploaded successfully: tatebayashi_stones_2156_1749841585244_0vvbmi

📤 Uploading [2149/2577]: images/2111/IMG_2485.jpg
   📁 File size: 3760KB, Attempt: 1/3
✅ Uploaded successfully: tatebayashi_stones_2157_1749841590215_hj93gbi

📤 Uploading [2150/2577]: images/2111/IMG_2486.jpg
   📁 File size: 3332KB, Attempt: 1/3
✅ Uploaded successfully: tatebayashi_stones_2158_1749841594461_aysanv
💾 Progress saved (2137/2577 completed)

📤 Uploading [2151/2577]: images/2111/IMG_2487.jpg
   📁 File size: 3843KB, Attempt: 1/3
✅ Uploaded successfully: tatebayashi_stones_2159_1749841599198_iezm38

📤 Uploading [2152/2577]: images/2111/IMG_2488.jpg
   📁 File size: 4162KB, Attempt: 1/3
✅ Uploaded successfully: tatebayashi_stones_2160_1749841605549_1p5wtf

📤 Uploading [2153/2577]: images/2111/IMG_2489.jpg
   📁 File size: 4130KB, Attempt: 1/3
✅ Uploaded successfully: tatebayashi_stones_2161_1749841609657_xwh1p

📤 Uploading [2154/2577]: images/2111/IMG_2490.jpg
   📁 File size: 4555KB, Attempt: 1/3
✅ Uploaded successfully: tatebayashi_stones_2162_1749841615184_5aswvj

📤 Uploading [2155/2577]: images/869/040.jpg
   📁 File size: 9960KB, Attempt: 1/3
✅ Uploaded successfully: tatebayashi_stones_2163_1749841620736_8jnao4
💾 Progress saved (2142/2577 completed)

📤 Uploading [2156/2577]: images/869/041.jpg
   📁 File size: 9472KB, Attempt: 1/3
   ⚠️  Attempt 1 failed: timeout of 120000ms exceeded
   ⏳ Retrying in 2 seconds...
   📁 File size: 9472KB, Attempt: 2/3
✅ Uploaded successfully: tatebayashi_stones_2164_1749841628882_9p260p

📤 Uploading [2157/2577]: images/238/048.jpg
   📁 File size: 8608KB, Attempt: 1/3
✅ Uploaded successfully: tatebayashi_stones_2165_1749841761655_be42g

📤 Uploading [2158/2577]: images/238/049.jpg
   📁 File size: 5627KB, Attempt: 1/3
✅ Uploaded successfully: tatebayashi_stones_2166_1749841768353_6iyim

📤 Uploading [2159/2577]: images/36/044.jpg
   📁 File size: 7403KB, Attempt: 1/3
✅ Uploaded successfully: tatebayashi_stones_2167_1749841774538_25l82

📤 Uploading [2160/2577]: images/36/045.jpg
   📁 File size: 4303KB, Attempt: 1/3
✅ Uploaded successfully: tatebayashi_stones_2168_1749841780400_odtean
💾 Progress saved (2147/2577 completed)

📤 Uploading [2161/2577]: images/2112/051.jpg
   📁 File size: 8243KB, Attempt: 1/3
✅ Uploaded successfully: tatebayashi_stones_2169_1749841785155_h55ylj

📤 Uploading [2162/2577]: images/2113/052.jpg
   📁 File size: 8997KB, Attempt: 1/3
✅ Uploaded successfully: tatebayashi_stones_2170_1749841791123_sltxe

📤 Uploading [2163/2577]: images/35/054.jpg
   📁 File size: 9148KB, Attempt: 1/3
✅ Uploaded successfully: tatebayashi_stones_2171_1749841798273_7kj0rp

📤 Uploading [2164/2577]: images/35/057.jpg
   📁 File size: 4978KB, Attempt: 1/3
✅ Uploaded successfully: tatebayashi_stones_2172_1749841805778_63l14s

📤 Uploading [2165/2577]: images/39/058.jpg
   📁 File size: 6000KB, Attempt: 1/3
✅ Uploaded successfully: tatebayashi_stones_2173_1749841810985_h8hncm
💾 Progress saved (2152/2577 completed)

📤 Uploading [2166/2577]: images/40/059.jpg
   📁 File size: 5167KB, Attempt: 1/3
✅ Uploaded successfully: tatebayashi_stones_2174_1749841816964_lpdlx9

📤 Uploading [2167/2577]: images/33/064.jpg
   📁 File size: 5802KB, Attempt: 1/3
✅ Uploaded successfully: tatebayashi_stones_2175_1749841822428_w2nysb

📤 Uploading [2168/2577]: images/34/068.jpg
   📁 File size: 4952KB, Attempt: 1/3
✅ Uploaded successfully: tatebayashi_stones_2176_1749841829394_atgknk

📤 Uploading [2169/2577]: images/34/072.jpg
   📁 File size: 5049KB, Attempt: 1/3
✅ Uploaded successfully: tatebayashi_stones_2177_1749841834273_sf5kp

📤 Uploading [2170/2577]: images/41/069.jpg
   📁 File size: 5385KB, Attempt: 1/3
✅ Uploaded successfully: tatebayashi_stones_2178_1749841839658_4pxdh8
💾 Progress saved (2157/2577 completed)

📤 Uploading [2171/2577]: images/37/076.jpg
   📁 File size: 5765KB, Attempt: 1/3
✅ Uploaded successfully: tatebayashi_stones_2179_1749841846304_6yeav

📤 Uploading [2172/2577]: images/37/077.jpg
   📁 File size: 5117KB, Attempt: 1/3
✅ Uploaded successfully: tatebayashi_stones_2180_1749841851673_iao91

📤 Uploading [2173/2577]: images/2114/080.jpg
   📁 File size: 9400KB, Attempt: 1/3
✅ Uploaded successfully: tatebayashi_stones_2181_1749841857214_stz1nr

📤 Uploading [2174/2577]: images/2114/081.jpg
   📁 File size: 7394KB, Attempt: 1/3
✅ Uploaded successfully: tatebayashi_stones_2182_1749841864634_hi1k9k

📤 Uploading [2175/2577]: images/38/100.jpg
   📁 File size: 6999KB, Attempt: 1/3
✅ Uploaded successfully: tatebayashi_stones_2183_1749841871427_aj8py
💾 Progress saved (2162/2577 completed)

📤 Uploading [2176/2577]: images/38/101.jpg
   📁 File size: 8768KB, Attempt: 1/3
✅ Uploaded successfully: tatebayashi_stones_2184_1749841878010_vhjud9

📤 Uploading [2177/2577]: images/870/IMG_3556.jpg
   📁 File size: 4991KB, Attempt: 1/3
✅ Uploaded successfully: tatebayashi_stones_2185_1749841885806_063mj

📤 Uploading [2178/2577]: images/870/IMG_3557.jpg
   📁 File size: 4857KB, Attempt: 1/3
✅ Uploaded successfully: tatebayashi_stones_2186_1749841891005_7fmivb

📤 Uploading [2179/2577]: images/870/IMG_3558.jpg
   📁 File size: 4146KB, Attempt: 1/3
✅ Uploaded successfully: tatebayashi_stones_2187_1749841896010_t1o61e

📤 Uploading [2180/2577]: images/2115/IMG_3553.jpg
   📁 File size: 5538KB, Attempt: 1/3
✅ Uploaded successfully: tatebayashi_stones_2188_1749841900774_hho4bq
💾 Progress saved (2167/2577 completed)

📤 Uploading [2181/2577]: images/2116/IMG_3561.jpg
   📁 File size: 3109KB, Attempt: 1/3
✅ Uploaded successfully: tatebayashi_stones_2189_1749841906358_1rcarb

📤 Uploading [2182/2577]: images/2116/IMG_3562.jpg
   📁 File size: 3763KB, Attempt: 1/3
✅ Uploaded successfully: tatebayashi_stones_2190_1749841911405_4mpcp

📤 Uploading [2183/2577]: images/748/IMG_6409.jpg
   📁 File size: 2911KB, Attempt: 1/3
✅ Uploaded successfully: tatebayashi_stones_2191_1749841916074_x0goj4

📤 Uploading [2184/2577]: images/748/IMG_6415.jpg
   📁 File size: 5267KB, Attempt: 1/3
✅ Uploaded successfully: tatebayashi_stones_2192_1749841920614_h3qpg

📤 Uploading [2185/2577]: images/748/IMG_6421.jpg
   📁 File size: 4517KB, Attempt: 1/3
✅ Uploaded successfully: tatebayashi_stones_2193_1749841925872_z2tshq
💾 Progress saved (2172/2577 completed)

📤 Uploading [2186/2577]: images/1829/IMG_6410.jpg
   📁 File size: 2745KB, Attempt: 1/3
✅ Uploaded successfully: tatebayashi_stones_2194_1749841931935_g0ng79

📤 Uploading [2187/2577]: images/1829/IMG_6416.jpg
   📁 File size: 4924KB, Attempt: 1/3
✅ Uploaded successfully: tatebayashi_stones_2195_1749841937200_iv7sgo

📤 Uploading [2188/2577]: images/1829/IMG_6422.jpg
   📁 File size: 4445KB, Attempt: 1/3
✅ Uploaded successfully: tatebayashi_stones_2196_1749841943492_oi0axo

📤 Uploading [2189/2577]: images/1830/IMG_6411.jpg
   📁 File size: 2789KB, Attempt: 1/3
✅ Uploaded successfully: tatebayashi_stones_2197_1749841948220_isub3h

📤 Uploading [2190/2577]: images/1830/IMG_6417.jpg
   📁 File size: 5319KB, Attempt: 1/3
✅ Uploaded successfully: tatebayashi_stones_2198_1749841953433_ewpd3n
💾 Progress saved (2177/2577 completed)

📤 Uploading [2191/2577]: images/1830/IMG_6423.jpg
   📁 File size: 4319KB, Attempt: 1/3
✅ Uploaded successfully: tatebayashi_stones_2199_1749841959531_6xw89o

📤 Uploading [2192/2577]: images/1831/IMG_6412.jpg
   📁 File size: 2811KB, Attempt: 1/3
✅ Uploaded successfully: tatebayashi_stones_2200_1749841965479_uq92ja

📤 Uploading [2193/2577]: images/1831/IMG_6418.jpg
   📁 File size: 5392KB, Attempt: 1/3
✅ Uploaded successfully: tatebayashi_stones_2201_1749841970300_toput7

📤 Uploading [2194/2577]: images/1831/IMG_6424.jpg
   📁 File size: 4245KB, Attempt: 1/3
✅ Uploaded successfully: tatebayashi_stones_2202_1749841976638_ehmtuh

📤 Uploading [2195/2577]: images/1832/IMG_6413.jpg
   📁 File size: 2956KB, Attempt: 1/3
✅ Uploaded successfully: tatebayashi_stones_2203_1749841983064_cx1wuf
💾 Progress saved (2182/2577 completed)

📤 Uploading [2196/2577]: images/1832/IMG_6419.jpg
   📁 File size: 5050KB, Attempt: 1/3
✅ Uploaded successfully: tatebayashi_stones_2204_1749841990293_lpqza

📤 Uploading [2197/2577]: images/1832/IMG_6425.jpg
   📁 File size: 4252KB, Attempt: 1/3
✅ Uploaded successfully: tatebayashi_stones_2205_1749842000708_4j25um

📤 Uploading [2198/2577]: images/1833/IMG_6414.jpg
   📁 File size: 2731KB, Attempt: 1/3
✅ Uploaded successfully: tatebayashi_stones_2206_1749842005567_9gejwvb

📤 Uploading [2199/2577]: images/1833/IMG_6420.jpg
   📁 File size: 5198KB, Attempt: 1/3
✅ Uploaded successfully: tatebayashi_stones_2207_1749842010736_lth04l

📤 Uploading [2200/2577]: images/1833/IMG_6426.jpg
   📁 File size: 4421KB, Attempt: 1/3
✅ Uploaded successfully: tatebayashi_stones_2208_1749842016221_w94yxs6
💾 Progress saved (2187/2577 completed)

📤 Uploading [2201/2577]: images/792/IMG_6435.jpg
   📁 File size: 4759KB, Attempt: 1/3
✅ Uploaded successfully: tatebayashi_stones_2209_1749842023003_pr58

📤 Uploading [2202/2577]: images/792/IMG_6436.jpg
   📁 File size: 6030KB, Attempt: 1/3
✅ Uploaded successfully: tatebayashi_stones_2210_1749842028945_29yrc8

📤 Uploading [2203/2577]: images/792/IMG_6437.jpg
   📁 File size: 5269KB, Attempt: 1/3
✅ Uploaded successfully: tatebayashi_stones_2211_1749842034660_t7zz4a

📤 Uploading [2204/2577]: images/792/IMG_6438.jpg
   📁 File size: 5101KB, Attempt: 1/3
✅ Uploaded successfully: tatebayashi_stones_2212_1749842039750_kn78yg

📤 Uploading [2205/2577]: images/2117/IMG_6428.jpg
   📁 File size: 4150KB, Attempt: 1/3
✅ Uploaded successfully: tatebayashi_stones_2213_1749842044633_ytrxdw
💾 Progress saved (2192/2577 completed)

📤 Uploading [2206/2577]: images/2117/IMG_6430.jpg
   📁 File size: 3507KB, Attempt: 1/3
✅ Uploaded successfully: tatebayashi_stones_2214_1749842051131_gxeo48

📤 Uploading [2207/2577]: images/2117/IMG_6431.jpg
   📁 File size: 5083KB, Attempt: 1/3
✅ Uploaded successfully: tatebayashi_stones_2215_1749842056531_csrvie

📤 Uploading [2208/2577]: images/2118/IMG_6432.jpg
   📁 File size: 5624KB, Attempt: 1/3
✅ Uploaded successfully: tatebayashi_stones_2216_1749842061972_4brckt

📤 Uploading [2209/2577]: images/2118/IMG_6433.jpg
   📁 File size: 6232KB, Attempt: 1/3
✅ Uploaded successfully: tatebayashi_stones_2217_1749842069587_ma6gn

📤 Uploading [2210/2577]: images/2119/IMG_6434.jpg
   📁 File size: 4976KB, Attempt: 1/3
✅ Uploaded successfully: tatebayashi_stones_2218_1749842075034_bnyiyv
💾 Progress saved (2197/2577 completed)

📤 Uploading [2211/2577]: images/866/IMG_6442.jpg
   📁 File size: 3667KB, Attempt: 1/3
✅ Uploaded successfully: tatebayashi_stones_2219_1749842079818_4kdfm

📤 Uploading [2212/2577]: images/866/IMG_6443.jpg
   📁 File size: 3355KB, Attempt: 1/3
✅ Uploaded successfully: tatebayashi_stones_2220_1749842088181_62zfgr

📤 Uploading [2213/2577]: images/866/IMG_6444.jpg
   📁 File size: 2918KB, Attempt: 1/3
✅ Uploaded successfully: tatebayashi_stones_2221_1749842092825_ex76up

📤 Uploading [2214/2577]: images/866/IMG_6445.jpg
   📁 File size: 2620KB, Attempt: 1/3
✅ Uploaded successfully: tatebayashi_stones_2222_1749842098220_o8uqb

📤 Uploading [2215/2577]: images/866/IMG_6446.jpg
   📁 File size: 4845KB, Attempt: 1/3
✅ Uploaded successfully: tatebayashi_stones_2223_1749842103382_qp0jnj
💾 Progress saved (2202/2577 completed)

📤 Uploading [2216/2577]: images/866/IMG_6447.jpg
   📁 File size: 4841KB, Attempt: 1/3
✅ Uploaded successfully: tatebayashi_stones_2224_1749842109623_2t964

📤 Uploading [2217/2577]: images/866/IMG_6448.jpg
   📁 File size: 5001KB, Attempt: 1/3
✅ Uploaded successfully: tatebayashi_stones_2225_1749842116752_vgvcc

📤 Uploading [2218/2577]: images/866/IMG_6449.jpg
   📁 File size: 4673KB, Attempt: 1/3
✅ Uploaded successfully: tatebayashi_stones_2226_1749842123575_zz4w4h

📤 Uploading [2219/2577]: images/2120/IMG_6439.jpg
   📁 File size: 4122KB, Attempt: 1/3
✅ Uploaded successfully: tatebayashi_stones_2227_1749842130828_7aw6ba

📤 Uploading [2220/2577]: images/1733/IMG_6450.jpg
   📁 File size: 3808KB, Attempt: 1/3
✅ Uploaded successfully: tatebayashi_stones_2228_1749842135467_0smhmp
💾 Progress saved (2207/2577 completed)

📤 Uploading [2221/2577]: images/1733/IMG_6453.jpg
   📁 File size: 3332KB, Attempt: 1/3
✅ Uploaded successfully: tatebayashi_stones_2229_1749842141884_v9eu2

📤 Uploading [2222/2577]: images/1734/IMG_6475.jpg
   📁 File size: 4978KB, Attempt: 1/3
✅ Uploaded successfully: tatebayashi_stones_2232_1749842146169_iulxp

📤 Uploading [2223/2577]: images/1734/IMG_6480.jpg
   📁 File size: 3478KB, Attempt: 1/3
✅ Uploaded successfully: tatebayashi_stones_2233_1749842151057_qkxk2s

📤 Uploading [2224/2577]: images/2121/IMG_6451.jpg
   📁 File size: 3915KB, Attempt: 1/3
✅ Uploaded successfully: tatebayashi_stones_2234_1749842155655_zb2uby8

📤 Uploading [2225/2577]: images/2121/IMG_6454.jpg
   📁 File size: 3950KB, Attempt: 1/3
✅ Uploaded successfully: tatebayashi_stones_2235_1749842160786_fu8flc
💾 Progress saved (2212/2577 completed)

📤 Uploading [2226/2577]: images/2122/IMG_6476.jpg
   📁 File size: 5304KB, Attempt: 1/3
✅ Uploaded successfully: tatebayashi_stones_2236_1749842166386_twohmd

📤 Uploading [2227/2577]: images/2122/IMG_6477.jpg
   📁 File size: 5680KB, Attempt: 1/3
✅ Uploaded successfully: tatebayashi_stones_2237_1749842175819_3xde28

📤 Uploading [2228/2577]: images/2122/IMG_6478.jpg
   📁 File size: 5488KB, Attempt: 1/3
✅ Uploaded successfully: tatebayashi_stones_2238_1749842181643_noc6ac

📤 Uploading [2229/2577]: images/2122/IMG_6479.jpg
   📁 File size: 3999KB, Attempt: 1/3
✅ Uploaded successfully: tatebayashi_stones_2239_1749842186934_lwulcm

📤 Uploading [2230/2577]: images/882/IMG_6457.jpg
   📁 File size: 5047KB, Attempt: 1/3
✅ Uploaded successfully: tatebayashi_stones_2240_1749842191073_63y49
💾 Progress saved (2217/2577 completed)

📤 Uploading [2231/2577]: images/882/IMG_6458.jpg
   📁 File size: 5827KB, Attempt: 1/3
✅ Uploaded successfully: tatebayashi_stones_2241_1749842196905_hzj7mr

📤 Uploading [2232/2577]: images/879/IMG_6465.jpg
   📁 File size: 4446KB, Attempt: 1/3
✅ Uploaded successfully: tatebayashi_stones_2242_1749842202443_i94zeq

📤 Uploading [2233/2577]: images/879/IMG_6466.jpg
   📁 File size: 3633KB, Attempt: 1/3
✅ Uploaded successfully: tatebayashi_stones_2243_1749842207076_lsslv5

📤 Uploading [2234/2577]: images/879/IMG_6467.jpg
   📁 File size: 4085KB, Attempt: 1/3
✅ Uploaded successfully: tatebayashi_stones_2244_1749842211237_v7vfsb

📤 Uploading [2235/2577]: images/879/IMG_6468.jpg
   📁 File size: 3703KB, Attempt: 1/3
✅ Uploaded successfully: tatebayashi_stones_2245_1749842217413_uwqrks
💾 Progress saved (2222/2577 completed)

📤 Uploading [2236/2577]: images/2123/IMG_6461.jpg
   📁 File size: 5000KB, Attempt: 1/3
✅ Uploaded successfully: tatebayashi_stones_2246_1749842222463_6g8x5k

📤 Uploading [2237/2577]: images/2123/IMG_6462.jpg
   📁 File size: 5999KB, Attempt: 1/3
✅ Uploaded successfully: tatebayashi_stones_2247_1749842229412_ise5fd

📤 Uploading [2238/2577]: images/2123/IMG_6463.jpg
   📁 File size: 5432KB, Attempt: 1/3
✅ Uploaded successfully: tatebayashi_stones_2248_1749842237828_czbeah

📤 Uploading [2239/2577]: images/2123/IMG_6464.jpg
   📁 File size: 5198KB, Attempt: 1/3
✅ Uploaded successfully: tatebayashi_stones_2249_1749842244835_l29eaf

📤 Uploading [2240/2577]: images/2124/IMG_6471.jpg
   📁 File size: 5014KB, Attempt: 1/3
✅ Uploaded successfully: tatebayashi_stones_2250_1749842253087_t6hfa
💾 Progress saved (2227/2577 completed)

📤 Uploading [2241/2577]: images/2124/IMG_6472.jpg
   📁 File size: 4592KB, Attempt: 1/3
✅ Uploaded successfully: tatebayashi_stones_2251_1749842261170_q3rtdp

📤 Uploading [2242/2577]: images/2125/IMG_6481.jpg
   📁 File size: 4108KB, Attempt: 1/3
✅ Uploaded successfully: tatebayashi_stones_2252_1749842267836_pxwbt6

📤 Uploading [2243/2577]: images/2125/IMG_6482.jpg
   📁 File size: 3945KB, Attempt: 1/3
✅ Uploaded successfully: tatebayashi_stones_2253_1749842273223_4rqguq

📤 Uploading [2244/2577]: images/2125/IMG_6483.jpg
   📁 File size: 5100KB, Attempt: 1/3
✅ Uploaded successfully: tatebayashi_stones_2254_1749842280553_jqyumr

📤 Uploading [2245/2577]: images/2125/IMG_6484.jpg
   📁 File size: 5268KB, Attempt: 1/3
✅ Uploaded successfully: tatebayashi_stones_2255_1749842286846_gh8jogb
💾 Progress saved (2232/2577 completed)

📤 Uploading [2246/2577]: images/1743/IMG_3127.jpg
   📁 File size: 3978KB, Attempt: 1/3
✅ Uploaded successfully: tatebayashi_stones_2256_1749842293676_4mjvsb

📤 Uploading [2247/2577]: images/1743/IMG_3129.jpg
   📁 File size: 4967KB, Attempt: 1/3
✅ Uploaded successfully: tatebayashi_stones_2257_1749842299827_xp4bhl

📤 Uploading [2248/2577]: images/2126/IMG_3132.jpg
   📁 File size: 4762KB, Attempt: 1/3
✅ Uploaded successfully: tatebayashi_stones_2258_1749842305200_kbmzq

📤 Uploading [2249/2577]: images/2126/IMG_3133.jpg
   📁 File size: 7726KB, Attempt: 1/3
✅ Uploaded successfully: tatebayashi_stones_2259_1749842310640_83wnsl

📤 Uploading [2250/2577]: images/797/IMG_3154.jpg
   📁 File size: 5092KB, Attempt: 1/3
✅ Uploaded successfully: tatebayashi_stones_2260_1749842316450_ewzrj
💾 Progress saved (2237/2577 completed)

📤 Uploading [2251/2577]: images/797/IMG_3155.jpg
   📁 File size: 4455KB, Attempt: 1/3
✅ Uploaded successfully: tatebayashi_stones_2261_1749842324184_ixrwm

📤 Uploading [2252/2577]: images/1381/IMG_8531.jpg
   📁 File size: 3404KB, Attempt: 1/3
✅ Uploaded successfully: tatebayashi_stones_2262_1749842331480_r089r

📤 Uploading [2253/2577]: images/1381/IMG_8532.jpg
   📁 File size: 2765KB, Attempt: 1/3
✅ Uploaded successfully: tatebayashi_stones_2263_1749842337372_02sina

📤 Uploading [2254/2577]: images/1381/IMG_8533.jpg
   📁 File size: 4403KB, Attempt: 1/3
✅ Uploaded successfully: tatebayashi_stones_2264_1749842342409_elc1e

📤 Uploading [2255/2577]: images/885/IMG_3158.jpg
   📁 File size: 7044KB, Attempt: 1/3
✅ Uploaded successfully: tatebayashi_stones_2265_1749842348146_e1o54n
💾 Progress saved (2242/2577 completed)

📤 Uploading [2256/2577]: images/885/IMG_3160.jpg
   📁 File size: 7141KB, Attempt: 1/3
✅ Uploaded successfully: tatebayashi_stones_2266_1749842356359_sem46h

📤 Uploading [2257/2577]: images/733/IMG_3152.jpg
   📁 File size: 5478KB, Attempt: 1/3
✅ Uploaded successfully: tatebayashi_stones_2267_1749842364251_4lndyc

📤 Uploading [2258/2577]: images/733/IMG_3153.jpg
   📁 File size: 4469KB, Attempt: 1/3
✅ Uploaded successfully: tatebayashi_stones_2268_1749842369550_5zldso

📤 Uploading [2259/2577]: images/784/IMG_3167.jpg
   📁 File size: 10699KB, Attempt: 1/3
✅ Uploaded successfully: tatebayashi_stones_2269_1749842374995_o8ptrg

📤 Uploading [2260/2577]: images/886/IMG_3162.jpg
   📁 File size: 7058KB, Attempt: 1/3
✅ Uploaded successfully: tatebayashi_stones_2270_1749842382209_0kpfpag
💾 Progress saved (2247/2577 completed)

📤 Uploading [2261/2577]: images/886/IMG_3173.jpg
   📁 File size: 6641KB, Attempt: 1/3
✅ Uploaded successfully: tatebayashi_stones_2271_1749842388910_tobv08

📤 Uploading [2262/2577]: images/754/IMG_3174.jpg
   📁 File size: 4645KB, Attempt: 1/3
✅ Uploaded successfully: tatebayashi_stones_2272_1749842395211_i5zknr

📤 Uploading [2263/2577]: images/754/IMG_3175.jpg
   📁 File size: 4451KB, Attempt: 1/3
✅ Uploaded successfully: tatebayashi_stones_2273_1749842400880_pd8pnn

📤 Uploading [2264/2577]: images/828/IMG_3165.jpg
   📁 File size: 8206KB, Attempt: 1/3
✅ Uploaded successfully: tatebayashi_stones_2274_1749842409569_fw9c2f

📤 Uploading [2265/2577]: images/1742/IMG_3146.jpg
   📁 File size: 2926KB, Attempt: 1/3
✅ Uploaded successfully: tatebayashi_stones_2275_1749842417332_hjl6u
💾 Progress saved (2252/2577 completed)

📤 Uploading [2266/2577]: images/1742/IMG_3147.jpg
   📁 File size: 2604KB, Attempt: 1/3
✅ Uploaded successfully: tatebayashi_stones_2276_1749842422412_3nazz8

📤 Uploading [2267/2577]: images/1742/IMG_3148.jpg
   📁 File size: 4413KB, Attempt: 1/3
✅ Uploaded successfully: tatebayashi_stones_2277_1749842426244_n0kw8h

📤 Uploading [2268/2577]: images/783/IMG_3202.jpg
   📁 File size: 5828KB, Attempt: 1/3
✅ Uploaded successfully: tatebayashi_stones_2278_1749842431040_a9ij8q

📤 Uploading [2269/2577]: images/819/IMG_3196.jpg
   📁 File size: 5457KB, Attempt: 1/3
✅ Uploaded successfully: tatebayashi_stones_2279_1749842436227_ai3upa

📤 Uploading [2270/2577]: images/819/IMG_3197.jpg
   📁 File size: 4728KB, Attempt: 1/3
✅ Uploaded successfully: tatebayashi_stones_2280_1749842441731_c2pl4
💾 Progress saved (2257/2577 completed)

📤 Uploading [2271/2577]: images/819/IMG_3198.jpg
   📁 File size: 4336KB, Attempt: 1/3
✅ Uploaded successfully: tatebayashi_stones_2281_1749842446618_yq7dq

📤 Uploading [2272/2577]: images/822/IMG_3194.jpg
   📁 File size: 7240KB, Attempt: 1/3
✅ Uploaded successfully: tatebayashi_stones_2282_1749842453777_lmip9h

📤 Uploading [2273/2577]: images/822/IMG_3195.jpg
   📁 File size: 4657KB, Attempt: 1/3
✅ Uploaded successfully: tatebayashi_stones_2283_1749842461359_22k9yc

📤 Uploading [2274/2577]: images/881/IMG_3199.jpg
   📁 File size: 6571KB, Attempt: 1/3
✅ Uploaded successfully: tatebayashi_stones_2284_1749842465761_y8hsv

📤 Uploading [2275/2577]: images/881/IMG_3200.jpg
   📁 File size: 5354KB, Attempt: 1/3
✅ Uploaded successfully: tatebayashi_stones_2285_1749842473297_sa85gv
💾 Progress saved (2262/2577 completed)

📤 Uploading [2276/2577]: images/881/IMG_3201.jpg
   📁 File size: 5321KB, Attempt: 1/3
✅ Uploaded successfully: tatebayashi_stones_2286_1749842480718_787ntn

📤 Uploading [2277/2577]: images/1740/IMG_3204.jpg
   📁 File size: 8487KB, Attempt: 1/3
✅ Uploaded successfully: tatebayashi_stones_2287_1749842488939_qtc0f

📤 Uploading [2278/2577]: images/1740/IMG_3205.jpg
   📁 File size: 8684KB, Attempt: 1/3
✅ Uploaded successfully: tatebayashi_stones_2288_1749842497593_6muzm

📤 Uploading [2279/2577]: images/740/IMG_3209.jpg
   📁 File size: 4219KB, Attempt: 1/3
✅ Uploaded successfully: tatebayashi_stones_2289_1749842503672_qrslvk

📤 Uploading [2280/2577]: images/740/IMG_3210.jpg
   📁 File size: 5035KB, Attempt: 1/3
✅ Uploaded successfully: tatebayashi_stones_2290_1749842508339_f30yg8
💾 Progress saved (2267/2577 completed)

📤 Uploading [2281/2577]: images/740/IMG_3211.jpg
   📁 File size: 5070KB, Attempt: 1/3
✅ Uploaded successfully: tatebayashi_stones_2291_1749842514327_0vz1x8

📤 Uploading [2282/2577]: images/740/IMG_3212.jpg
   📁 File size: 4322KB, Attempt: 1/3
✅ Uploaded successfully: tatebayashi_stones_2292_1749842519808_elrsh

📤 Uploading [2283/2577]: images/791/IMG_3213.jpg
   📁 File size: 4381KB, Attempt: 1/3
✅ Uploaded successfully: tatebayashi_stones_2293_1749842525277_2cym0b

📤 Uploading [2284/2577]: images/791/IMG_3214.jpg
   📁 File size: 4242KB, Attempt: 1/3
✅ Uploaded successfully: tatebayashi_stones_2294_1749842529912_a44alk

📤 Uploading [2285/2577]: images/791/IMG_3215.jpg
   📁 File size: 4789KB, Attempt: 1/3
✅ Uploaded successfully: tatebayashi_stones_2295_1749842534998_0ol6z
💾 Progress saved (2272/2577 completed)

📤 Uploading [2286/2577]: images/1741/IMG_3217.jpg
   📁 File size: 4871KB, Attempt: 1/3
✅ Uploaded successfully: tatebayashi_stones_2296_1749842540621_6b0eb

📤 Uploading [2287/2577]: images/1741/IMG_3218.jpg
   📁 File size: 5349KB, Attempt: 1/3
✅ Uploaded successfully: tatebayashi_stones_2297_1749842548557_ftluy9

📤 Uploading [2288/2577]: images/816/IMG_3229.jpg
   📁 File size: 7890KB, Attempt: 1/3
✅ Uploaded successfully: tatebayashi_stones_2298_1749842553779_y2dhsj

📤 Uploading [2289/2577]: images/816/IMG_3230.jpg
   📁 File size: 6853KB, Attempt: 1/3
✅ Uploaded successfully: tatebayashi_stones_2299_1749842560416_0bpy3o

📤 Uploading [2290/2577]: images/2127/IMG_3225.jpg
   📁 File size: 11589KB, Attempt: 1/3
✅ Uploaded successfully: tatebayashi_stones_2300_1749842568348_ip0wdw
💾 Progress saved (2277/2577 completed)

📤 Uploading [2291/2577]: images/1372/IMG_3407.jpg
   📁 File size: 6137KB, Attempt: 1/3
✅ Uploaded successfully: tatebayashi_stones_2301_1749842577328_e7fui

📤 Uploading [2292/2577]: images/1372/IMG_3408.jpg
   📁 File size: 5451KB, Attempt: 1/3
✅ Uploaded successfully: tatebayashi_stones_2302_1749842584958_nriczx

📤 Uploading [2293/2577]: images/1372/IMG_3409.jpg
   📁 File size: 4689KB, Attempt: 1/3
✅ Uploaded successfully: tatebayashi_stones_2303_1749842590849_4ucfpq

📤 Uploading [2294/2577]: images/1392/IMG_3401.jpg
   📁 File size: 4528KB, Attempt: 1/3
✅ Uploaded successfully: tatebayashi_stones_2304_1749842596720_52rhrl

📤 Uploading [2295/2577]: images/1392/IMG_3402.jpg
   📁 File size: 5239KB, Attempt: 1/3
✅ Uploaded successfully: tatebayashi_stones_2305_1749842601620_stvjh
💾 Progress saved (2282/2577 completed)

📤 Uploading [2296/2577]: images/1392/IMG_3403.jpg
   📁 File size: 4688KB, Attempt: 1/3
✅ Uploaded successfully: tatebayashi_stones_2306_1749842606850_lkq1tr

📤 Uploading [2297/2577]: images/1392/IMG_3404.jpg
   📁 File size: 4532KB, Attempt: 1/3
✅ Uploaded successfully: tatebayashi_stones_2307_1749842612042_ij34bc

📤 Uploading [2298/2577]: images/1391/IMG_3398.jpg
   📁 File size: 4997KB, Attempt: 1/3
✅ Uploaded successfully: tatebayashi_stones_2308_1749842618886_dpl0he

📤 Uploading [2299/2577]: images/1391/IMG_3399.jpg
   📁 File size: 4898KB, Attempt: 1/3
✅ Uploaded successfully: tatebayashi_stones_2309_1749842625700_d8109

📤 Uploading [2300/2577]: images/1391/IMG_3400.jpg
   📁 File size: 4887KB, Attempt: 1/3
✅ Uploaded successfully: tatebayashi_stones_2310_1749842630371_kqobkb
💾 Progress saved (2287/2577 completed)

📤 Uploading [2301/2577]: images/1315/IMG_3395.jpg
   📁 File size: 7467KB, Attempt: 1/3
✅ Uploaded successfully: tatebayashi_stones_2311_1749842635403_c4kc8e

📤 Uploading [2302/2577]: images/1315/IMG_3396.jpg
   📁 File size: 5970KB, Attempt: 1/3
✅ Uploaded successfully: tatebayashi_stones_2312_1749842644896_4pzhr

📤 Uploading [2303/2577]: images/1315/IMG_3397.jpg
   📁 File size: 6223KB, Attempt: 1/3
✅ Uploaded successfully: tatebayashi_stones_2313_1749842651954_8cu7dq

📤 Uploading [2304/2577]: images/1228/IMG_3392.jpg
   📁 File size: 5406KB, Attempt: 1/3
✅ Uploaded successfully: tatebayashi_stones_2314_1749842657443_c32wk

📤 Uploading [2305/2577]: images/1228/IMG_3393.jpg
   📁 File size: 5564KB, Attempt: 1/3
✅ Uploaded successfully: tatebayashi_stones_2315_1749842664896_mm4fxg
💾 Progress saved (2292/2577 completed)

📤 Uploading [2306/2577]: images/1227/IMG_3388.jpg
   📁 File size: 5051KB, Attempt: 1/3
✅ Uploaded successfully: tatebayashi_stones_2316_1749842672145_nt7th6

📤 Uploading [2307/2577]: images/2129/IMG_3385.jpg
   📁 File size: 4946KB, Attempt: 1/3
✅ Uploaded successfully: tatebayashi_stones_2317_1749842677667_4qbef

📤 Uploading [2308/2577]: images/2129/IMG_3387.jpg
   📁 File size: 4850KB, Attempt: 1/3
✅ Uploaded successfully: tatebayashi_stones_2318_1749842683820_jkwjr

📤 Uploading [2309/2577]: images/2128/IMG_3380.jpg
   📁 File size: 4727KB, Attempt: 1/3
✅ Uploaded successfully: tatebayashi_stones_2319_1749842690119_j90wd6

📤 Uploading [2310/2577]: images/2128/IMG_3384.jpg
   📁 File size: 4611KB, Attempt: 1/3
✅ Uploaded successfully: tatebayashi_stones_2320_1749842696253_xsm4hb
💾 Progress saved (2297/2577 completed)

📤 Uploading [2311/2577]: images/2130/IMG_3379.jpg
   📁 File size: 4791KB, Attempt: 1/3
✅ Uploaded successfully: tatebayashi_stones_2321_1749842702130_zndskn

📤 Uploading [2312/2577]: images/2132/IMG_3376.jpg
   📁 File size: 6786KB, Attempt: 1/3
✅ Uploaded successfully: tatebayashi_stones_2323_1749842707856_mii66r

📤 Uploading [2313/2577]: images/2131/IMG_3372.jpg
   📁 File size: 5267KB, Attempt: 1/3
✅ Uploaded successfully: tatebayashi_stones_2324_1749842713815_nhxh1o

📤 Uploading [2314/2577]: images/2133/IMG_3328.jpg
   📁 File size: 4544KB, Attempt: 1/3
✅ Uploaded successfully: tatebayashi_stones_2325_1749842719012_jw5tn8

📤 Uploading [2315/2577]: images/2133/IMG_3329.jpg
   📁 File size: 5091KB, Attempt: 1/3
✅ Uploaded successfully: tatebayashi_stones_2326_1749842724382_4si9g
💾 Progress saved (2302/2577 completed)

📤 Uploading [2316/2577]: images/1185/IMG_3330.jpg
   📁 File size: 5376KB, Attempt: 1/3
✅ Uploaded successfully: tatebayashi_stones_2327_1749842730823_7zt6yp

📤 Uploading [2317/2577]: images/2131/IMG_3373.jpg
   📁 File size: 4740KB, Attempt: 1/3
✅ Uploaded successfully: tatebayashi_stones_2328_1749842737130_hcxdv

📤 Uploading [2318/2577]: images/2130/IMG_3378.jpg
   📁 File size: 4988KB, Attempt: 1/3
✅ Uploaded successfully: tatebayashi_stones_2329_1749842741995_cgdw6p

📤 Uploading [2319/2577]: images/2128/IMG_3381.jpg
   📁 File size: 4859KB, Attempt: 1/3
✅ Uploaded successfully: tatebayashi_stones_2330_1749842746939_0796x

📤 Uploading [2320/2577]: images/2128/IMG_3383.jpg
   📁 File size: 5283KB, Attempt: 1/3
✅ Uploaded successfully: tatebayashi_stones_2331_1749842753750_81k9wj
💾 Progress saved (2307/2577 completed)

📤 Uploading [2321/2577]: images/2129/IMG_3386.jpg
   📁 File size: 4684KB, Attempt: 1/3
✅ Uploaded successfully: tatebayashi_stones_2332_1749842759514_ntxx6c

📤 Uploading [2322/2577]: images/1228/IMG_3390.jpg
   📁 File size: 5329KB, Attempt: 1/3
✅ Uploaded successfully: tatebayashi_stones_2333_1749842767343_p63dg6

📤 Uploading [2323/2577]: images/1228/IMG_3391.jpg
   📁 File size: 5038KB, Attempt: 1/3
✅ Uploaded successfully: tatebayashi_stones_2334_1749842774313_0e26d

📤 Uploading [2324/2577]: images/1186/IMG_3420.jpg
   📁 File size: 9069KB, Attempt: 1/3
✅ Uploaded successfully: tatebayashi_stones_2335_1749842780484_l658iq

📤 Uploading [2325/2577]: images/1186/IMG_3421.jpg
   📁 File size: 5250KB, Attempt: 1/3
✅ Uploaded successfully: tatebayashi_stones_2336_1749842787535_kstmjd
💾 Progress saved (2312/2577 completed)

📤 Uploading [2326/2577]: images/1186/IMG_3432.jpg
   📁 File size: 5819KB, Attempt: 1/3
✅ Uploaded successfully: tatebayashi_stones_2337_1749842794154_lmiqve

📤 Uploading [2327/2577]: images/2134/IMG_3417.jpg
   📁 File size: 4214KB, Attempt: 1/3
✅ Uploaded successfully: tatebayashi_stones_2338_1749842799105_b9emrs

📤 Uploading [2328/2577]: images/2134/IMG_3418.jpg
   📁 File size: 4287KB, Attempt: 1/3
✅ Uploaded successfully: tatebayashi_stones_2339_1749842804037_p2w8kk

📤 Uploading [2329/2577]: images/1187/IMG_3423.jpg
   📁 File size: 6539KB, Attempt: 1/3
✅ Uploaded successfully: tatebayashi_stones_2340_1749842808971_7su0gj

📤 Uploading [2330/2577]: images/1187/IMG_3424.jpg
   📁 File size: 8031KB, Attempt: 1/3
✅ Uploaded successfully: tatebayashi_stones_2341_1749842817650_m8ghe8
💾 Progress saved (2317/2577 completed)

📤 Uploading [2331/2577]: images/1187/IMG_3425.jpg
   📁 File size: 5172KB, Attempt: 1/3
✅ Uploaded successfully: tatebayashi_stones_2342_1749842826160_oi88cx

📤 Uploading [2332/2577]: images/2135/IMG_3428.jpg
   📁 File size: 7315KB, Attempt: 1/3
✅ Uploaded successfully: tatebayashi_stones_2343_1749842832182_8put3r

📤 Uploading [2333/2577]: images/2135/IMG_3429.jpg
   📁 File size: 4359KB, Attempt: 1/3
✅ Uploaded successfully: tatebayashi_stones_2344_1749842839267_d4kx3

📤 Uploading [2334/2577]: images/2136/IMG_3434.jpg
   📁 File size: 7092KB, Attempt: 1/3
✅ Uploaded successfully: tatebayashi_stones_2345_1749842844311_da7vr

📤 Uploading [2335/2577]: images/2136/IMG_3435.jpg
   📁 File size: 6221KB, Attempt: 1/3
✅ Uploaded successfully: tatebayashi_stones_2346_1749842850293_tkqx8h
💾 Progress saved (2322/2577 completed)

📤 Uploading [2336/2577]: images/2137/IMG_3436.jpg
   📁 File size: 7108KB, Attempt: 1/3
✅ Uploaded successfully: tatebayashi_stones_2347_1749842856871_pvxoxk

📤 Uploading [2337/2577]: images/1273/IMG_3438.jpg
   📁 File size: 7764KB, Attempt: 1/3
✅ Uploaded successfully: tatebayashi_stones_2348_1749842863395_tgja3

📤 Uploading [2338/2577]: images/1273/IMG_3439.jpg
   📁 File size: 5954KB, Attempt: 1/3
✅ Uploaded successfully: tatebayashi_stones_2349_1749842870259_dotdfq

📤 Uploading [2339/2577]: images/1273/IMG_3440.jpg
   📁 File size: 6272KB, Attempt: 1/3
✅ Uploaded successfully: tatebayashi_stones_2350_1749842875702_cqvqeb

📤 Uploading [2340/2577]: images/2094/IMG_5661.jpg
   📁 File size: 5307KB, Attempt: 1/3
✅ Uploaded successfully: tatebayashi_stones_2351_1749842881652_ooqs5j
💾 Progress saved (2327/2577 completed)

📤 Uploading [2341/2577]: images/2094/IMG_5662.jpg
   📁 File size: 5859KB, Attempt: 1/3
✅ Uploaded successfully: tatebayashi_stones_2352_1749842887143_01paqq

📤 Uploading [2342/2577]: images/2094/IMG_5663.jpg
   📁 File size: 3972KB, Attempt: 1/3
✅ Uploaded successfully: tatebayashi_stones_2353_1749842895209_uzdqau

📤 Uploading [2343/2577]: images/2139/IMG_5667.jpg
   📁 File size: 4395KB, Attempt: 1/3
✅ Uploaded successfully: tatebayashi_stones_2354_1749842900243_lxcenh

📤 Uploading [2344/2577]: images/2139/IMG_5668.jpg
   📁 File size: 5032KB, Attempt: 1/3
✅ Uploaded successfully: tatebayashi_stones_2355_1749842905205_b0f5b9

📤 Uploading [2345/2577]: images/2139/IMG_5669.jpg
   📁 File size: 5106KB, Attempt: 1/3
✅ Uploaded successfully: tatebayashi_stones_2356_1749842911180_fncg0b
💾 Progress saved (2332/2577 completed)

📤 Uploading [2346/2577]: images/2139/IMG_5670.jpg
   📁 File size: 5327KB, Attempt: 1/3
✅ Uploaded successfully: tatebayashi_stones_2357_1749842916414_kj7hns

📤 Uploading [2347/2577]: images/400/IMG_5671.jpg
   📁 File size: 5197KB, Attempt: 1/3
✅ Uploaded successfully: tatebayashi_stones_2358_1749842921892_py7tar

📤 Uploading [2348/2577]: images/2140/DCIM_168APPLE_IMG_8296.jpg
   📁 File size: 4276KB, Attempt: 1/3
✅ Uploaded successfully: tatebayashi_stones_2359_1749842926793_pl0ylc

📤 Uploading [2349/2577]: images/2140/DCIM_168APPLE_IMG_8297.jpg
   📁 File size: 2801KB, Attempt: 1/3
✅ Uploaded successfully: tatebayashi_stones_2360_1749842930805_5h6fmj

📤 Uploading [2350/2577]: images/2140/DCIM_168APPLE_IMG_8298.jpg
   📁 File size: 2143KB, Attempt: 1/3
✅ Uploaded successfully: tatebayashi_stones_2361_1749842935609_31zo0j
💾 Progress saved (2337/2577 completed)

📤 Uploading [2351/2577]: images/2140/DCIM_168APPLE_IMG_8299.jpg
   📁 File size: 3054KB, Attempt: 1/3
✅ Uploaded successfully: tatebayashi_stones_2362_1749842940990_hgsqcf

📤 Uploading [2352/2577]: images/2140/DCIM_168APPLE_IMG_8300.jpg
   📁 File size: 3149KB, Attempt: 1/3
✅ Uploaded successfully: tatebayashi_stones_2363_1749842947760_fgp9kh

📤 Uploading [2353/2577]: images/400/DCIM_168APPLE_IMG_8301.jpg
   📁 File size: 4157KB, Attempt: 1/3
✅ Uploaded successfully: tatebayashi_stones_2364_1749842952924_018vw3

📤 Uploading [2354/2577]: images/400/DCIM_168APPLE_IMG_8302.jpg
   📁 File size: 5288KB, Attempt: 1/3
✅ Uploaded successfully: tatebayashi_stones_2365_1749842958139_d7v81n

📤 Uploading [2355/2577]: images/400/DCIM_168APPLE_IMG_8303.jpg
   📁 File size: 5067KB, Attempt: 1/3
✅ Uploaded successfully: tatebayashi_stones_2366_1749842965415_0er1x6
💾 Progress saved (2342/2577 completed)

📤 Uploading [2356/2577]: images/453/DCIM_168APPLE_IMG_8304.jpg
   📁 File size: 3616KB, Attempt: 1/3
✅ Uploaded successfully: tatebayashi_stones_2367_1749842972610_irwqlf

📤 Uploading [2357/2577]: images/469/DCIM_168APPLE_IMG_8305.jpg
   📁 File size: 4740KB, Attempt: 1/3
✅ Uploaded successfully: tatebayashi_stones_2368_1749842978400_d4j77

📤 Uploading [2358/2577]: images/1666/IMG_3819(1).jpg
   📁 File size: 3667KB, Attempt: 1/3
✅ Uploaded successfully: tatebayashi_stones_2369_1749842983143_ijcxc

📤 Uploading [2359/2577]: images/1642/IMG_7277.jpg
   📁 File size: 2813KB, Attempt: 1/3
✅ Uploaded successfully: tatebayashi_stones_2370_1749842987850_1nn5l

📤 Uploading [2360/2577]: images/1642/IMG_7278.jpg
   📁 File size: 1857KB, Attempt: 1/3
✅ Uploaded successfully: tatebayashi_stones_2371_1749842993159_vgeox
💾 Progress saved (2347/2577 completed)

📤 Uploading [2361/2577]: images/425/IMG_7214.jpg
   📁 File size: 3899KB, Attempt: 1/3
✅ Uploaded successfully: tatebayashi_stones_2372_1749842998241_e8021z

📤 Uploading [2362/2577]: images/425/IMG_7215.jpg
   📁 File size: 4047KB, Attempt: 1/3
✅ Uploaded successfully: tatebayashi_stones_2373_1749843008212_2vsfy

📤 Uploading [2363/2577]: images/425/IMG_7216.jpg
   📁 File size: 4765KB, Attempt: 1/3
✅ Uploaded successfully: tatebayashi_stones_2374_1749843013815_206v1o

📤 Uploading [2364/2577]: images/2141/IMG_7219.jpg
   📁 File size: 4547KB, Attempt: 1/3
✅ Uploaded successfully: tatebayashi_stones_2375_1749843019330_w2nloa

📤 Uploading [2365/2577]: images/2141/IMG_7220.jpg
   📁 File size: 5516KB, Attempt: 1/3
✅ Uploaded successfully: tatebayashi_stones_2376_1749843024970_fuwkph
💾 Progress saved (2352/2577 completed)

📤 Uploading [2366/2577]: images/2142/IMG_7209.jpg
   📁 File size: 4920KB, Attempt: 1/3
✅ Uploaded successfully: tatebayashi_stones_2377_1749843032679_t0yqms

📤 Uploading [2367/2577]: images/2142/IMG_7210.jpg
   📁 File size: 5455KB, Attempt: 1/3
✅ Uploaded successfully: tatebayashi_stones_2378_1749843040155_0iz3e8

📤 Uploading [2368/2577]: images/2143/IMG_7201.jpg
   📁 File size: 5197KB, Attempt: 1/3
✅ Uploaded successfully: tatebayashi_stones_2379_1749843048048_r4gcyd

📤 Uploading [2369/2577]: images/2143/IMG_7202.jpg
   📁 File size: 3563KB, Attempt: 1/3
✅ Uploaded successfully: tatebayashi_stones_2380_1749843053955_78g9l

📤 Uploading [2370/2577]: images/2143/IMG_7203.jpg
   📁 File size: 3931KB, Attempt: 1/3
✅ Uploaded successfully: tatebayashi_stones_2381_1749843059283_ub7wam
💾 Progress saved (2357/2577 completed)

📤 Uploading [2371/2577]: images/2144/IMG_7205.jpg
   📁 File size: 4814KB, Attempt: 1/3
✅ Uploaded successfully: tatebayashi_stones_2382_1749843064689_v0g3d

📤 Uploading [2372/2577]: images/2144/IMG_7206.jpg
   📁 File size: 4228KB, Attempt: 1/3
✅ Uploaded successfully: tatebayashi_stones_2383_1749843070291_kwout

📤 Uploading [2373/2577]: images/2144/IMG_7207.jpg
   📁 File size: 3799KB, Attempt: 1/3
✅ Uploaded successfully: tatebayashi_stones_2384_1749843075305_ue3sb5

📤 Uploading [2374/2577]: images/1638/IMG_7223.jpg
   📁 File size: 4061KB, Attempt: 1/3
✅ Uploaded successfully: tatebayashi_stones_2385_1749843080068_alkdqw

📤 Uploading [2375/2577]: images/1638/IMG_7224.jpg
   📁 File size: 3374KB, Attempt: 1/3
✅ Uploaded successfully: tatebayashi_stones_2386_1749843084561_m680th
💾 Progress saved (2362/2577 completed)

📤 Uploading [2376/2577]: images/449/IMG_7226.jpg
   📁 File size: 2539KB, Attempt: 1/3
✅ Uploaded successfully: tatebayashi_stones_2387_1749843089601_u7g91w

📤 Uploading [2377/2577]: images/449/IMG_7227.jpg
   📁 File size: 4673KB, Attempt: 1/3
✅ Uploaded successfully: tatebayashi_stones_2388_1749843094105_i84zvk

📤 Uploading [2378/2577]: images/449/IMG_7228.jpg
   📁 File size: 2120KB, Attempt: 1/3
✅ Uploaded successfully: tatebayashi_stones_2389_1749843099793_5b00m4

📤 Uploading [2379/2577]: images/449/IMG_7229.jpg
   📁 File size: 3588KB, Attempt: 1/3
✅ Uploaded successfully: tatebayashi_stones_2390_1749843103627_714i9f

📤 Uploading [2380/2577]: images/449/IMG_7230.jpg
   📁 File size: 2318KB, Attempt: 1/3
✅ Uploaded successfully: tatebayashi_stones_2391_1749843108712_sf8wk
💾 Progress saved (2367/2577 completed)

📤 Uploading [2381/2577]: images/449/IMG_7231.jpg
   📁 File size: 2197KB, Attempt: 1/3
✅ Uploaded successfully: tatebayashi_stones_2392_1749843114299_hljlvk

📤 Uploading [2382/2577]: images/2145/IMG_7232.jpg
   📁 File size: 3457KB, Attempt: 1/3
✅ Uploaded successfully: tatebayashi_stones_2393_1749843118969_qvvyoc

📤 Uploading [2383/2577]: images/2145/IMG_7233.jpg
   📁 File size: 4339KB, Attempt: 1/3
✅ Uploaded successfully: tatebayashi_stones_2394_1749843124579_zf92p

📤 Uploading [2384/2577]: images/398/IMG_7235.jpg
   📁 File size: 4253KB, Attempt: 1/3
✅ Uploaded successfully: tatebayashi_stones_2395_1749843129922_zan674

📤 Uploading [2385/2577]: images/1639/IMG_7236.jpg
   📁 File size: 5202KB, Attempt: 1/3
✅ Uploaded successfully: tatebayashi_stones_2396_1749843135401_oldzmh
💾 Progress saved (2372/2577 completed)

📤 Uploading [2386/2577]: images/1639/IMG_7237.jpg
   📁 File size: 2561KB, Attempt: 1/3
✅ Uploaded successfully: tatebayashi_stones_2397_1749843141240_43k0wq

📤 Uploading [2387/2577]: images/2146/IMG_7240.jpg
   📁 File size: 3714KB, Attempt: 1/3
✅ Uploaded successfully: tatebayashi_stones_2398_1749843145624_3j57f4

📤 Uploading [2388/2577]: images/2146/IMG_7241.jpg
   📁 File size: 2725KB, Attempt: 1/3
✅ Uploaded successfully: tatebayashi_stones_2399_1749843150218_cqgq2e

📤 Uploading [2389/2577]: images/430/IMG_7271.jpg
   📁 File size: 3240KB, Attempt: 1/3
✅ Uploaded successfully: tatebayashi_stones_2400_1749843155241_jhdxmm

📤 Uploading [2390/2577]: images/443/IMG_7260.jpg
   📁 File size: 4618KB, Attempt: 1/3
✅ Uploaded successfully: tatebayashi_stones_2401_1749843159996_wty2f
💾 Progress saved (2377/2577 completed)

📤 Uploading [2391/2577]: images/440/IMG_7262.jpg
   📁 File size: 4293KB, Attempt: 1/3
✅ Uploaded successfully: tatebayashi_stones_2402_1749843166267_k68sug

📤 Uploading [2392/2577]: images/440/IMG_7263.jpg
   📁 File size: 3095KB, Attempt: 1/3
✅ Uploaded successfully: tatebayashi_stones_2403_1749843172999_bk6a4

📤 Uploading [2393/2577]: images/440/IMG_7266.jpg
   📁 File size: 3534KB, Attempt: 1/3
✅ Uploaded successfully: tatebayashi_stones_2404_1749843177244_1669g

📤 Uploading [2394/2577]: images/441/IMG_7265.jpg
   📁 File size: 4457KB, Attempt: 1/3
✅ Uploaded successfully: tatebayashi_stones_2405_1749843182127_pswfc9

📤 Uploading [2395/2577]: images/428/IMG_7268.jpg
   📁 File size: 5258KB, Attempt: 1/3
✅ Uploaded successfully: tatebayashi_stones_2406_1749843188040_xvjmzr
💾 Progress saved (2382/2577 completed)

📤 Uploading [2396/2577]: images/2147/IMG_7270.jpg
   📁 File size: 4156KB, Attempt: 1/3
✅ Uploaded successfully: tatebayashi_stones_2407_1749843193461_8pp4rh

📤 Uploading [2397/2577]: images/1641/IMG_7273.jpg
   📁 File size: 3365KB, Attempt: 1/3
✅ Uploaded successfully: tatebayashi_stones_2408_1749843200777_c2l6bh

📤 Uploading [2398/2577]: images/1641/IMG_7274.jpg
   📁 File size: 3246KB, Attempt: 1/3
✅ Uploaded successfully: tatebayashi_stones_2409_1749843206554_zca1gq

📤 Uploading [2399/2577]: images/2148/IMG_7294.jpg
   📁 File size: 5690KB, Attempt: 1/3
✅ Uploaded successfully: tatebayashi_stones_2410_1749843211238_v3l5m8

📤 Uploading [2400/2577]: images/2148/IMG_7308.jpg
   📁 File size: 5763KB, Attempt: 1/3
✅ Uploaded successfully: tatebayashi_stones_2411_1749843216501_nrzy8x
💾 Progress saved (2387/2577 completed)

📤 Uploading [2401/2577]: images/2149/IMG_7295.jpg
   📁 File size: 5369KB, Attempt: 1/3
✅ Uploaded successfully: tatebayashi_stones_2412_1749843223406_hte1lb

📤 Uploading [2402/2577]: images/2149/IMG_7309.jpg
   📁 File size: 6158KB, Attempt: 1/3
✅ Uploaded successfully: tatebayashi_stones_2413_1749843228369_wdifgq

📤 Uploading [2403/2577]: images/309/IMG_7297.jpg
   📁 File size: 4443KB, Attempt: 1/3
✅ Uploaded successfully: tatebayashi_stones_2414_1749843233352_yz7kjm

📤 Uploading [2404/2577]: images/1996/IMG_7301.jpg
   📁 File size: 4913KB, Attempt: 1/3
✅ Uploaded successfully: tatebayashi_stones_2415_1749843237496_z1lv6j

📤 Uploading [2405/2577]: images/1996/IMG_7302.jpg
   📁 File size: 4790KB, Attempt: 1/3
✅ Uploaded successfully: tatebayashi_stones_2416_1749843244853_1br70i
💾 Progress saved (2392/2577 completed)

📤 Uploading [2406/2577]: images/1996/IMG_7303.jpg
   📁 File size: 5810KB, Attempt: 1/3
✅ Uploaded successfully: tatebayashi_stones_2417_1749843250236_gp2xla

📤 Uploading [2407/2577]: images/1996/IMG_7306.jpg
   📁 File size: 5303KB, Attempt: 1/3
✅ Uploaded successfully: tatebayashi_stones_2418_1749843257842_bnx3wn

📤 Uploading [2408/2577]: images/1996/IMG_7307.jpg
   📁 File size: 5324KB, Attempt: 1/3
✅ Uploaded successfully: tatebayashi_stones_2419_1749843262986_lyc1gc

📤 Uploading [2409/2577]: images/2150/IMG_7304.jpg
   📁 File size: 6037KB, Attempt: 1/3
✅ Uploaded successfully: tatebayashi_stones_2420_1749843267622_jdtl9

📤 Uploading [2410/2577]: images/2151/IMG_7312.jpg
   📁 File size: 6658KB, Attempt: 1/3
✅ Uploaded successfully: tatebayashi_stones_2421_1749843272926_h5yvga
💾 Progress saved (2397/2577 completed)

📤 Uploading [2411/2577]: images/2151/IMG_7313.jpg
   📁 File size: 6441KB, Attempt: 1/3
✅ Uploaded successfully: tatebayashi_stones_2422_1749843279640_fdzp8

📤 Uploading [2412/2577]: images/2151/IMG_7314.jpg
   📁 File size: 6503KB, Attempt: 1/3
✅ Uploaded successfully: tatebayashi_stones_2423_1749843285278_afo72o

📤 Uploading [2413/2577]: images/2152/IMG_7317.jpg
   📁 File size: 6126KB, Attempt: 1/3
✅ Uploaded successfully: tatebayashi_stones_2424_1749843293384_jff1wg

📤 Uploading [2414/2577]: images/2152/IMG_7318.jpg
   📁 File size: 6005KB, Attempt: 1/3
✅ Uploaded successfully: tatebayashi_stones_2425_1749843298715_mxq7p

📤 Uploading [2415/2577]: images/2152/IMG_7319.jpg
   📁 File size: 6226KB, Attempt: 1/3
✅ Uploaded successfully: tatebayashi_stones_2426_1749843304786_bstv28
💾 Progress saved (2402/2577 completed)

📤 Uploading [2416/2577]: images/2152/IMG_7320.jpg
   📁 File size: 6018KB, Attempt: 1/3
✅ Uploaded successfully: tatebayashi_stones_2427_1749843310887_23nfyq

📤 Uploading [2417/2577]: images/2153/IMG_7322.jpg
   📁 File size: 7039KB, Attempt: 1/3
✅ Uploaded successfully: tatebayashi_stones_2428_1749843318134_z6cmcj

📤 Uploading [2418/2577]: images/2153/IMG_7324.jpg
   📁 File size: 5623KB, Attempt: 1/3
✅ Uploaded successfully: tatebayashi_stones_2429_1749843324203_h4eoje

📤 Uploading [2419/2577]: images/2153/IMG_7325.jpg
   📁 File size: 6119KB, Attempt: 1/3
✅ Uploaded successfully: tatebayashi_stones_2430_1749843329101_o22cve

📤 Uploading [2420/2577]: images/2153/IMG_7326.jpg
   📁 File size: 5598KB, Attempt: 1/3
✅ Uploaded successfully: tatebayashi_stones_2431_1749843333988_kr0s5t
💾 Progress saved (2407/2577 completed)

📤 Uploading [2421/2577]: images/281/IMG_7329.jpg
   📁 File size: 6944KB, Attempt: 1/3
✅ Uploaded successfully: tatebayashi_stones_2432_1749843339957_xdw80s

📤 Uploading [2422/2577]: images/285/IMG_7339.jpg
   📁 File size: 5134KB, Attempt: 1/3
✅ Uploaded successfully: tatebayashi_stones_2433_1749843346874_tcdeml

📤 Uploading [2423/2577]: images/287/IMG_7337.jpg
   📁 File size: 7044KB, Attempt: 1/3
✅ Uploaded successfully: tatebayashi_stones_2434_1749843352536_ogudpq

📤 Uploading [2424/2577]: images/304/IMG_7333.jpg
   📁 File size: 7184KB, Attempt: 1/3
✅ Uploaded successfully: tatebayashi_stones_2435_1749843358407_lsddrh

📤 Uploading [2425/2577]: images/294/IMG_7341.jpg
   📁 File size: 6972KB, Attempt: 1/3
✅ Uploaded successfully: tatebayashi_stones_2436_1749843364984_e2hbxd
💾 Progress saved (2412/2577 completed)

📤 Uploading [2426/2577]: images/294/IMG_7342.jpg
   📁 File size: 6546KB, Attempt: 1/3
✅ Uploaded successfully: tatebayashi_stones_2437_1749843370655_7s9lu

📤 Uploading [2427/2577]: images/293/IMG_7346.jpg
   📁 File size: 7053KB, Attempt: 1/3
✅ Uploaded successfully: tatebayashi_stones_2438_1749843377967_5y6hk5

📤 Uploading [2428/2577]: images/293/IMG_7347.jpg
   📁 File size: 6498KB, Attempt: 1/3
✅ Uploaded successfully: tatebayashi_stones_2439_1749843384948_1kolnu

📤 Uploading [2429/2577]: images/302/IMG_7344.jpg
   📁 File size: 6858KB, Attempt: 1/3
✅ Uploaded successfully: tatebayashi_stones_2440_1749843389984_a4n6p

📤 Uploading [2430/2577]: images/299/IMG_7349.jpg
   📁 File size: 6040KB, Attempt: 1/3
✅ Uploaded successfully: tatebayashi_stones_2441_1749843395250_jgm7qp
💾 Progress saved (2417/2577 completed)

📤 Uploading [2431/2577]: images/299/IMG_7350.jpg
   📁 File size: 5810KB, Attempt: 1/3
✅ Uploaded successfully: tatebayashi_stones_2442_1749843400715_b1fwp

📤 Uploading [2432/2577]: images/275/IMG_7354.jpg
   📁 File size: 6095KB, Attempt: 1/3
✅ Uploaded successfully: tatebayashi_stones_2443_1749843406099_qo50ee

📤 Uploading [2433/2577]: images/282/IMG_7363.jpg
   📁 File size: 5614KB, Attempt: 1/3
✅ Uploaded successfully: tatebayashi_stones_2444_1749843411964_7c2kxw

📤 Uploading [2434/2577]: images/292/IMG_7365.jpg
   📁 File size: 6321KB, Attempt: 1/3
✅ Uploaded successfully: tatebayashi_stones_2445_1749843416147_8417kd

📤 Uploading [2435/2577]: images/292/IMG_7366.jpg
   📁 File size: 5529KB, Attempt: 1/3
✅ Uploaded successfully: tatebayashi_stones_2446_1749843421558_h97yaa
💾 Progress saved (2422/2577 completed)

📤 Uploading [2436/2577]: images/298/IMG_7361.jpg
   📁 File size: 7001KB, Attempt: 1/3
   ⚠️  Attempt 1 failed: timeout of 120000ms exceeded
   ⏳ Retrying in 2 seconds...
   📁 File size: 7001KB, Attempt: 2/3
✅ Uploaded successfully: tatebayashi_stones_2447_1749843430093_crxtc

📤 Uploading [2437/2577]: images/300/IMG_7352.jpg
   📁 File size: 7063KB, Attempt: 1/3
✅ Uploaded successfully: tatebayashi_stones_2448_1749843560815_nwq778

📤 Uploading [2438/2577]: images/301/IMG_7356.jpg
   📁 File size: 7550KB, Attempt: 1/3
✅ Uploaded successfully: tatebayashi_stones_2449_1749843567376_1ntpgf

📤 Uploading [2439/2577]: images/303/IMG_7358.jpg
   📁 File size: 6337KB, Attempt: 1/3
✅ Uploaded successfully: tatebayashi_stones_2450_1749843573495_10bryn

📤 Uploading [2440/2577]: images/2154/IMG_7367.jpg
   📁 File size: 4768KB, Attempt: 1/3
✅ Uploaded successfully: tatebayashi_stones_2451_1749843578999_uxifnc
💾 Progress saved (2427/2577 completed)

📤 Uploading [2441/2577]: images/2155/IMG_7370.jpg
   📁 File size: 7831KB, Attempt: 1/3
✅ Uploaded successfully: tatebayashi_stones_2452_1749843583918_rr8unf

📤 Uploading [2442/2577]: images/2155/IMG_7371.jpg
   📁 File size: 8181KB, Attempt: 1/3
✅ Uploaded successfully: tatebayashi_stones_2453_1749843590824_b0dihf

📤 Uploading [2443/2577]: images/289/IMG_7369.jpg
   📁 File size: 6875KB, Attempt: 1/3
✅ Uploaded successfully: tatebayashi_stones_2454_1749843596435_bk4bw

📤 Uploading [2444/2577]: images/2156/IMG_7374.jpg
   📁 File size: 5737KB, Attempt: 1/3
✅ Uploaded successfully: tatebayashi_stones_2455_1749843601268_4ove5j

📤 Uploading [2445/2577]: images/278/IMG_7373.jpg
   📁 File size: 5192KB, Attempt: 1/3
✅ Uploaded successfully: tatebayashi_stones_2456_1749843609264_gyzymm
💾 Progress saved (2432/2577 completed)

📤 Uploading [2446/2577]: images/279/IMG_7376.jpg
   📁 File size: 4826KB, Attempt: 1/3
✅ Uploaded successfully: tatebayashi_stones_2457_1749843616375_gna6km

📤 Uploading [2447/2577]: images/380/IMG_7378.jpg
   📁 File size: 7170KB, Attempt: 1/3
✅ Uploaded successfully: tatebayashi_stones_2458_1749843622255_pywxgj

📤 Uploading [2448/2577]: images/380/IMG_7379.jpg
   📁 File size: 7230KB, Attempt: 1/3
✅ Uploaded successfully: tatebayashi_stones_2459_1749843629584_wr5rdj

📤 Uploading [2449/2577]: images/2157/IMG_7383.jpg
   📁 File size: 6388KB, Attempt: 1/3
✅ Uploaded successfully: tatebayashi_stones_2460_1749843635489_vqq0y8

📤 Uploading [2450/2577]: images/2158/IMG_7384.jpg
   📁 File size: 4874KB, Attempt: 1/3
✅ Uploaded successfully: tatebayashi_stones_2461_1749843640343_b24mwb
💾 Progress saved (2437/2577 completed)

📤 Uploading [2451/2577]: images/345/IMG_0911.jpg
   📁 File size: 8258KB, Attempt: 1/3
✅ Uploaded successfully: tatebayashi_stones_2462_1749843645162_cwp2k

📤 Uploading [2452/2577]: images/309/IMG_0910.jpg
   📁 File size: 6268KB, Attempt: 1/3
✅ Uploaded successfully: tatebayashi_stones_2463_1749843653916_1s6j8

📤 Uploading [2453/2577]: images/2159/IMG_0097(2).jpg
   📁 File size: 6123KB, Attempt: 1/3
✅ Uploaded successfully: tatebayashi_stones_2464_1749846579824_9mvplo

📤 Uploading [2454/2577]: images/2160/IMG_6804.jpg
   📁 File size: 7130KB, Attempt: 1/3
✅ Uploaded successfully: tatebayashi_stones_2465_1749846586236_au9xn8

📤 Uploading [2455/2577]: images/2161/IMG_6803.jpg
   📁 File size: 7107KB, Attempt: 1/3
✅ Uploaded successfully: tatebayashi_stones_2466_1749846595214_o8drkl
💾 Progress saved (2442/2577 completed)

📤 Uploading [2456/2577]: images/2161/IMG_6805.jpg
   📁 File size: 6476KB, Attempt: 1/3
   ⚠️  Attempt 1 failed: timeout of 120000ms exceeded
   ⏳ Retrying in 2 seconds...
   📁 File size: 6476KB, Attempt: 2/3
   ⚠️  Attempt 2 failed: timeout of 120000ms exceeded
   ⏳ Retrying in 4 seconds...
   📁 File size: 6476KB, Attempt: 3/3
✅ Uploaded successfully: tatebayashi_stones_2467_1749846604408_0qcfo

📤 Uploading [2457/2577]: images/2162/IMG_6808.jpg
   📁 File size: 5205KB, Attempt: 1/3
✅ Uploaded successfully: tatebayashi_stones_2468_1749846861476_2lmwel

📤 Uploading [2458/2577]: images/2163/IMG_6810.jpg
   📁 File size: 5919KB, Attempt: 1/3
✅ Uploaded successfully: tatebayashi_stones_2469_1749846866707_x6rlii

📤 Uploading [2459/2577]: images/878/IMG_8379.jpg
   📁 File size: 6340KB, Attempt: 1/3
✅ Uploaded successfully: tatebayashi_stones_2470_1749846873504_e21szs

📤 Uploading [2460/2577]: images/878/IMG_8380.jpg
   📁 File size: 6183KB, Attempt: 1/3
✅ Uploaded successfully: tatebayashi_stones_2471_1749846881728_c4jyj
💾 Progress saved (2447/2577 completed)

📤 Uploading [2461/2577]: images/878/IMG_8381.jpg
   📁 File size: 5135KB, Attempt: 1/3
✅ Uploaded successfully: tatebayashi_stones_2472_1749846889593_1sfo3r

📤 Uploading [2462/2577]: images/878/IMG_8382.jpg
   📁 File size: 6486KB, Attempt: 1/3
✅ Uploaded successfully: tatebayashi_stones_2473_1749846896736_17gpgs

📤 Uploading [2463/2577]: images/2164/IMG_8372.jpg
   📁 File size: 3665KB, Attempt: 1/3
✅ Uploaded successfully: tatebayashi_stones_2474_1749846902623_5sqzc7

📤 Uploading [2464/2577]: images/2164/IMG_8375.jpg
   📁 File size: 4582KB, Attempt: 1/3
✅ Uploaded successfully: tatebayashi_stones_2475_1749846910162_v0sbnu

📤 Uploading [2465/2577]: images/2165/IMG_8362.jpg
   📁 File size: 4416KB, Attempt: 1/3
✅ Uploaded successfully: tatebayashi_stones_2476_1749846916821_n4ca9l
💾 Progress saved (2452/2577 completed)

📤 Uploading [2466/2577]: images/2165/IMG_8364.jpg
   📁 File size: 5295KB, Attempt: 1/3
✅ Uploaded successfully: tatebayashi_stones_2477_1749846921964_2a1zor

📤 Uploading [2467/2577]: images/2165/IMG_8365.jpg
   📁 File size: 5543KB, Attempt: 1/3
✅ Uploaded successfully: tatebayashi_stones_2478_1749846927232_1udlwm9

📤 Uploading [2468/2577]: images/6/IMG_8324.jpg
   📁 File size: 4896KB, Attempt: 1/3
✅ Uploaded successfully: tatebayashi_stones_2479_1749846934578_90fb9n

📤 Uploading [2469/2577]: images/6/IMG_8325.jpg
   📁 File size: 4653KB, Attempt: 1/3
✅ Uploaded successfully: tatebayashi_stones_2480_1749846939836_1l193q

📤 Uploading [2470/2577]: images/141/IMG_8326.jpg
   📁 File size: 5265KB, Attempt: 1/3
✅ Uploaded successfully: tatebayashi_stones_2481_1749846947527_4qrlkr
💾 Progress saved (2457/2577 completed)

📤 Uploading [2471/2577]: images/142/IMG_8328.jpg
   📁 File size: 5254KB, Attempt: 1/3
✅ Uploaded successfully: tatebayashi_stones_2482_1749846954052_h7y5

📤 Uploading [2472/2577]: images/143/IMG_8327.jpg
   📁 File size: 5270KB, Attempt: 1/3
✅ Uploaded successfully: tatebayashi_stones_2483_1749846961552_0rcf8p

📤 Uploading [2473/2577]: images/144/IMG_8329.jpg
   📁 File size: 4747KB, Attempt: 1/3
✅ Uploaded successfully: tatebayashi_stones_2484_1749846968199_1ze9rb

📤 Uploading [2474/2577]: images/2166/IMG_8338.jpg
   📁 File size: 4500KB, Attempt: 1/3
✅ Uploaded successfully: tatebayashi_stones_2485_1749846974209_tydcka

📤 Uploading [2475/2577]: images/2166/IMG_8339.jpg
   📁 File size: 4260KB, Attempt: 1/3
✅ Uploaded successfully: tatebayashi_stones_2486_1749846981611_7am7zk
💾 Progress saved (2462/2577 completed)

📤 Uploading [2476/2577]: images/2167/IMG_8340.jpg
   📁 File size: 3850KB, Attempt: 1/3
✅ Uploaded successfully: tatebayashi_stones_2487_1749846987223_qxz4ve

📤 Uploading [2477/2577]: images/2167/IMG_8341.jpg
   📁 File size: 3141KB, Attempt: 1/3
✅ Uploaded successfully: tatebayashi_stones_2488_1749846993438_7k1vh7

📤 Uploading [2478/2577]: images/2167/IMG_8342.jpg
   📁 File size: 4094KB, Attempt: 1/3
✅ Uploaded successfully: tatebayashi_stones_2489_1749846997780_puomcl

📤 Uploading [2479/2577]: images/2168/IMG_3844(1).jpg
   📁 File size: 5987KB, Attempt: 1/3
✅ Uploaded successfully: tatebayashi_stones_2490_1749847002968_bgzab9

📤 Uploading [2480/2577]: images/447/IMG_3843(1).jpg
   📁 File size: 6189KB, Attempt: 1/3
✅ Uploaded successfully: tatebayashi_stones_2491_1749847008598_1wdvn
💾 Progress saved (2467/2577 completed)

📤 Uploading [2481/2577]: images/1674/IMG_3757(1).jpg
   📁 File size: 3490KB, Attempt: 1/3
✅ Uploaded successfully: tatebayashi_stones_2492_1749847013878_zj5ael

📤 Uploading [2482/2577]: images/1288/IMG_7900(2).jpg
   📁 File size: 6052KB, Attempt: 1/3
✅ Uploaded successfully: tatebayashi_stones_2493_1749847019350_28xpvi

📤 Uploading [2483/2577]: images/2169/IMG_9924(2).jpg
   📁 File size: 6629KB, Attempt: 1/3
✅ Uploaded successfully: tatebayashi_stones_2494_1749847027793_97cuao

📤 Uploading [2484/2577]: images/2169/IMG_9925(2).jpg
   📁 File size: 3608KB, Attempt: 1/3
✅ Uploaded successfully: tatebayashi_stones_2495_1749847033049_ojosla

📤 Uploading [2485/2577]: images/2169/IMG_9926(2).jpg
   📁 File size: 8236KB, Attempt: 1/3
✅ Uploaded successfully: tatebayashi_stones_2496_1749847039119_v5y5fn
💾 Progress saved (2472/2577 completed)

📤 Uploading [2486/2577]: images/1208/IMG_3443.jpg
   📁 File size: 5526KB, Attempt: 1/3
✅ Uploaded successfully: tatebayashi_stones_2497_1749847047931_g1wkpf

📤 Uploading [2487/2577]: images/1208/IMG_3444.jpg
   📁 File size: 5460KB, Attempt: 1/3
✅ Uploaded successfully: tatebayashi_stones_2498_1749847055329_uh28ag

📤 Uploading [2488/2577]: images/1319/IMG_3445.jpg
   📁 File size: 9917KB, Attempt: 1/3
✅ Uploaded successfully: tatebayashi_stones_2499_1749847062060_pj4l7b

📤 Uploading [2489/2577]: images/1319/IMG_3446.jpg
   📁 File size: 6843KB, Attempt: 1/3
✅ Uploaded successfully: tatebayashi_stones_2500_1749847069220_mfjuvi

📤 Uploading [2490/2577]: images/2170/IMG_3447.jpg
   📁 File size: 9169KB, Attempt: 1/3
✅ Uploaded successfully: tatebayashi_stones_2501_1749847074796_7ty5f
💾 Progress saved (2477/2577 completed)

📤 Uploading [2491/2577]: images/2170/IMG_3448.jpg
   📁 File size: 7214KB, Attempt: 1/3
✅ Uploaded successfully: tatebayashi_stones_2502_1749847081201_4o8ct8

📤 Uploading [2492/2577]: images/1633/IMG_3450.jpg
   📁 File size: 5646KB, Attempt: 1/3
✅ Uploaded successfully: tatebayashi_stones_2503_1749847089646_u6z9zd

📤 Uploading [2493/2577]: images/1633/IMG_3451.jpg
   📁 File size: 4009KB, Attempt: 1/3
✅ Uploaded successfully: tatebayashi_stones_2504_1749847094624_ye6mb8

📤 Uploading [2494/2577]: images/1634/IMG_3452.jpg
   📁 File size: 4451KB, Attempt: 1/3
✅ Uploaded successfully: tatebayashi_stones_2505_1749847099809_ees7h5

📤 Uploading [2495/2577]: images/1634/IMG_3453.jpg
   📁 File size: 5000KB, Attempt: 1/3
✅ Uploaded successfully: tatebayashi_stones_2506_1749847104908_sbusf
💾 Progress saved (2482/2577 completed)

📤 Uploading [2496/2577]: images/1635/IMG_3468.jpg
   📁 File size: 6325KB, Attempt: 1/3
✅ Uploaded successfully: tatebayashi_stones_2507_1749847110816_60ph47

📤 Uploading [2497/2577]: images/1635/IMG_3469.jpg
   📁 File size: 5472KB, Attempt: 1/3
✅ Uploaded successfully: tatebayashi_stones_2508_1749847117286_jgzkfc

📤 Uploading [2498/2577]: images/1636/IMG_3472.jpg
   📁 File size: 10816KB, Attempt: 1/3
✅ Uploaded successfully: tatebayashi_stones_2509_1749847123965_eio7v

📤 Uploading [2499/2577]: images/1636/IMG_3473.jpg
   📁 File size: 5032KB, Attempt: 1/3
✅ Uploaded successfully: tatebayashi_stones_2510_1749847132994_h57y6

📤 Uploading [2500/2577]: images/2171/IMG_3466.jpg
   📁 File size: 9490KB, Attempt: 1/3
✅ Uploaded successfully: tatebayashi_stones_2511_1749847141250_m2gxpo
💾 Progress saved (2487/2577 completed)

📤 Uploading [2501/2577]: images/2171/IMG_3467.jpg
   📁 File size: 11499KB, Attempt: 1/3
✅ Uploaded successfully: tatebayashi_stones_2512_1749847152122_rvon5f

📤 Uploading [2502/2577]: images/2172/IMG_3458.jpg
   📁 File size: 8128KB, Attempt: 1/3
✅ Uploaded successfully: tatebayashi_stones_2513_1749847159858_a9j6n3

📤 Uploading [2503/2577]: images/2172/IMG_3459.jpg
   📁 File size: 7824KB, Attempt: 1/3
✅ Uploaded successfully: tatebayashi_stones_2514_1749847165878_0zykxc

📤 Uploading [2504/2577]: images/2172/IMG_3460.jpg
   📁 File size: 7401KB, Attempt: 1/3
✅ Uploaded successfully: tatebayashi_stones_2515_1749847171645_3hv0dm

📤 Uploading [2505/2577]: images/2173/IMG_3461.jpg
   📁 File size: 5150KB, Attempt: 1/3
✅ Uploaded successfully: tatebayashi_stones_2516_1749847177396_9khx7j
💾 Progress saved (2492/2577 completed)

📤 Uploading [2506/2577]: images/2174/IMG_3462.jpg
   📁 File size: 5601KB, Attempt: 1/3
✅ Uploaded successfully: tatebayashi_stones_2517_1749847183411_byt9a

📤 Uploading [2507/2577]: images/2174/IMG_3463.jpg
   📁 File size: 5324KB, Attempt: 1/3
✅ Uploaded successfully: tatebayashi_stones_2518_1749847191194_vax0o7

📤 Uploading [2508/2577]: images/2175/IMG_3464.jpg
   📁 File size: 5459KB, Attempt: 1/3
✅ Uploaded successfully: tatebayashi_stones_2519_1749847195853_kusiw

📤 Uploading [2509/2577]: images/2175/IMG_3465.jpg
   📁 File size: 5317KB, Attempt: 1/3
✅ Uploaded successfully: tatebayashi_stones_2520_1749847200682_zz6b6i

📤 Uploading [2510/2577]: images/584/IMG_9326(1).jpg
   📁 File size: 3643KB, Attempt: 1/3
✅ Uploaded successfully: tatebayashi_stones_2521_1749847207630_ggxcyb
💾 Progress saved (2497/2577 completed)

📤 Uploading [2511/2577]: images/584/IMG_9327(1).jpg
   📁 File size: 4051KB, Attempt: 1/3
✅ Uploaded successfully: tatebayashi_stones_2522_1749847212141_4b8cmn

📤 Uploading [2512/2577]: images/584/PXL_20210620_045215218.PORTRAIT.jpg
   📁 File size: 12376KB, Attempt: 1/3
✅ Uploaded successfully: tatebayashi_stones_2523_1749847217097_89dsya

📤 Uploading [2513/2577]: images/1698/IMG_9221(2).jpg
   📁 File size: 4980KB, Attempt: 1/3
✅ Uploaded successfully: tatebayashi_stones_2524_1749847228580_026jub

📤 Uploading [2514/2577]: images/1697/IMG_9304(1).jpg
   📁 File size: 5103KB, Attempt: 1/3
✅ Uploaded successfully: tatebayashi_stones_2525_1749847234297_vy5imdp

📤 Uploading [2515/2577]: images/1697/IMG_9305(1).jpg
   📁 File size: 3701KB, Attempt: 1/3
✅ Uploaded successfully: tatebayashi_stones_2526_1749847242585_eqf8rc
💾 Progress saved (2502/2577 completed)

📤 Uploading [2516/2577]: images/1694/IMG_9240(2).jpg
   📁 File size: 5085KB, Attempt: 1/3
✅ Uploaded successfully: tatebayashi_stones_2527_1749847247117_oicc4

📤 Uploading [2517/2577]: images/1694/IMG_9243(1).jpg
   📁 File size: 5694KB, Attempt: 1/3
✅ Uploaded successfully: tatebayashi_stones_2528_1749847255036_tvphx8

📤 Uploading [2518/2577]: images/1694/IMG_9284(1).jpg
   📁 File size: 4834KB, Attempt: 1/3
✅ Uploaded successfully: tatebayashi_stones_2529_1749847261452_absoz6

📤 Uploading [2519/2577]: images/1691/IMG_9238(2).jpg
   📁 File size: 4891KB, Attempt: 1/3
✅ Uploaded successfully: tatebayashi_stones_2530_1749847266984_cs4862

📤 Uploading [2520/2577]: images/1691/IMG_9241(2).jpg
   📁 File size: 5447KB, Attempt: 1/3
✅ Uploaded successfully: tatebayashi_stones_2531_1749847275660_j7dsen
💾 Progress saved (2507/2577 completed)

📤 Uploading [2521/2577]: images/1693/IMG_9239(2).jpg
   📁 File size: 4928KB, Attempt: 1/3
✅ Uploaded successfully: tatebayashi_stones_2532_1749847285453_pm182g

📤 Uploading [2522/2577]: images/1693/IMG_9242(1).jpg
   📁 File size: 5353KB, Attempt: 1/3
✅ Uploaded successfully: tatebayashi_stones_2533_1749847292307_9pcl8

📤 Uploading [2523/2577]: images/1693/IMG_9282(1).jpg
   📁 File size: 5444KB, Attempt: 1/3
✅ Uploaded successfully: tatebayashi_stones_2534_1749847297629_q2meit

📤 Uploading [2524/2577]: images/1695/IMG_9228(2).jpg
   📁 File size: 4963KB, Attempt: 1/3
✅ Uploaded successfully: tatebayashi_stones_2535_1749847302720_ku83dl

📤 Uploading [2525/2577]: images/1695/IMG_9292(1).jpg
   📁 File size: 4155KB, Attempt: 1/3
✅ Uploaded successfully: tatebayashi_stones_2536_1749847308027_re9mln
💾 Progress saved (2512/2577 completed)

📤 Uploading [2526/2577]: images/1692/IMG_9229(2).jpg
   📁 File size: 5241KB, Attempt: 1/3
✅ Uploaded successfully: tatebayashi_stones_2537_1749847313478_tkg9yr

📤 Uploading [2527/2577]: images/1692/IMG_9231(2).jpg
   📁 File size: 5571KB, Attempt: 1/3
✅ Uploaded successfully: tatebayashi_stones_2538_1749847318610_8bteo4

📤 Uploading [2528/2577]: images/1699/IMG_9308(1).jpg
   📁 File size: 5129KB, Attempt: 1/3
✅ Uploaded successfully: tatebayashi_stones_2539_1749847323516_cqkoj3

📤 Uploading [2529/2577]: images/1699/IMG_9309(1).jpg
   📁 File size: 4972KB, Attempt: 1/3
✅ Uploaded successfully: tatebayashi_stones_2540_1749847328455_83libr

📤 Uploading [2530/2577]: images/1700/IMG_9310(1).jpg
   📁 File size: 5120KB, Attempt: 1/3
✅ Uploaded successfully: tatebayashi_stones_2541_1749847333303_s9dmxn
💾 Progress saved (2517/2577 completed)

📤 Uploading [2531/2577]: images/1700/IMG_9311(1).jpg
   📁 File size: 4367KB, Attempt: 1/3
✅ Uploaded successfully: tatebayashi_stones_2542_1749847338312_za4k8

📤 Uploading [2532/2577]: images/2176/IMG_9267(1).jpg
   📁 File size: 4891KB, Attempt: 1/3
✅ Uploaded successfully: tatebayashi_stones_2543_1749847344504_w0afws

📤 Uploading [2533/2577]: images/2176/IMG_9268(1).jpg
   📁 File size: 5307KB, Attempt: 1/3
✅ Uploaded successfully: tatebayashi_stones_2544_1749847349188_yqz8w

📤 Uploading [2534/2577]: images/2176/IMG_9269(1).jpg
   📁 File size: 4841KB, Attempt: 1/3
✅ Uploaded successfully: tatebayashi_stones_2545_1749847354304_qk3l4

📤 Uploading [2535/2577]: images/1690/IMG_9270(1).jpg
   📁 File size: 5318KB, Attempt: 1/3
✅ Uploaded successfully: tatebayashi_stones_2546_1749847359279_simxle
💾 Progress saved (2522/2577 completed)

📤 Uploading [2536/2577]: images/1690/IMG_9271(1).jpg
   📁 File size: 4962KB, Attempt: 1/3
✅ Uploaded successfully: tatebayashi_stones_2547_1749847365686_yfznwo

📤 Uploading [2537/2577]: images/1696/IMG_9235(2).jpg
   📁 File size: 5314KB, Attempt: 1/3
✅ Uploaded successfully: tatebayashi_stones_2548_1749847370682_7rbmmf

📤 Uploading [2538/2577]: images/1696/IMG_9288(1).jpg
   📁 File size: 4085KB, Attempt: 1/3
✅ Uploaded successfully: tatebayashi_stones_2549_1749847376296_x9v5j8

📤 Uploading [2539/2577]: images/1709/IMG_9381(1).jpg
   📁 File size: 5726KB, Attempt: 1/3
✅ Uploaded successfully: tatebayashi_stones_2550_1749847381213_ahwj6

📤 Uploading [2540/2577]: images/1709/IMG_9382(1).jpg
   📁 File size: 3223KB, Attempt: 1/3
✅ Uploaded successfully: tatebayashi_stones_2551_1749847388609_345nh2
💾 Progress saved (2527/2577 completed)

📤 Uploading [2541/2577]: images/1709/IMG_9383(1).jpg
   📁 File size: 3432KB, Attempt: 1/3
✅ Uploaded successfully: tatebayashi_stones_2552_1749847394061_9bvnfd

📤 Uploading [2542/2577]: images/1712/IMG_9369(1).jpg
   📁 File size: 5871KB, Attempt: 1/3
✅ Uploaded successfully: tatebayashi_stones_2553_1749847400223_mkbc8

📤 Uploading [2543/2577]: images/1712/IMG_9372(1).jpg
   📁 File size: 5474KB, Attempt: 1/3
✅ Uploaded successfully: tatebayashi_stones_2554_1749847409711_ikircd

📤 Uploading [2544/2577]: images/1710/IMG_9553(1).jpg
   📁 File size: 5127KB, Attempt: 1/3
✅ Uploaded successfully: tatebayashi_stones_2555_1749847416032_qxrglt

📤 Uploading [2545/2577]: images/1710/IMG_9554(1).jpg
   📁 File size: 3421KB, Attempt: 1/3
✅ Uploaded successfully: tatebayashi_stones_2556_1749847421870_zo509t
💾 Progress saved (2532/2577 completed)

📤 Uploading [2546/2577]: images/1707/IMG_9380(1).jpg
   📁 File size: 5923KB, Attempt: 1/3
✅ Uploaded successfully: tatebayashi_stones_2557_1749847427542_e0n4r

📤 Uploading [2547/2577]: images/1711/IMG_9550(1).jpg
   📁 File size: 5741KB, Attempt: 1/3
✅ Uploaded successfully: tatebayashi_stones_2558_1749847433501_355hrc

📤 Uploading [2548/2577]: images/1711/IMG_9558(1).jpg
   📁 File size: 5208KB, Attempt: 1/3
✅ Uploaded successfully: tatebayashi_stones_2559_1749847441536_1tz2wx

📤 Uploading [2549/2577]: images/1708/IMG_9384(1).jpg
   📁 File size: 5079KB, Attempt: 1/3
✅ Uploaded successfully: tatebayashi_stones_2560_1749847446845_5xooq4

📤 Uploading [2550/2577]: images/619/IMG_9578(1).jpg
   📁 File size: 4590KB, Attempt: 1/3
✅ Uploaded successfully: tatebayashi_stones_2561_1749847452172_0hfbuh
💾 Progress saved (2537/2577 completed)

📤 Uploading [2551/2577]: images/2177/IMG_9224(2).jpg
   📁 File size: 3732KB, Attempt: 1/3
✅ Uploaded successfully: tatebayashi_stones_2562_1749847457668_96ir

📤 Uploading [2552/2577]: images/2177/IMG_9225(2).jpg
   📁 File size: 6183KB, Attempt: 1/3
✅ Uploaded successfully: tatebayashi_stones_2563_1749847465941_4n4wnb

📤 Uploading [2553/2577]: images/2178/IMG_9273(1).jpg
   📁 File size: 3507KB, Attempt: 1/3
✅ Uploaded successfully: tatebayashi_stones_2564_1749847471148_hppnma

📤 Uploading [2554/2577]: images/2178/IMG_9274(1).jpg
   📁 File size: 3749KB, Attempt: 1/3
✅ Uploaded successfully: tatebayashi_stones_2565_1749847476451_ggfqb5

📤 Uploading [2555/2577]: images/2179/IMG_9277(1).jpg
   📁 File size: 5334KB, Attempt: 1/3
✅ Uploaded successfully: tatebayashi_stones_2566_1749847481456_efw6in
💾 Progress saved (2542/2577 completed)

📤 Uploading [2556/2577]: images/2179/IMG_9278(1).jpg
   📁 File size: 5313KB, Attempt: 1/3
✅ Uploaded successfully: tatebayashi_stones_2567_1749847488245_01sol5

📤 Uploading [2557/2577]: images/2180/IMG_9275(1).jpg
   📁 File size: 4727KB, Attempt: 1/3
✅ Uploaded successfully: tatebayashi_stones_2568_1749847496351_1ss3sd

📤 Uploading [2558/2577]: images/2180/IMG_9276(1).jpg
   📁 File size: 3745KB, Attempt: 1/3
✅ Uploaded successfully: tatebayashi_stones_2569_1749847501778_6x4bdynh

📤 Uploading [2559/2577]: images/2181/IMG_9285(1).jpg
   📁 File size: 4927KB, Attempt: 1/3
✅ Uploaded successfully: tatebayashi_stones_2570_1749847507352_ayv6k

📤 Uploading [2560/2577]: images/2182/IMG_9370(1).jpg
   📁 File size: 5549KB, Attempt: 1/3
✅ Uploaded successfully: tatebayashi_stones_2571_1749847512965_0pppp
💾 Progress saved (2547/2577 completed)

📤 Uploading [2561/2577]: images/2182/IMG_9375(1).jpg
   📁 File size: 4932KB, Attempt: 1/3
✅ Uploaded successfully: tatebayashi_stones_2572_1749847522046_k099vm

📤 Uploading [2562/2577]: images/2183/IMG_9371(1).jpg
   📁 File size: 5660KB, Attempt: 1/3
✅ Uploaded successfully: tatebayashi_stones_2573_1749847528657_bnyo2

📤 Uploading [2563/2577]: images/2183/IMG_9373(1).jpg
   📁 File size: 5371KB, Attempt: 1/3
✅ Uploaded successfully: tatebayashi_stones_2574_1749847534042_couqec

📤 Uploading [2564/2577]: images/2183/IMG_9374(1).jpg
   📁 File size: 5973KB, Attempt: 1/3
✅ Uploaded successfully: tatebayashi_stones_2575_1749847539109_xy90a4

📤 Uploading [2565/2577]: images/2184/IMG_9376(1).jpg
   📁 File size: 3761KB, Attempt: 1/3
✅ Uploaded successfully: tatebayashi_stones_2576_1749847544695_qtpiew
💾 Progress saved (2552/2577 completed)

📤 Uploading [2566/2577]: images/2184/IMG_9377(1).jpg
   📁 File size: 4421KB, Attempt: 1/3
✅ Uploaded successfully: tatebayashi_stones_2577_1749847552468_paga3

📤 Uploading [2567/2577]: images/2184/IMG_9378(1).jpg
   📁 File size: 3012KB, Attempt: 1/3
✅ Uploaded successfully: tatebayashi_stones_2578_1749847560088_0mg71

📤 Uploading [2568/2577]: images/2185/IMG_9379(1).jpg
   📁 File size: 2620KB, Attempt: 1/3
✅ Uploaded successfully: tatebayashi_stones_2579_1749847565815_uv8tcb

📤 Uploading [2569/2577]: images/2186/IMG_9551(1).jpg
   📁 File size: 4921KB, Attempt: 1/3
✅ Uploaded successfully: tatebayashi_stones_2580_1749847572366_dj0kse

📤 Uploading [2570/2577]: images/2186/IMG_9556(1).jpg
   📁 File size: 4239KB, Attempt: 1/3
✅ Uploaded successfully: tatebayashi_stones_2581_1749847578281_vgf0kc
💾 Progress saved (2557/2577 completed)

📤 Uploading [2571/2577]: images/2186/IMG_9559(1).jpg
   📁 File size: 4169KB, Attempt: 1/3
✅ Uploaded successfully: tatebayashi_stones_2582_1749847584115_7igwwb

📤 Uploading [2572/2577]: images/2187/IMG_9552(1).jpg
   📁 File size: 5104KB, Attempt: 1/3
✅ Uploaded successfully: tatebayashi_stones_2583_1749847589518_9zhp2

📤 Uploading [2573/2577]: images/2187/IMG_9555(1).jpg
   📁 File size: 4488KB, Attempt: 1/3
✅ Uploaded successfully: tatebayashi_stones_2584_1749847598297_q7o16p

📤 Uploading [2574/2577]: images/2187/IMG_9557(1).jpg
   📁 File size: 4394KB, Attempt: 1/3
✅ Uploaded successfully: tatebayashi_stones_2585_1749847602916_5we4ja

📤 Uploading [2575/2577]: images/2188/IMG_3424.jpg
   📁 File size: 5226KB, Attempt: 1/3
✅ Uploaded successfully: tatebayashi_stones_2586_1749847607976_ggphef
💾 Progress saved (2562/2577 completed)

📤 Uploading [2576/2577]: images/2188/IMG_3425.jpg
   📁 File size: 3998KB, Attempt: 1/3
✅ Uploaded successfully: tatebayashi_stones_2587_1749847613848_jxngb

📤 Uploading [2577/2577]: images/2188/IMG_3426.jpg
   📁 File size: 4853KB, Attempt: 1/3
✅ Uploaded successfully: tatebayashi_stones_2588_1749847619496_z9od2t

🎉 Upload process completed!
✅ Successfully uploaded: 2564
❌ Failed uploads: 13
📊 Total processed: 2577

⚠️  Failed file IDs: 72, 86, 241, 242, 245, 249, 252, 253, 255, 256, 257, 258, 260
